severity,source,generated,width,height,kernel_at_640,native_kernel,angle_degrees,source_sha256,generated_sha256
light,DetectDataset_clean_v2/test/images/0005__aa871f1ff5e8efd7.jpg,DetectDataset_clean_v2_motion_blur/light/images/0005__aa871f1ff5e8efd7.png,640,640,3,3,0,aa871f1ff5e8efd7ffc68cf5b8022c111cea84682ed9624958aa6acf535fe757,9b4423b848db3c7e65ff1c70d941556d8742a273d993a1c81ecd8e374956bbc3
light,DetectDataset_clean_v2/test/images/0010__28fe9411ea009e7a.jpg,DetectDataset_clean_v2_motion_blur/light/images/0010__28fe9411ea009e7a.png,640,640,3,3,45,28fe9411ea009e7adbe830d04d47f3b71ecfa887740e14994f01ed10224e509f,3cd407660d6bbe58d60eccfb67b0acfd19911c9cc9b5ea4b37aa556f6e75ed61
light,DetectDataset_clean_v2/test/images/0025__d91cb569f572383c.jpg,DetectDataset_clean_v2_motion_blur/light/images/0025__d91cb569f572383c.png,640,640,3,3,45,d91cb569f572383cf80ca8dd324598ee40310d867cf4684965107e2c9e7f592a,e33dd3c96dd3b58ff252d632ca9af3aa82aa3638e9cc523ec09d26c21152f2d4
light,DetectDataset_clean_v2/test/images/0037__fbb9236390f81e06.jpg,DetectDataset_clean_v2_motion_blur/light/images/0037__fbb9236390f81e06.png,640,640,3,3,90,fbb9236390f81e06ec06be23c7e9b7403ab4719d23b4c479c92f12f12f6ab070,180de8ea0849835252e0adae4089a3f0a649f88e7211f3292dd61eacf67822f3
light,DetectDataset_clean_v2/test/images/0083__5bb83f7b65d68134.jpg,DetectDataset_clean_v2_motion_blur/light/images/0083__5bb83f7b65d68134.png,640,640,3,3,0,5bb83f7b65d68134e42105ebd411834dd2a62d38c1071b9d4dc40df0d6cf3c50,54beec69d8b17c4eb4935b7e3a183cee6ea035c9dbeedc5b3263f4cf46080063
light,DetectDataset_clean_v2/test/images/0225__fdbdf33169142e54.jpg,DetectDataset_clean_v2_motion_blur/light/images/0225__fdbdf33169142e54.png,640,640,3,3,135,fdbdf33169142e5434009873a9c4c1b3b9c5044f79b52cfb82d1661d12610177,c1fbcafcb5facb01376ecd841de4ce319d9ab86cdf2f30ed5c6b946fe17c164a
light,DetectDataset_clean_v2/test/images/0248__02e5f369eacddcaa.jpg,DetectDataset_clean_v2_motion_blur/light/images/0248__02e5f369eacddcaa.png,640,640,3,3,45,02e5f369eacddcaabb4ba920aab21f04b01e31a137e99871251504656dada814,811ceb0109fd8217711e8941a3f257c55dec14e3e8e3321dc389aa5a89526504
light,DetectDataset_clean_v2/test/images/0263__0a771e319bfc9dd6.jpg,DetectDataset_clean_v2_motion_blur/light/images/0263__0a771e319bfc9dd6.png,640,640,3,3,135,0a771e319bfc9dd61f185d9540f7dbf282f5a50a12b21e5413b583370b53eb05,d25f61aa66c3ed2f0de4972cf1fe751c1402766544f7598cadfeed71305550be
light,DetectDataset_clean_v2/test/images/0279__959433517c68b88d.jpg,DetectDataset_clean_v2_motion_blur/light/images/0279__959433517c68b88d.png,640,640,3,3,135,959433517c68b88d4785e1c43a26fff2d4d26621620d3dbc8fc6f8acc391c089,fd0d8728dd5db476227fdf0b8ac4ae759ffc4024baeb8e1ef9b56e3f15682bf8
light,DetectDataset_clean_v2/test/images/0281__380ff611f25a7b46.jpg,DetectDataset_clean_v2_motion_blur/light/images/0281__380ff611f25a7b46.png,640,640,3,3,135,380ff611f25a7b467ecaa71c77d89134ec24cd7ec46d150a46cba6ecd354c94b,97b244d46490a7f2fca991853f87c105e14825debc33be2c33872f8d93c01f9e
light,DetectDataset_clean_v2/test/images/0291__597de5e2b591573d.jpg,DetectDataset_clean_v2_motion_blur/light/images/0291__597de5e2b591573d.png,640,640,3,3,90,597de5e2b591573d7d3eecd443b54a02a04e1692e80f8778f4f64c54b2631a07,0e7496d533feb5948ae97240a583e8168bb570082bb98ce8477c0528e30a36ac
light,DetectDataset_clean_v2/test/images/03012017-dji-phantom-flying-sky-260nw-554568589__98caaae84a33eae5.jpg,DetectDataset_clean_v2_motion_blur/light/images/03012017-dji-phantom-flying-sky-260nw-554568589__98caaae84a33eae5.png,640,640,3,3,0,98caaae84a33eae53b160923e8f4e9988ace8fee3821671f7b790678555da712,ed015556e0adb914eff12dc97b12f5f886360896eb3752a9d8e3636a4d588a24
light,DetectDataset_clean_v2/test/images/03012017-dji-phantom-flying-sky-260nw-554568664__4c73ee1996b388b0.jpg,DetectDataset_clean_v2_motion_blur/light/images/03012017-dji-phantom-flying-sky-260nw-554568664__4c73ee1996b388b0.png,640,640,3,3,90,4c73ee1996b388b0fef48fad7d464e97468672e3ea926f8d4146e3971897e336,f04bb5154f0840f5ed3ddd67f33e9c111ce4ee12e8675df59b047af6106453c3
light,DetectDataset_clean_v2/test/images/0308__57a9318aa33104e0.jpg,DetectDataset_clean_v2_motion_blur/light/images/0308__57a9318aa33104e0.png,640,640,3,3,0,57a9318aa33104e03b0bff709298795a3f443db014447e117a4860287ac1e238,81fc05d2f39cfb089dca1471e247b9a478b57649b2e7d3e926fa9485cd46df10
light,DetectDataset_clean_v2/test/images/0321__535e6639180193dc.jpg,DetectDataset_clean_v2_motion_blur/light/images/0321__535e6639180193dc.png,640,640,3,3,45,535e6639180193dc3fb2ef431d22c1857876533d9dac1b6996a5a65df69ea2da,3702387e0939a780179418ebe9e518d81542002db99d9dc393e416125affd359
light,DetectDataset_clean_v2/test/images/0324__a7dc0c946e30ae69.jpg,DetectDataset_clean_v2_motion_blur/light/images/0324__a7dc0c946e30ae69.png,640,640,3,3,0,a7dc0c946e30ae69f64cc1d57627b602d9b61c7c3b6bbec92a77d26e070bf8a7,48fac377175851aa3c03b149cbdc54cad0cb0e520205cf058a88349f47bf8383
light,DetectDataset_clean_v2/test/images/09-february-2017-ufa-russia-260nw-1062076787__650abbf7d7f5f7a5.jpg,DetectDataset_clean_v2_motion_blur/light/images/09-february-2017-ufa-russia-260nw-1062076787__650abbf7d7f5f7a5.png,640,640,3,3,0,650abbf7d7f5f7a5549b9b09900df2cc24443d7b95640ad88da05742becbb4fe,9170f8415b7fd8329b69a114542f67c8bc35a220cfc6e17eb154fe1e422d5b48
light,DetectDataset_clean_v2/test/images/122__bd063d14408b12df.jpg,DetectDataset_clean_v2_motion_blur/light/images/122__bd063d14408b12df.png,640,640,3,3,45,bd063d14408b12dfb4e54d586a65a0c558ec88c80b0d98fd6a96126e9836ecc1,d9d7aebe9137a719435bdcb5618fc30078e4cede22e5c13385e96b40c7091865
light,DetectDataset_clean_v2/test/images/140__376aacbd48d1b1c2.jpg,DetectDataset_clean_v2_motion_blur/light/images/140__376aacbd48d1b1c2.png,640,640,3,3,0,376aacbd48d1b1c2cf9b23b374de4e3335014d17657db48579a66c29317f9cdb,8762f328ce61d16d880b8bbd5265557732965ad9a52befdd75647a04708bcc3d
light,DetectDataset_clean_v2/test/images/148__4e006be8fa6ae7d4.jpg,DetectDataset_clean_v2_motion_blur/light/images/148__4e006be8fa6ae7d4.png,640,640,3,3,135,4e006be8fa6ae7d481c3764f46cf506ca25be362cd75c1a5ea03b797e7c66763,6ff210454b0cd2d1d9e47c3473ad47fb3e65bb668c7ec01625726a13a797386d
light,DetectDataset_clean_v2/test/images/158__b64ccd41b29407e3.jpg,DetectDataset_clean_v2_motion_blur/light/images/158__b64ccd41b29407e3.png,640,640,3,3,135,b64ccd41b29407e37c728b592a53d69e3bb81d46a8748023934fe46634f0350a,b444163099713a0ae00af465c5c621630539747cf700052d717b03567a997730
light,DetectDataset_clean_v2/test/images/167__d57bbb907a3a5a10.jpg,DetectDataset_clean_v2_motion_blur/light/images/167__d57bbb907a3a5a10.png,640,640,3,3,90,d57bbb907a3a5a10b8776fefdbb265a7c5acf4739f36f31f99e4e127db0b8a33,de495d3a8eac8917348cd69f8ad355fc585e7afe710263f3a605c93b641d2250
light,DetectDataset_clean_v2/test/images/181__a5d5cd548b35a010.jpg,DetectDataset_clean_v2_motion_blur/light/images/181__a5d5cd548b35a010.png,640,640,3,3,135,a5d5cd548b35a010274abcf3481ae5d4e1ef3a927874cec773cd95102b8bd617,02bad9131d16b9fef0a6cba64be35d35bed62cde69207a7a6caffd9cb2dc019a
light,DetectDataset_clean_v2/test/images/182__11623165f55aa6a1.jpg,DetectDataset_clean_v2_motion_blur/light/images/182__11623165f55aa6a1.png,640,640,3,3,0,11623165f55aa6a15fd4e7f0604a65b2e5f02801e66113baca73c16a0ec214e8,77e9e801b98edc119f6bd0fe3b2e6a21a956efea0900b09ad9479cf860d3c5d6
light,DetectDataset_clean_v2/test/images/198__2b069db6a93beea2.jpg,DetectDataset_clean_v2_motion_blur/light/images/198__2b069db6a93beea2.png,640,640,3,3,0,2b069db6a93beea284adeac7716233964e2c522e5e438c6d10e465d3a8d67c33,56f657f12fe2681ada0578c6ac706c85872730509512f65d3115dc48e28b381a
light,DetectDataset_clean_v2/test/images/198__997a3aba7bb7473d.jpg,DetectDataset_clean_v2_motion_blur/light/images/198__997a3aba7bb7473d.png,640,640,3,3,135,997a3aba7bb7473d2486b89990b63401ca7b6c58c44f0e3e8ce603710e7061fb,9309745ccfd8699ace4e95e8fe6c13cd562f5a89ea60cd048371e007ba7134e8
light,DetectDataset_clean_v2/test/images/221__468d93c10a623a73.jpg,DetectDataset_clean_v2_motion_blur/light/images/221__468d93c10a623a73.png,640,640,3,3,135,468d93c10a623a735c50c41d44aa5a44592886906f118158f8d398159b342aeb,9e371e8845a3e786a8b566c2bc2de291c1e795c051bf7dec8e99d3a1c37d18d6
light,DetectDataset_clean_v2/test/images/22__3e3bdfa402d987be.jpg,DetectDataset_clean_v2_motion_blur/light/images/22__3e3bdfa402d987be.png,640,640,3,3,0,3e3bdfa402d987be323ab7a83e85ac0a4940acd77992fa6413223c8d72ec22b8,3864ed7ce5e50ad4b875e920a904ebdf170b262f2a46890f61a323c16f0402ab
light,DetectDataset_clean_v2/test/images/22__8763b483fe709c57.jpg,DetectDataset_clean_v2_motion_blur/light/images/22__8763b483fe709c57.png,640,640,3,3,45,8763b483fe709c57ccadbab01dd7f95debe22e7847ab1d48e91387bdd9899198,705edb11b0d3c31978227db1318fd3e8a4f6948556301e2c78f7d67bec06c6fd
light,DetectDataset_clean_v2/test/images/259__d726be559a1e5c59.jpg,DetectDataset_clean_v2_motion_blur/light/images/259__d726be559a1e5c59.png,640,640,3,3,45,d726be559a1e5c594b7b8cf96b16552f5af882760e0a025e3673514785feb28d,b22f7c1121101d0298a8635ab7720b76e1cd5e79b6953674e1c5de95e6582059
light,DetectDataset_clean_v2/test/images/259__e4b81d66ff0ba2e0.jpg,DetectDataset_clean_v2_motion_blur/light/images/259__e4b81d66ff0ba2e0.png,640,640,3,3,45,e4b81d66ff0ba2e037abdef9f7646816f24ef60311aba5a88a58d1498292a883,5a32265d928cd6621601b38ca2441ce797547f88ffd9968128be2e7ee13ec337
light,DetectDataset_clean_v2/test/images/273__d4d588c53ed2358a.jpg,DetectDataset_clean_v2_motion_blur/light/images/273__d4d588c53ed2358a.png,640,640,3,3,90,d4d588c53ed2358ac9df77d801a7afc4dca8ddf42868c39a40adeeb7469f8c4e,a270b0f10f8b1d8954729597e96d0e76656083c7b0537b7dfd23dbfecaebeb09
light,DetectDataset_clean_v2/test/images/273__f254036982f67bf8.jpg,DetectDataset_clean_v2_motion_blur/light/images/273__f254036982f67bf8.png,640,640,3,3,0,f254036982f67bf8a37e56c67bd790945175f299679df41732a194aa87e6497a,d1ee627e2da7666eb8e1a94e9c326e573db5c53ef3cf270938006619f8e5710d
light,DetectDataset_clean_v2/test/images/278__2a8c97f246756125.jpg,DetectDataset_clean_v2_motion_blur/light/images/278__2a8c97f246756125.png,640,640,3,3,0,2a8c97f246756125445b3c9a5bf345697a038f04227e3e61d3ac5ea77206c699,0cb853fff862f1e287bb5cf83d9e8dd3c2b9e1ff53e401fba0410f7902a78117
light,DetectDataset_clean_v2/test/images/293__84d7823b8dbb1106.jpg,DetectDataset_clean_v2_motion_blur/light/images/293__84d7823b8dbb1106.png,640,640,3,3,90,84d7823b8dbb1106856e3234b325b2d581217160a9d6967fc4d14b45116e6aff,38c51208ccad46fad29d0a14623f34af7bda212deaddf8eba5ac90362292a4d5
light,DetectDataset_clean_v2/test/images/293__ad2501f458321f04.jpg,DetectDataset_clean_v2_motion_blur/light/images/293__ad2501f458321f04.png,640,640,3,3,90,ad2501f458321f0429e22158c39518cbfe533816a133c843a6c21b9682a3b322,600946501bc6bee8574dbcf7081ca4baa411d99c9b1cf1e54e8ce66d58b668d4
light,DetectDataset_clean_v2/test/images/295__767b721c5ae5a2cb.jpg,DetectDataset_clean_v2_motion_blur/light/images/295__767b721c5ae5a2cb.png,640,640,3,3,90,767b721c5ae5a2cbad97b8d541f0e2e1aba2b07fb6d858802d2d6e4500a7da5d,e114fdac67f6ab95869333e0f875740b34af53c51ab14ca883922c71bd7462dd
light,DetectDataset_clean_v2/test/images/298__9009589d436723ed.jpg,DetectDataset_clean_v2_motion_blur/light/images/298__9009589d436723ed.png,640,640,3,3,135,9009589d436723ed79ea4cbb84139efcbb69db3ee262761a6e2828aec2548ab8,ed7bfe303666d4b2c6989f8c73af4af3b9c1ad495bd8978af1cb535c37d9fa5d
light,DetectDataset_clean_v2/test/images/298__b65d77d4c3be0668.jpg,DetectDataset_clean_v2_motion_blur/light/images/298__b65d77d4c3be0668.png,640,640,3,3,90,b65d77d4c3be06684c66b8191609b0aa7981e57ce5aa914f17617e987003a776,1e2940a064aad05c7c8e64f35a3f7762612d3de21f5fec6849b2629a03324e6a
light,DetectDataset_clean_v2/test/images/304__2835d0d122a23c98.jpg,DetectDataset_clean_v2_motion_blur/light/images/304__2835d0d122a23c98.png,640,640,3,3,135,2835d0d122a23c98dbeea97b1bacdc8de8b2505056243da004d9da00c2d4a964,d661e087f4226a19ee84ddd19301e4f1a2d763d99d1354fc94f84be277aed2e3
light,DetectDataset_clean_v2/test/images/310__f7271036151162c5.jpg,DetectDataset_clean_v2_motion_blur/light/images/310__f7271036151162c5.png,640,640,3,3,45,f7271036151162c582f77ada81dfa513be696fdd75fb1677f2e785d53bf78a72,d2ff39d67a2c72d8db67630d58cd5ff851a0352e9f72e92a9e6de5e6c1e15fad
light,DetectDataset_clean_v2/test/images/316__581699c698a1df49.jpg,DetectDataset_clean_v2_motion_blur/light/images/316__581699c698a1df49.png,640,640,3,3,45,581699c698a1df49018b12e146bf673f9ccc6e640810433d994230a03d6a14c2,16d94e8179b94546dd0279c2e37deb0baa78ac52056a4dda64be230dff436e05
light,DetectDataset_clean_v2/test/images/319__1d9786b7a6c58d09.jpg,DetectDataset_clean_v2_motion_blur/light/images/319__1d9786b7a6c58d09.png,640,640,3,3,135,1d9786b7a6c58d09b39d699bf9336a041e51a98165a732905885ff66ad994cbf,f37cff2af4a34c49a53d94d13f0bd538a838e82fd289afdeac81698ed3ed9047
light,DetectDataset_clean_v2/test/images/31__9a36612bf0b40798.jpg,DetectDataset_clean_v2_motion_blur/light/images/31__9a36612bf0b40798.png,640,640,3,3,0,9a36612bf0b40798f2a356e144ef3a5cd500a2b8af532008d7182b9c3254b6a1,0730e604cdf41d6476e941b416dba04b0e54d0b094462823fabccda14fabd39a
light,DetectDataset_clean_v2/test/images/32__6cb48d04b9498db0.jpg,DetectDataset_clean_v2_motion_blur/light/images/32__6cb48d04b9498db0.png,640,640,3,3,45,6cb48d04b9498db07c7960b3b528aa6ad8499c00368b0e5e44015637c4b4e4a4,66beec36887257298a6000c4e510b94f1e587183e84e97e29ca204dfb14d24b0
light,DetectDataset_clean_v2/test/images/338__dc542c16fc3e21f0.jpg,DetectDataset_clean_v2_motion_blur/light/images/338__dc542c16fc3e21f0.png,640,640,3,3,135,dc542c16fc3e21f05717507f6ba0d81bb0923cdc241f6d5902b92a49a620b188,a2282415cc74a83372fa78b954ddde2a50715efcf48a17d656110c9562c24c19
light,DetectDataset_clean_v2/test/images/50__499a2c311beadb62.jpg,DetectDataset_clean_v2_motion_blur/light/images/50__499a2c311beadb62.png,640,640,3,3,135,499a2c311beadb62b824dd83e9314b26f3ba2c7556f3929ab4dda11c56ca6064,1bff08828d340cc2b4939e78da3e3a04bc7849d84fad3aa8841df92acdff4c8e
light,DetectDataset_clean_v2/test/images/54__70fa80faef8da7a0.jpg,DetectDataset_clean_v2_motion_blur/light/images/54__70fa80faef8da7a0.png,640,640,3,3,135,70fa80faef8da7a08ab315cce5f75751dd5e0b93756fe357c3a36e113f131e09,6b6fd6a2ef69c4c3b8d5741115383dd9c594787ecd351027500907a2c2a05c88
light,DetectDataset_clean_v2/test/images/54__9703ee162bf445c9.jpg,DetectDataset_clean_v2_motion_blur/light/images/54__9703ee162bf445c9.png,640,640,3,3,0,9703ee162bf445c9da21349ecbea44242c06e49952676efec3b9fe5fdc7ca6a3,c70a70e64533bbecb0df7a3c1b88b12fc7c1c6d28b7037bb1233ce95aca84d99
light,DetectDataset_clean_v2/test/images/56__8953c8e8f0a3a1b4.jpg,DetectDataset_clean_v2_motion_blur/light/images/56__8953c8e8f0a3a1b4.png,640,640,3,3,90,8953c8e8f0a3a1b4502605c8b371f784408717e313dd62f100a34254ea6b4243,6c2413d04dab8604a3f8c22f3d34d49b18f4c6882d94efa2b19c3b6c1d8ff583
light,DetectDataset_clean_v2/test/images/58__6d38ba767c237e8e.jpg,DetectDataset_clean_v2_motion_blur/light/images/58__6d38ba767c237e8e.png,640,640,3,3,45,6d38ba767c237e8e12c0880bd3003db1184d5a69154350e0f9024ca174b57224,60e84bab7d377de523f31a112763b0470392be6142c2e7932f3c7021e8fa5d3d
light,DetectDataset_clean_v2/test/images/80__f3878782baca7df7.jpg,DetectDataset_clean_v2_motion_blur/light/images/80__f3878782baca7df7.png,640,640,3,3,135,f3878782baca7df7b6d00e5c40288b0b61e85b85ebb907355dbdd447102f2b98,3fa94c0011e5aa408a4a9c163c5ae712701ec597767c6c25c3f7679ab759d8ea
light,DetectDataset_clean_v2/test/images/93__020e74ca2e03e9f0.jpg,DetectDataset_clean_v2_motion_blur/light/images/93__020e74ca2e03e9f0.png,640,640,3,3,45,020e74ca2e03e9f0e1a03565c01e5d40b06e87c31d5279fba1e843156ffb4488,9061cf2dd598d4a93111cf4def01a1c50a253f890e558263db5810c56f760e0e
light,DetectDataset_clean_v2/test/images/action-260nw-619858790__b0e2b13a73c82756.jpg,DetectDataset_clean_v2_motion_blur/light/images/action-260nw-619858790__b0e2b13a73c82756.png,640,640,3,3,45,b0e2b13a73c827560855f541fe713c93f48a6808cc0383892c44b2fb81396b88,50dd725ebe4f0e6319e849b4ace6e2f5ca6dc2389863953c4ca5fc358d75216a
light,DetectDataset_clean_v2/test/images/astana-kazakhstan-december-18-2017-260nw-778116880__829a8b627653e6ea.jpg,DetectDataset_clean_v2_motion_blur/light/images/astana-kazakhstan-december-18-2017-260nw-778116880__829a8b627653e6ea.png,640,640,3,3,135,829a8b627653e6eac109287768b76472484002f20afbda1d6d0b87747a4ca113,ff0a2ce36d4d858ffabcd7df98595979837c85bd7c6d0cb3a4054126681adc3c
light,DetectDataset_clean_v2/test/images/astana-kazakhstan-september-2-2017-260nw-721055803__64fd4d07741ee732.jpg,DetectDataset_clean_v2_motion_blur/light/images/astana-kazakhstan-september-2-2017-260nw-721055803__64fd4d07741ee732.png,640,640,3,3,45,64fd4d07741ee7326df676fc97664d5d4d3120d4c2d7f898d3fcb701eb7a7a84,5b0818694128dab312fb5ecefbc77e0b588e2dbd761e2c76d422ad058ab1fb00
light,DetectDataset_clean_v2/test/images/astana-kazakhstan-september-2-2017-260nw-721055809__a96fcdcd6e2a2f85.jpg,DetectDataset_clean_v2_motion_blur/light/images/astana-kazakhstan-september-2-2017-260nw-721055809__a96fcdcd6e2a2f85.png,640,640,3,3,90,a96fcdcd6e2a2f853b8a37eb295708dc2595f2ace999553ef54d318e5f3553f6,ad5c7bba61fddfb53ecb542d63cd3321b8e7238553d4f61a0e8db0a876960345
light,DetectDataset_clean_v2/test/images/astana-kazakhstan-september-2-2017-260nw-721055815__8a2b2398afcfee0f.jpg,DetectDataset_clean_v2_motion_blur/light/images/astana-kazakhstan-september-2-2017-260nw-721055815__8a2b2398afcfee0f.png,640,640,3,3,0,8a2b2398afcfee0f235c5878f3d5616f79b65066aa084fa6cef6c5656ae20d11,234e6858f206cf50fb7b07ab01347f97873d31df6b13ba346e10610a76c98bb7
light,DetectDataset_clean_v2/test/images/astana-kazakhstan-september-2-2017-260nw-726603313__3a95cd3d535fbb7c.jpg,DetectDataset_clean_v2_motion_blur/light/images/astana-kazakhstan-september-2-2017-260nw-726603313__3a95cd3d535fbb7c.png,640,640,3,3,45,3a95cd3d535fbb7cb35ad9358ab593921c1c6ec9a03d2ea41311f2e44abf1936,faf40dabb856ea4fffe8caa5e5fed273125ff7b87225d79b5c94a38bbcd12935
light,DetectDataset_clean_v2/test/images/august-24-2017-labuan-malaysia-260nw-702821578__a9230eeee9963b8f.jpg,DetectDataset_clean_v2_motion_blur/light/images/august-24-2017-labuan-malaysia-260nw-702821578__a9230eeee9963b8f.png,640,640,3,3,90,a9230eeee9963b8f6cb01a10019db299d241deee3d6b0543b2ccf06120e47f77,6788dbedabf4b39a54c17bcbd4a225a1178730e0c5128338a364fac54380640f
light,DetectDataset_clean_v2/test/images/august-24-2017-labuan-malaysia-260nw-705711541__79d196ea22b42910.jpg,DetectDataset_clean_v2_motion_blur/light/images/august-24-2017-labuan-malaysia-260nw-705711541__79d196ea22b42910.png,640,640,3,3,90,79d196ea22b4291032960c6ad254c503aa065b20f4d6eab188c6e6f2c4f4d6bc,70da6ca676c44bb1412e1006995e41f8f51e40194cb7b5d3ff3c806d5287abd9
light,DetectDataset_clean_v2/test/images/august-24-2017-labuan-malaysia-260nw-706015858__f01af21c71ea4ea3.jpg,DetectDataset_clean_v2_motion_blur/light/images/august-24-2017-labuan-malaysia-260nw-706015858__f01af21c71ea4ea3.png,640,640,3,3,135,f01af21c71ea4ea3e32dc95f18f136a7ac61cfc43c3c642dbb56622973a46601,1b643a9bcff36a8ad1aa1408bec120abdbe69ed5f84dc1574d302915f7c80225
light,DetectDataset_clean_v2/test/images/august-24-2017-labuan-malaysia-260nw-710602138__ceeffb8223a540fa.jpg,DetectDataset_clean_v2_motion_blur/light/images/august-24-2017-labuan-malaysia-260nw-710602138__ceeffb8223a540fa.png,640,640,3,3,0,ceeffb8223a540fafca19df81a8617d8b5807b2a3f09a8120e5696a2304aad92,afe3f53c7f7fcdebd2ea8d02bb3c52aaf088b25f1d892ab8d85013f7719b5332
light,DetectDataset_clean_v2/test/images/bangkok-thailand-14-march-2018-260nw-1067035427__efac6cfffdcb81a6.jpg,DetectDataset_clean_v2_motion_blur/light/images/bangkok-thailand-14-march-2018-260nw-1067035427__efac6cfffdcb81a6.png,640,640,3,3,135,efac6cfffdcb81a60b9ea3b9e0dc9cd69e2ea24f49cd6d21e9c0d6adf34056ce,c16ff88112cacbf2ba43febe07ecfe7700100903613cda3c501e3d0d5efe1431
light,DetectDataset_clean_v2/test/images/bangkok-thailand-july-2018-dji-260nw-1135433624__af821d0eea8073ff.jpg,DetectDataset_clean_v2_motion_blur/light/images/bangkok-thailand-july-2018-dji-260nw-1135433624__af821d0eea8073ff.png,640,640,3,3,90,af821d0eea8073ff025388bb4787f3aba75ade5d7e7cf17dffb097d760463950,2fb63d29d804becf7ce9afe434a9ca34e78115c6ce9a8dc3f06de6b5ccf55c23
light,DetectDataset_clean_v2/test/images/bangkok-thailand-june-18-2016-260nw-438990652__da0f9cd58a6e2053.jpg,DetectDataset_clean_v2_motion_blur/light/images/bangkok-thailand-june-18-2016-260nw-438990652__da0f9cd58a6e2053.png,640,640,3,3,135,da0f9cd58a6e20531f436dc577c49df014096e36b41eea8d8d7063a4095b634b,84835699fb32c8fe427339f83ed14fb5966bfaab8cf85a64806a37f94d25c56a
light,DetectDataset_clean_v2/test/images/bangkok-thailand-june-18-2016-260nw-438992608__b42e38c0b443fee6.jpg,DetectDataset_clean_v2_motion_blur/light/images/bangkok-thailand-june-18-2016-260nw-438992608__b42e38c0b443fee6.png,640,640,3,3,135,b42e38c0b443fee6ce6d33ae905cc44ddbcef6c0aa913e90a3f85438dfc0d752,f71cc4a485756e6bc4af8f526161aa400c28af1486a98e4c158185d05169e7d7
light,DetectDataset_clean_v2/test/images/bangkok-thailand-june-18-2016-260nw-438993433__6854cf2b58a101c4.jpg,DetectDataset_clean_v2_motion_blur/light/images/bangkok-thailand-june-18-2016-260nw-438993433__6854cf2b58a101c4.png,640,640,3,3,0,6854cf2b58a101c46f19750e328094885037e2080bdd871a4f7c5d0ad3ce1d87,99b5662dedde91f72bb21d33c0d4cbe36aad391acdb0a754310d70efbcd176ab
light,DetectDataset_clean_v2/test/images/bangkok-thailand-november-14-2016-260nw-517889428__4a4424055c7b14c1.jpg,DetectDataset_clean_v2_motion_blur/light/images/bangkok-thailand-november-14-2016-260nw-517889428__4a4424055c7b14c1.png,640,640,3,3,135,4a4424055c7b14c1883828ffcb57910672835fcdb7dfa6c4d2006e0696898c90,4009ea159132cbce34580f8f0a8d7d81db79a1c03ca4c13d5e40ee6e34334292
light,DetectDataset_clean_v2/test/images/bangkok-thailand-october-10-2017-260nw-731452612__9ba0afef6dbd81c5.jpg,DetectDataset_clean_v2_motion_blur/light/images/bangkok-thailand-october-10-2017-260nw-731452612__9ba0afef6dbd81c5.png,640,640,3,3,90,9ba0afef6dbd81c5028e0884be890064fed058bc946f3b4e5654e03eb733dcf7,74c1313d8427e97eb0008f438c978045cc0b5a940c57b1439c663f00ed6f8766
light,DetectDataset_clean_v2/test/images/bangkok-thailand-october-10-2017-260nw-732614458__c30e59d3cfc54f47.jpg,DetectDataset_clean_v2_motion_blur/light/images/bangkok-thailand-october-10-2017-260nw-732614458__c30e59d3cfc54f47.png,640,640,3,3,135,c30e59d3cfc54f47d56d43f898221b0113068e4154aad9dd354fd86496a42e98,4981b33d710371ea9974b9ccddeeb0e90ba34880b955ebc51adc84dfb82fc91d
light,DetectDataset_clean_v2/test/images/bangkok-thailand-october-13-2016-260nw-497856520__223c007af5e553de.jpg,DetectDataset_clean_v2_motion_blur/light/images/bangkok-thailand-october-13-2016-260nw-497856520__223c007af5e553de.png,640,640,3,3,45,223c007af5e553dec15f6950699be905fea621c5340f95f1f7c449e0585d46e1,8be8b07a6f67ceafbd5af1552cfd92f616293852f043349f6145a8e3113dd73d
light,DetectDataset_clean_v2/test/images/bangkok-thailand-october-13-2016-260nw-497856532__f8aac5923499fadf.jpg,DetectDataset_clean_v2_motion_blur/light/images/bangkok-thailand-october-13-2016-260nw-497856532__f8aac5923499fadf.png,640,640,3,3,135,f8aac5923499fadf01562633a78c0af29363c96099bfdea8d8cd3cc22a49da60,a7e1d713c5e54606ef7611cabfeb1cf691dbb0230e74ee82ea2c5c06e99d3b80
light,DetectDataset_clean_v2/test/images/bangkok-thailandmay-16-2016-drone-260nw-421674307__7b309938b56e4416.jpg,DetectDataset_clean_v2_motion_blur/light/images/bangkok-thailandmay-16-2016-drone-260nw-421674307__7b309938b56e4416.png,640,640,3,3,90,7b309938b56e4416bf99d9db5bed4de0724ded0b81faebf4939db0539a7b4ab1,74b04ccb08409bc47ea330ff8e4ca8fb80c9819f52d9007bfe049187ed718903
light,DetectDataset_clean_v2/test/images/bangkok-thailandmay-16-2016-drone-260nw-421674430__65ff6c4b8455726a.jpg,DetectDataset_clean_v2_motion_blur/light/images/bangkok-thailandmay-16-2016-drone-260nw-421674430__65ff6c4b8455726a.png,640,640,3,3,90,65ff6c4b8455726a95dd7ae27aecf20310faba467540b21f1b3258ea927a3edd,0ce6a0ca69866066201dc0787bd037ce605093a8b3c0f5f39f82a3d836afdbae
light,DetectDataset_clean_v2/test/images/berlin-germany-june-06-2017-260nw-682553632__2750cab30b8dcad4.jpg,DetectDataset_clean_v2_motion_blur/light/images/berlin-germany-june-06-2017-260nw-682553632__2750cab30b8dcad4.png,640,640,3,3,0,2750cab30b8dcad44228b1ce194f740cc040d0d90c29be6fb8f47619026957ee,4c063c9e330d63db174ffc1d4d9706103d64dc5efbf6684a39c8d1b057b1d5bc
light,DetectDataset_clean_v2/test/images/bethesda-md-november-10-2017-260nw-753012529__d36098936894592a.jpg,DetectDataset_clean_v2_motion_blur/light/images/bethesda-md-november-10-2017-260nw-753012529__d36098936894592a.png,640,640,3,3,90,d36098936894592acab0914ab005e1a46ab958d0e4429fa44386905a636e453e,1e2961ebfac03bd47744704dbadca998e0c639189c9a71f020950833b7cc5066
light,DetectDataset_clean_v2/test/images/big-narrows-poudre-canyon-co-260nw-397931353__04daae0789e195b1.jpg,DetectDataset_clean_v2_motion_blur/light/images/big-narrows-poudre-canyon-co-260nw-397931353__04daae0789e195b1.png,640,640,3,3,135,04daae0789e195b16fd432c75c90f2ee5d0bf2b1f66eb5a08859ff7c0e62d180,a1d964a616732f7e544da815e94f1804545e0f877927cddc58ed5f7e60cb1960
light,DetectDataset_clean_v2/test/images/chanburi-thailand-11-april-2017-260nw-625760885__420e3e396cf24d4f.jpg,DetectDataset_clean_v2_motion_blur/light/images/chanburi-thailand-11-april-2017-260nw-625760885__420e3e396cf24d4f.png,640,640,3,3,0,420e3e396cf24d4f464ab6f87c362b1e40340a237421c7731a29ddd1754cffaa,907e4392e453b0a36da43bd92e617bd2d3b5291496b3c79cf83a831772713bd6
light,DetectDataset_clean_v2/test/images/chanburi-thailand-11-april-2017-260nw-633128861__25c954302e50c824.jpg,DetectDataset_clean_v2_motion_blur/light/images/chanburi-thailand-11-april-2017-260nw-633128861__25c954302e50c824.png,640,640,3,3,45,25c954302e50c824c5e02ca0e3d7712bea88c71493cd6e92709e0ddded775c82,7ef7086739386c681648e13d942b0c91e4e23116bf932fde5e2ffeaf29dbbcdb
light,DetectDataset_clean_v2/test/images/cherkasst-ukraina-june-17-2016white-260nw-457842415__281262b121be43c4.jpg,DetectDataset_clean_v2_motion_blur/light/images/cherkasst-ukraina-june-17-2016white-260nw-457842415__281262b121be43c4.png,640,640,3,3,135,281262b121be43c4c7cf8e4f1a767f760e63ef84b8899fe238a0b8a05acc9396,1f178051b5fda35168540f34244b271b3819941f861db8a5291c32582c1d4cc7
light,DetectDataset_clean_v2/test/images/chiang-mai-thailand-jan-23-260nw-446130538__8543d154c95fa7af.jpg,DetectDataset_clean_v2_motion_blur/light/images/chiang-mai-thailand-jan-23-260nw-446130538__8543d154c95fa7af.png,640,640,3,3,90,8543d154c95fa7af90f0d34a00aa8d0ffcfdaa5257fa728b6403e91e0af86a92,c688770796e8c46d3b5019ea86f0cc78f959273426449da32c3434c59fd76b83
light,DetectDataset_clean_v2/test/images/chiang-mai-thailand-october-13-260nw-501699415__ae59f9fcbac968db.jpg,DetectDataset_clean_v2_motion_blur/light/images/chiang-mai-thailand-october-13-260nw-501699415__ae59f9fcbac968db.png,640,640,3,3,90,ae59f9fcbac968db56ec416a7e60799b13bc0d578de7f315fea9d7da67aeafb3,1a43c0cf256aeee417bfd25b4d50ac43d2339dec2b09c05a4f80b09f26cdf6a2
light,DetectDataset_clean_v2/test/images/chiang-maithailand-july-11-2015-260nw-444993292__98d1325591bbd06b.jpg,DetectDataset_clean_v2_motion_blur/light/images/chiang-maithailand-july-11-2015-260nw-444993292__98d1325591bbd06b.png,640,640,3,3,135,98d1325591bbd06b730d40d385f8f9d9d4f45e3dda9d21ff6fbeadd534141fd8,1a62f60feb099d79b65b98b2bc384a887ffa036966448063567d0b972ec3675e
light,DetectDataset_clean_v2/test/images/chon-buri-thailand-june-24-260nw-1124858261__6fc3753d5b7163cf.jpg,DetectDataset_clean_v2_motion_blur/light/images/chon-buri-thailand-june-24-260nw-1124858261__6fc3753d5b7163cf.png,640,640,3,3,45,6fc3753d5b7163cf57e803d7c756622d2810bf81df5f729fe970dbff23943f20,f66ab08c15f7218dba0c0bc04c56a3e4a0f2cd05712160b6ad83ca0eb9b610e6
light,DetectDataset_clean_v2/test/images/chon-buri-thailand-june-24-260nw-1124858276__b2b14b2426bbedcd.jpg,DetectDataset_clean_v2_motion_blur/light/images/chon-buri-thailand-june-24-260nw-1124858276__b2b14b2426bbedcd.png,640,640,3,3,135,b2b14b2426bbedcd6148ff60e1f609a2487e6c5cf298a4eb45759ad844577e82,5aa05b81773186b8676bc5d2803ff391f6f4ea42f9203e9365b526718ae7a097
light,DetectDataset_clean_v2/test/images/circa-february-1-2016-dji-260nw-370639601__fff5d46617241b47.jpg,DetectDataset_clean_v2_motion_blur/light/images/circa-february-1-2016-dji-260nw-370639601__fff5d46617241b47.png,640,640,3,3,90,fff5d46617241b479e551b5193cf4dbf253bf862bb6137f8dcf5304349fc34f0,042cb20ecfe66a6d9beecf6a727ff99936f1a10d5fcdda1afd55d765aef42c4e
light,DetectDataset_clean_v2/test/images/circa-january-27-2016-dji-260nw-369526988__9f741151df8392e7.jpg,DetectDataset_clean_v2_motion_blur/light/images/circa-january-27-2016-dji-260nw-369526988__9f741151df8392e7.png,640,640,3,3,45,9f741151df8392e724216d5c942b39b6befbe1c9b10e6e43dcb2b79c57829d1b,ca6e0dd18b7863a1f8a330ec17644cd33f213e9358a89533d83a7ae9cd766679
light,DetectDataset_clean_v2/test/images/davao-city-2014-drone-hovers-260nw-732452323__55223a428f84d386.jpg,DetectDataset_clean_v2_motion_blur/light/images/davao-city-2014-drone-hovers-260nw-732452323__55223a428f84d386.png,640,640,3,3,45,55223a428f84d3861165ef7213cea254d260e4fdd432cd8cae6f4a9629813dd7,4e7acfaf68ff0a45ee96f263fe6efd0e87fff31ef9889560d2d3455c4a0703ee
light,DetectDataset_clean_v2/test/images/dji-mavic-air-flat-layout-260nw-1038880138__bb6cca070644543d.jpg,DetectDataset_clean_v2_motion_blur/light/images/dji-mavic-air-flat-layout-260nw-1038880138__bb6cca070644543d.png,640,640,3,3,0,bb6cca070644543d3856a248c7692c54d59c0f88e7fbaa927fb90762cb848202,40d18c688481cb321160499b9a4d7d5e06ead71c0093bc0631d7915df345cb21
light,DetectDataset_clean_v2/test/images/dji-mavic-pro-drone-moscow-260nw-1028056351__4cba3b8be9ace58a.jpg,DetectDataset_clean_v2_motion_blur/light/images/dji-mavic-pro-drone-moscow-260nw-1028056351__4cba3b8be9ace58a.png,640,640,3,3,45,4cba3b8be9ace58a6dc2e7c7314ed8ddd0cbb1d582c82efa1f056cb7e53427d8,00ade940feced3c516ddafde6674950e82bd9f61ccbccbdd8d6ae1a639682c99
light,DetectDataset_clean_v2/test/images/dji-mavic-pro-drone-moscow-260nw-1049231243__323ba26119208ea0.jpg,DetectDataset_clean_v2_motion_blur/light/images/dji-mavic-pro-drone-moscow-260nw-1049231243__323ba26119208ea0.png,640,640,3,3,135,323ba26119208ea0891edef6396f0382f2f5b42d36cecd14ed037ae7c3245648,88e561afac7f98b144c56f285acbba2d04845dd6b82456756484549115185bfa
light,DetectDataset_clean_v2/test/images/dji-mavic-pro-drone-riga-260nw-533974783__e1f90a7c3e4fe443.jpg,DetectDataset_clean_v2_motion_blur/light/images/dji-mavic-pro-drone-riga-260nw-533974783__e1f90a7c3e4fe443.png,640,640,3,3,135,e1f90a7c3e4fe4431ad58ff0b9b98cdf3d4b984c19bc74fbd021e0b1f50c7a2f,903109a983d80210da989f14354adc3fecb95510506dc73b01f71067a54d9019
light,DetectDataset_clean_v2/test/images/dji-mavic-pro-drone-rigalatvia-260nw-533974279__8c877838625d01b4.jpg,DetectDataset_clean_v2_motion_blur/light/images/dji-mavic-pro-drone-rigalatvia-260nw-533974279__8c877838625d01b4.png,640,640,3,3,90,8c877838625d01b4483d138f7f33044b1903a1350cd087084088ee744c50f2bf,5b6862c4f984b8b6297faf256ffed5887756845b38b4aff89e91869ae9bb61ef
light,DetectDataset_clean_v2/test/images/dji-mavic-pro-drone-rigalatvia-260nw-542803243__5d11946d91d1fb51.jpg,DetectDataset_clean_v2_motion_blur/light/images/dji-mavic-pro-drone-rigalatvia-260nw-542803243__5d11946d91d1fb51.png,640,640,3,3,90,5d11946d91d1fb519aaf865c11f0022171c8366a1a2739eba2e418d785861d8d,95f6c90b7b9a60c550b55027fe11c461b81694d9cc384e67413635b048a20031
light,DetectDataset_clean_v2/test/images/dji-mavic-pro-drone-rigalatvia-260nw-542803279__dee0832189e126b5.jpg,DetectDataset_clean_v2_motion_blur/light/images/dji-mavic-pro-drone-rigalatvia-260nw-542803279__dee0832189e126b5.png,640,640,3,3,45,dee0832189e126b56c667d990c1ff3e4db411591c42d2301b27a8fbf5ef1440f,446b9490ca2e8296dd6a54f7fffdeecac8811119440d7fb5b802d432e7b79dd3
light,DetectDataset_clean_v2/test/images/dji-mavic-pro-flevoland-netherlands-260nw-1129344425__bb5461d141cbaf25.jpg,DetectDataset_clean_v2_motion_blur/light/images/dji-mavic-pro-flevoland-netherlands-260nw-1129344425__bb5461d141cbaf25.png,640,640,3,3,135,bb5461d141cbaf25c77db4831d8b01aa3f0b3f8f6ba114ffa6953e1239bf31e8,256e950260deb134f63217e0186a34f673f54a4aee0b8c1ffd7aba10eacffbb9
light,DetectDataset_clean_v2/test/images/dji-phantom-4-pro-obsidian-260nw-1088925782__661eafd72bf5f4e5.jpg,DetectDataset_clean_v2_motion_blur/light/images/dji-phantom-4-pro-obsidian-260nw-1088925782__661eafd72bf5f4e5.png,640,640,3,3,135,661eafd72bf5f4e5c89119e3b8a6e7633981593be0fcf572223fa2cc22fc240a,ac8ee81bc7533132f335ba82d08c23e41e427133d632644d796c7866a38b2c0a
light,DetectDataset_clean_v2/test/images/dji-phantom-4-pro-obsidian-260nw-1088928392__8a745befa63d5d23.jpg,DetectDataset_clean_v2_motion_blur/light/images/dji-phantom-4-pro-obsidian-260nw-1088928392__8a745befa63d5d23.png,640,640,3,3,90,8a745befa63d5d23686b870594380b4b7ad72d6ac2e0d7c1b77c02518f34f4a6,5f1c27b6d9a35c245c6538e3e0ba51a4033e31185ca3b660c812cdec66158b51
light,DetectDataset_clean_v2/test/images/dji-phantom-4-pro-obsidian-260nw-1088928398__1c3cfdee93b2ce32.jpg,DetectDataset_clean_v2_motion_blur/light/images/dji-phantom-4-pro-obsidian-260nw-1088928398__1c3cfdee93b2ce32.png,640,640,3,3,0,1c3cfdee93b2ce324b36735273cd63a5da9c800c50c7c4d630a8d51ac9c665d1,e56894ffa07d8118bec45600c2f0987308257f86a1527198d3be6cd34117339d
light,DetectDataset_clean_v2/test/images/dji-phantom-4-pro-obsidian-260nw-1088928416__d9317e14246eb296.jpg,DetectDataset_clean_v2_motion_blur/light/images/dji-phantom-4-pro-obsidian-260nw-1088928416__d9317e14246eb296.png,640,640,3,3,135,d9317e14246eb2967347bf5d2c2fab0430f74aaf61e2a548ec687005411dc04d,f2f26469cd2ea14e68fdcc3e7ed47aeffa9842f70be0a44bab7eddbe37468520
light,DetectDataset_clean_v2/test/images/dji-phantom-4-pro-obsidian-260nw-1088928419__34f570daa8d456f9.jpg,DetectDataset_clean_v2_motion_blur/light/images/dji-phantom-4-pro-obsidian-260nw-1088928419__34f570daa8d456f9.png,640,640,3,3,135,34f570daa8d456f96c756034b2795931235b2bc6eacfd3dd2e799ee74fc21d4a,019a513f462541061755c150482b8e3fd8cd234ee6282cf15796dbdf93db1881
light,DetectDataset_clean_v2/test/images/dji-phantom-4-pro-obsidian-260nw-1088928425__5a10e4306a1e40ee.jpg,DetectDataset_clean_v2_motion_blur/light/images/dji-phantom-4-pro-obsidian-260nw-1088928425__5a10e4306a1e40ee.png,640,640,3,3,90,5a10e4306a1e40ee7952fd2076ee08db24b189d4f9bb8f13a8dc581fbc093c38,0fce4023378d1a0e97194f256fb2b352450e82f174de0c7bc2b4aa8d5f1fe794
light,DetectDataset_clean_v2/test/images/drone-dji-mavic-air-hand-260nw-1050687485__464fbb4b52830829.jpg,DetectDataset_clean_v2_motion_blur/light/images/drone-dji-mavic-air-hand-260nw-1050687485__464fbb4b52830829.png,640,640,3,3,90,464fbb4b52830829a666087d6deef758e1d02166323ce5249377b9e223389f8a,b7dad6b45f93088473ad6df7feab6cff829cbc14a35826792caf697d10a849b5
light,DetectDataset_clean_v2/test/images/drone-flight-260nw-508153975__ab10e479540bb977.jpg,DetectDataset_clean_v2_motion_blur/light/images/drone-flight-260nw-508153975__ab10e479540bb977.png,640,640,3,3,90,ab10e479540bb977bbfa005fe62b5da878b512280a82233de7ebeb8862343136,3a7664bb99f557ffda4be3ba16cf7b8a863a35ec466c83ac59a1e6f98297e495
light,DetectDataset_clean_v2/test/images/drone-flight-260nw-508153996__13eb2cadcce46ba0.jpg,DetectDataset_clean_v2_motion_blur/light/images/drone-flight-260nw-508153996__13eb2cadcce46ba0.png,640,640,3,3,45,13eb2cadcce46ba042aa6a479a77ea8726ddcdb80a7738133193befe2db0b572,7e3cfdddc94aaa920e61b8ddfbcb62d5f26718789770f1dcfd11a8861eaa8ce2
light,DetectDataset_clean_v2/test/images/drone-oversees-activity-firefighters-during-260nw-569066557__208d7d66013900f6.jpg,DetectDataset_clean_v2_motion_blur/light/images/drone-oversees-activity-firefighters-during-260nw-569066557__208d7d66013900f6.png,640,640,3,3,90,208d7d66013900f61e07611bff740e612ee105e88e02cfb9cec903041e7c1912,f59743c92f7479ac957a6890f4848122bba093a96980501a281df34a851b127a
light,DetectDataset_clean_v2/test/images/drone-oversees-activity-firefighters-during-260nw-569066566__f95006d4b81f60c8.jpg,DetectDataset_clean_v2_motion_blur/light/images/drone-oversees-activity-firefighters-during-260nw-569066566__f95006d4b81f60c8.png,640,640,3,3,45,f95006d4b81f60c86aae6233e80d6774866e39d2987e1fe53422d6af4cd5a9d9,c24b1ee663d3be3999832b1a1163221abc500ae0da375ddba52f2344fb6faab2
light,DetectDataset_clean_v2/test/images/drone-quadcopter-dji-phantom-3-260nw-457625905__13716afd1088909e.jpg,DetectDataset_clean_v2_motion_blur/light/images/drone-quadcopter-dji-phantom-3-260nw-457625905__13716afd1088909e.png,640,640,3,3,135,13716afd1088909e3df5f27172d7195e2450d3219913d9fe5d09f392d1f5abe7,4574de1d2e751f827d551b9f1e06d34cca818da1d03205286d2ffdd380f6c828
light,DetectDataset_clean_v2/test/images/drone-quadcopter-dji-phantom-4-260nw-1044882709__90fd1aad21291402.jpg,DetectDataset_clean_v2_motion_blur/light/images/drone-quadcopter-dji-phantom-4-260nw-1044882709__90fd1aad21291402.png,640,640,3,3,90,90fd1aad2129140256d9fa72bed548663916a168b198124ab854649e5739ea1b,d90c9428bf2926148db3d152af82138a63e507797c20142532e18efee4f743a9
light,DetectDataset_clean_v2/test/images/drone-quadrocopter-dji-phantom-3-260nw-1022380693__107b30c566ac0a61.jpg,DetectDataset_clean_v2_motion_blur/light/images/drone-quadrocopter-dji-phantom-3-260nw-1022380693__107b30c566ac0a61.png,640,640,3,3,0,107b30c566ac0a61e9b958f589ee8a6b8fa922236c522db71efc9dfcdda0c296,0a9414230947ea12881b2d4992d2e20c0a6b55a37d4a49140b12328b73c4be98
light,DetectDataset_clean_v2/test/images/east-mediterranean-29-sep-2017-260nw-724980712__53add50881084947.jpg,DetectDataset_clean_v2_motion_blur/light/images/east-mediterranean-29-sep-2017-260nw-724980712__53add50881084947.png,640,640,3,3,0,53add50881084947813d64c5fb94f762ee380c3266c9eb6c920970fd3de09f89,463dcff40f833dba005609c1dabc58261f630a849d8ae9da9118154d97c12a49
light,DetectDataset_clean_v2/test/images/estonia-tallinn-june-15-2018-260nw-1113744059__ce77bca02bb46cec.jpg,DetectDataset_clean_v2_motion_blur/light/images/estonia-tallinn-june-15-2018-260nw-1113744059__ce77bca02bb46cec.png,640,640,3,3,0,ce77bca02bb46cec277b7223ff20bdd917e8fd85e5b726942768058733735c3b,9ef5d6f4fcf2d026b447b259b2081c008c17bcdfc16f7d039f502d11343c850e
light,DetectDataset_clean_v2/test/images/flying-drone-near-amazing-waterfall-260nw-1132738232__f4fb7ccb32ff4f66.jpg,DetectDataset_clean_v2_motion_blur/light/images/flying-drone-near-amazing-waterfall-260nw-1132738232__f4fb7ccb32ff4f66.png,640,640,3,3,135,f4fb7ccb32ff4f662a1c84787c23394fd8b0c82f465d20a10b432410cc36881d,e45977a2fdf37dedfda5696ca6dc301b276d92abfafc361218ff9adbd5cfee0e
light,DetectDataset_clean_v2/test/images/flying-drone-near-amazing-waterfall-260nw-1132738238__9b1b79fe8b761f13.jpg,DetectDataset_clean_v2_motion_blur/light/images/flying-drone-near-amazing-waterfall-260nw-1132738238__9b1b79fe8b761f13.png,640,640,3,3,45,9b1b79fe8b761f13e153cf18b6d8de2791a28c78f9e66fc1db100b5bcc80d1a1,57ef5be68a7efb46abcb87bef9d98d26526573a20fd4bc4cbd4a8c9623a8bc51
light,DetectDataset_clean_v2/test/images/fort-collins-co-usa-july-260nw-293921336__ee575748181c0977.jpg,DetectDataset_clean_v2_motion_blur/light/images/fort-collins-co-usa-july-260nw-293921336__ee575748181c0977.png,640,640,3,3,0,ee575748181c0977d9f5ed9b8f4bbf4a2986589d8a9f9c419bd0eddd211a743f,2f2a0f09907145f26031b2af55ff414c4e004e12862367bcb26dc362a19c8232
light,DetectDataset_clean_v2/test/images/fort-collins-co-usa-june-260nw-292064300__a6c544a85a11cbb4.jpg,DetectDataset_clean_v2_motion_blur/light/images/fort-collins-co-usa-june-260nw-292064300__a6c544a85a11cbb4.png,640,640,3,3,90,a6c544a85a11cbb4b209a04bf739add7e968f94330fe9e2a0a20606dfca46722,2fc477550dbc12e88824a4e8e5545bdbb595afd0ecb732a454ce2bb93c22987b
light,DetectDataset_clean_v2/test/images/fort-collins-co-usa-march-260nw-261984065__a97498bf3be04007.jpg,DetectDataset_clean_v2_motion_blur/light/images/fort-collins-co-usa-march-260nw-261984065__a97498bf3be04007.png,640,640,3,3,45,a97498bf3be04007455067455c2f866c2b612a504d456edca1ba683c0df10b36,2ed29c13fa98cd2d6880c295faee12cc6f915854cb6c484c081e55dd8fe10481
light,DetectDataset_clean_v2/test/images/fort-collins-co-usa-march-260nw-265211504__0f3c44673e2a16a1.jpg,DetectDataset_clean_v2_motion_blur/light/images/fort-collins-co-usa-march-260nw-265211504__0f3c44673e2a16a1.png,640,640,3,3,135,0f3c44673e2a16a1f3faea84b22ed711fcb1a52233fa8f3738315429c6f4b7a6,7484d16afbdf051a2f3572fb67f4f792b33854ae1129ff9f3554cc54baed4c26
light,DetectDataset_clean_v2/test/images/fort-collins-co-usa-september-260nw-315185585__d50bdeb1cf9bb282.jpg,DetectDataset_clean_v2_motion_blur/light/images/fort-collins-co-usa-september-260nw-315185585__d50bdeb1cf9bb282.png,640,640,3,3,0,d50bdeb1cf9bb28249a713cedb271a8ada28411109df0dc4530b98992a7c3a2b,9a70d2ca098e5d84e6f0fe10ffa192db60f4308b6fdc5acbda3e9f2b22ab29de
light,DetectDataset_clean_v2/test/images/foto00117__3d697259bed4e8df.jpg,DetectDataset_clean_v2_motion_blur/light/images/foto00117__3d697259bed4e8df.png,640,640,3,3,135,3d697259bed4e8df282d37c890aceb2d4fc0a7f8bd351795401c06ab07f01013,f17292bb79ae28a2db17b2feefdc69520ab6d8eba089a855f8b0b262671015f1
light,DetectDataset_clean_v2/test/images/foto00117__a504436dfc3052b0.jpg,DetectDataset_clean_v2_motion_blur/light/images/foto00117__a504436dfc3052b0.png,640,640,3,3,90,a504436dfc3052b0ce99f5dbbcad4181c709f3e006df9b03d727d2d1b2b8b080,067c19375f9a11ec34bb047a267e3aa456571fe37e303593d72dbee745f15ccc
light,DetectDataset_clean_v2/test/images/foto00204__bd5c0eeb3baf1b92.jpg,DetectDataset_clean_v2_motion_blur/light/images/foto00204__bd5c0eeb3baf1b92.png,640,640,3,3,45,bd5c0eeb3baf1b9205192e4f59bedb555d96efc09b2dc309f0f67fdf9e0f3523,eecb5ebc8003392952a772294c98cb31fb20f31b4e00d496413fa21927e4927d
light,DetectDataset_clean_v2/test/images/foto01074__d010af55661e02d8.jpg,DetectDataset_clean_v2_motion_blur/light/images/foto01074__d010af55661e02d8.png,640,640,3,3,45,d010af55661e02d8512f7e871cffe4f91d2c60cb2d9ffd80632a9c408e2aea39,17a2c628f303e0a43bb094c748fc0f88976468d74159d55a67e86537a7c94681
light,DetectDataset_clean_v2/test/images/foto01190__0b22a130fa968253.jpg,DetectDataset_clean_v2_motion_blur/light/images/foto01190__0b22a130fa968253.png,640,640,3,3,90,0b22a130fa968253ec4d9f6119e64304c132dc324a126aa1cc07d4e1a0f8fe6b,fd8ce3d2b969da5a537afec65b2b9d6312b971033d6ca0869fba14571475887d
light,DetectDataset_clean_v2/test/images/foto01190__6dfcc7d8b778322c.jpg,DetectDataset_clean_v2_motion_blur/light/images/foto01190__6dfcc7d8b778322c.png,640,640,3,3,135,6dfcc7d8b778322c90a55fd142ea7acf21f8c63b0271e99cc1f88adba867228b,3587456ca1318c9527bdcd360710d8bfe9f50d14263612fc7572e286aaa79940
light,DetectDataset_clean_v2/test/images/foto01277__05716135b04e8634.jpg,DetectDataset_clean_v2_motion_blur/light/images/foto01277__05716135b04e8634.png,640,640,3,3,135,05716135b04e86344cb3837e17c60329ee3941dbfb2cfec29222ba22afb42f69,ca6a7ff60c6a6ce5cb33711633e6f4dd4963bfa06326579601b3aa64940bbf82
light,DetectDataset_clean_v2/test/images/foto01277__f21e4d2970204ef6.jpg,DetectDataset_clean_v2_motion_blur/light/images/foto01277__f21e4d2970204ef6.png,640,640,3,3,0,f21e4d2970204ef644604b16bc077c3af4ff8f0ca10fddcc09a60f3968430bd4,021bf51ec6c54f8a5ed9c9f5227b4f7377bc653cb8f3ca76ad5875f999bfcbdf
light,DetectDataset_clean_v2/test/images/foto01538__1d01cff28738b30e.jpg,DetectDataset_clean_v2_motion_blur/light/images/foto01538__1d01cff28738b30e.png,640,640,3,3,45,1d01cff28738b30ee6cc30a1d2078bae76fa32572db41d0100fede1c7e1f622b,cbf8ab68d60b50d18a7a09afbdfc306db456b0336a28c5f03be8b3e4ac8fef62
light,DetectDataset_clean_v2/test/images/foto01538__cef5f4d614a0589c.jpg,DetectDataset_clean_v2_motion_blur/light/images/foto01538__cef5f4d614a0589c.png,640,640,3,3,135,cef5f4d614a0589ccfb3180266f1b7447dcdb80a394fdbf08f9ea933c37445c4,392612804f7cf5a682869a92a47c2535108edf0e55feb70d04c587d5bc5b03c7
light,DetectDataset_clean_v2/test/images/foto01683__58e0794fb90efead.jpg,DetectDataset_clean_v2_motion_blur/light/images/foto01683__58e0794fb90efead.png,640,640,3,3,135,58e0794fb90efead2bdedb50bc84fad121b698c01cc6a20d7a760d7186448545,637ff966b65f30fa5bd1ff4a1459303db16968eb8d33a0b0be2b0888797fc9e1
light,DetectDataset_clean_v2/test/images/foto01944__029c3fe0ec527218.jpg,DetectDataset_clean_v2_motion_blur/light/images/foto01944__029c3fe0ec527218.png,640,640,3,3,45,029c3fe0ec527218991e917940f7631a2792215de4620c6f2b5521614d6a4f51,3e9ca32ca722f0212af0146318a877a2265ada0b54b4407264435f78fd9267a3
light,DetectDataset_clean_v2/test/images/foto04264__a663abfd64196536.jpg,DetectDataset_clean_v2_motion_blur/light/images/foto04264__a663abfd64196536.png,640,640,3,3,0,a663abfd64196536df619a38547698d4ddf72088bf8129654a5d25206ec58494,0a40adbb904eca83e9de861717102630acf9153f28a436b05b4271f406836ab6
light,DetectDataset_clean_v2/test/images/foto04496__c32af1085ae18aa9.jpg,DetectDataset_clean_v2_motion_blur/light/images/foto04496__c32af1085ae18aa9.png,640,640,3,3,45,c32af1085ae18aa9332856334bcc6cb5b06f3e97cc5ab2c0b2ee575d8fafe313,c0eaaa039f39891171df21d51531b4e5cd8d75a2d164f73a4349963cad113b7c
light,DetectDataset_clean_v2/test/images/foto04496__f81f5a665e380caa.jpg,DetectDataset_clean_v2_motion_blur/light/images/foto04496__f81f5a665e380caa.png,640,640,3,3,45,f81f5a665e380caab648a1d2ac6d40a7d2b7d23e48ae1a48f8b17a41f7e91605,d6156d39c34c34deb68c6a01ca4c74999b34c4fbba3489d2d64c8f525cd7414d
light,DetectDataset_clean_v2/test/images/foto04757__6c4a223a085688cf.jpg,DetectDataset_clean_v2_motion_blur/light/images/foto04757__6c4a223a085688cf.png,640,640,3,3,135,6c4a223a085688cf818137a223a772daea4b86102b2975c2b98f3cb5c5db7699,f73ec1e331a67ed4bdaacddd7ac3d4fc35ef9f7ca4dabb36726987a5896ed861
light,DetectDataset_clean_v2/test/images/foto04757__964e2c4824ff9180.jpg,DetectDataset_clean_v2_motion_blur/light/images/foto04757__964e2c4824ff9180.png,640,640,3,3,0,964e2c4824ff9180ef6fd9308914b307ae3edf88bd1e8c7e84af673ea4445b63,7647aa8acc1e6d2f702ae21e1b9f5cdb3318c553793b16ba1828bd44deaf7f3a
light,DetectDataset_clean_v2/test/images/foto04989__768b3832b78eb01b.jpg,DetectDataset_clean_v2_motion_blur/light/images/foto04989__768b3832b78eb01b.png,640,640,3,3,90,768b3832b78eb01b5dd484f89cb31bcad2fd85fb3c510ed7efd9d2308056aa0d,9f607541b1be1b1b324eb15953a289b61412527d772793842639b6be42995de6
light,DetectDataset_clean_v2/test/images/foto04989__a1271db561db51ba.jpg,DetectDataset_clean_v2_motion_blur/light/images/foto04989__a1271db561db51ba.png,640,640,3,3,45,a1271db561db51ba0df90054be8387951e49a844c846ce9126390305ac8ae715,a310f71bb318f576d8a0fe1fa9fb43103cb89141db505b6ec20cd53f9722e421
light,DetectDataset_clean_v2/test/images/foto05018__dbc307809360125c.jpg,DetectDataset_clean_v2_motion_blur/light/images/foto05018__dbc307809360125c.png,640,640,3,3,0,dbc307809360125c265444acfe94cfb4bc5417097022eec39e807cd29efb2b2e,9544f72ae6519b1a09ad64c3d20ba332a9ce9f045a4b33b0df6ed74286f8ba81
light,DetectDataset_clean_v2/test/images/foto05163__084d704188e2ebb8.jpg,DetectDataset_clean_v2_motion_blur/light/images/foto05163__084d704188e2ebb8.png,640,640,3,3,90,084d704188e2ebb8d8c5a9d5f9d39be285255950e7e326318eb08e132afd0cc4,e96adaffc179eaca04b8b4a694371d10ea5106f438ef9e8286dad41978f1d59d
light,DetectDataset_clean_v2/test/images/foto05221__14bbc1606a006336.jpg,DetectDataset_clean_v2_motion_blur/light/images/foto05221__14bbc1606a006336.png,640,640,3,3,90,14bbc1606a006336cf0a9fccbd18c7ae7c8fb1c0aa20bb00194f2a3339f24b1b,23d34eaf706bc66ef1e9ab7058c83fbab2ae838ca2e02c95d6332a998dc53b0b
light,DetectDataset_clean_v2/test/images/foto05221__4c6d331816b24174.jpg,DetectDataset_clean_v2_motion_blur/light/images/foto05221__4c6d331816b24174.png,640,640,3,3,0,4c6d331816b24174e38dde5a7cf27571788d8f4cb26c35b5e7c9a4d7a46ab6e4,7096d9ffdc394ef088f872ce83de5df9f1d5542ff9f5f200eb717fa797afaa19
light,DetectDataset_clean_v2/test/images/foto05279__0f97f700259d48c1.jpg,DetectDataset_clean_v2_motion_blur/light/images/foto05279__0f97f700259d48c1.png,640,640,3,3,135,0f97f700259d48c1646edf9f6f870504de99fe1294a71552692f1290696ebd5f,85168b4751fd0c0f72ebba8050faf407aeaf8bb924a816d6cf5de25c9f83c2d4
light,DetectDataset_clean_v2/test/images/foto05279__4f7855687131fe6d.jpg,DetectDataset_clean_v2_motion_blur/light/images/foto05279__4f7855687131fe6d.png,640,640,3,3,45,4f7855687131fe6d548fc42b1aa7c1c097bf0767aa22897e3e5637d1fe05f169,3bbfdd1bcdfc44cd1e279ca1c8d2b90c41d7de9349d92907995a624f6165a118
light,DetectDataset_clean_v2/test/images/foto05540__48280508d81f3ce8.jpg,DetectDataset_clean_v2_motion_blur/light/images/foto05540__48280508d81f3ce8.png,640,640,3,3,90,48280508d81f3ce8401cbdba50f3c45732e54f9e5640f58d59349dea787edaa7,a7fd0c55e2c3f6061b605cb67a764247b2df14151da52db82d816fadd42d4fd7
light,DetectDataset_clean_v2/test/images/foto05540__fead29b340f3a330.jpg,DetectDataset_clean_v2_motion_blur/light/images/foto05540__fead29b340f3a330.png,640,640,3,3,90,fead29b340f3a330d54826bad0c299c03094c629bf0f24ab3be6c5874e9584bb,189f731bca4ba0f001a4f3a4b42d7758a5274ae725e393a0bb1332d0b36ffd4e
light,DetectDataset_clean_v2/test/images/foto05627__7ee98977ef43f2af.jpg,DetectDataset_clean_v2_motion_blur/light/images/foto05627__7ee98977ef43f2af.png,640,640,3,3,45,7ee98977ef43f2af9bc6371604dd5acd8bcbebfc17f026633c3d661e22a53717,239e1183dc847384aa210fd243ad0d00a43406d8bdf1de4c02d15d3eec7beaf0
light,DetectDataset_clean_v2/test/images/foto07367__396d697f1187815c.jpg,DetectDataset_clean_v2_motion_blur/light/images/foto07367__396d697f1187815c.png,640,640,3,3,135,396d697f1187815cc45124e797d0aa13e9b1ea93340ce8136b08e5b13baeddbe,e36a845eae960e0e09277ee571015bfa26bfe93b8d64a64f1ff860a1bb268d6b
light,DetectDataset_clean_v2/test/images/foto07425__360266425e066f1d.jpg,DetectDataset_clean_v2_motion_blur/light/images/foto07425__360266425e066f1d.png,640,640,3,3,45,360266425e066f1dbabf86129271f7e0bcb165bc90a2e1cbe992fa027430e64a,1ac31a5bc7f5cebf80c403a8641a3f4dd70a9b92dcb395cb6e47a41d7aeaa80d
light,DetectDataset_clean_v2/test/images/foto07425__9f76e447ac327347.jpg,DetectDataset_clean_v2_motion_blur/light/images/foto07425__9f76e447ac327347.png,640,640,3,3,135,9f76e447ac327347b511ff5f65f102eb68b3d1a81fb986fec30e3cadc9c4a67b,399d6915ad7e195fb95d71ffea2f1acb693eb58e4a3ed82e49e3521392070442
light,DetectDataset_clean_v2/test/images/foto14385__8bd3540f0163b7fb.jpg,DetectDataset_clean_v2_motion_blur/light/images/foto14385__8bd3540f0163b7fb.png,640,640,3,3,0,8bd3540f0163b7fb67f3077639da1cf1c6b4bdb4621e4e600b2cc7d42ab9ab28,4b265cd80f27a3a3decc05de0cdcaa3e1466ac0a3f5d4c20fa765e045c72100f
light,DetectDataset_clean_v2/test/images/foto14385__f0fd90423ee4b076.jpg,DetectDataset_clean_v2_motion_blur/light/images/foto14385__f0fd90423ee4b076.png,640,640,3,3,45,f0fd90423ee4b076a771f80efe285b19966caf23f7a71b399eb117ea85336bfb,98a5fbf57abcfc073babe06fa8665a35ae1c38e17968ee2cceefb97dca33bd02
light,DetectDataset_clean_v2/test/images/foto14530__b60e0beaec728e99.jpg,DetectDataset_clean_v2_motion_blur/light/images/foto14530__b60e0beaec728e99.png,640,640,3,3,45,b60e0beaec728e99db9c0586c38e8f1a47f98225fbf382b760d25a5ec9139451,4b8bf406ca9d359dfe4f0663d90df7ad91278018ac22104b45b9090992003dd0
light,DetectDataset_clean_v2/test/images/foto14559__782ab57c51a27b27.jpg,DetectDataset_clean_v2_motion_blur/light/images/foto14559__782ab57c51a27b27.png,640,640,3,3,90,782ab57c51a27b271d48ef49078fac05fd5ffaf3453caf7ab3893a8737faed86,5b4253d53c6515d9b90275232c8ac1fed21b9a10717b350d77a76bd99f87810c
light,DetectDataset_clean_v2/test/images/foto14617__46dc6f4a70c4093d.jpg,DetectDataset_clean_v2_motion_blur/light/images/foto14617__46dc6f4a70c4093d.png,640,640,3,3,90,46dc6f4a70c4093d0057f06321bb5a8476344934942e95b1a3731392405770c0,79b70b7b4700e165f2e9e013787b52bf003dd1d57c95621b1eeb7fca36e26153
light,DetectDataset_clean_v2/test/images/foto15139__4d9ecf68d8a3eac5.jpg,DetectDataset_clean_v2_motion_blur/light/images/foto15139__4d9ecf68d8a3eac5.png,640,640,3,3,45,4d9ecf68d8a3eac51beeb87b59c8af1930f0a23900236cf5a739893455e3c49f,09f837ab596daddcab9d646c3ace79fd26acab20dfb1fde6d5510f2dabbcd338
light,DetectDataset_clean_v2/test/images/frame0152__c3b62649186446a0.jpg,DetectDataset_clean_v2_motion_blur/light/images/frame0152__c3b62649186446a0.png,640,640,3,3,45,c3b62649186446a0f445cb23fed6b24882b8edb3cdb963c0b3166840c1c7a252,86fd1fe00dc19de8231c046d89276270c55e7ab51d94ee67dbdceeff7ddfe9f1
light,DetectDataset_clean_v2/test/images/frame0184__ae7d2cb45050a9b6.jpg,DetectDataset_clean_v2_motion_blur/light/images/frame0184__ae7d2cb45050a9b6.png,640,640,3,3,45,ae7d2cb45050a9b6cad152da0559d299a0e17bd09f0a443fd0a06795393bfbdb,f9a8267c323a5bb37d15a32d61ddb8f51cae6cc925a05217c9211db2bf23828a
light,DetectDataset_clean_v2/test/images/frame0188__04fb67b03d0151b9.jpg,DetectDataset_clean_v2_motion_blur/light/images/frame0188__04fb67b03d0151b9.png,640,640,3,3,0,04fb67b03d0151b9926cbd73621dd137851f8baf6106c9bf5aa43a1034ac1ea9,f26da92f550ded5fd759cf87587cb5b6f08bf00e94461b33d81050c943ffccb1
light,DetectDataset_clean_v2/test/images/frame0194__5daadb7e28e9c47b.jpg,DetectDataset_clean_v2_motion_blur/light/images/frame0194__5daadb7e28e9c47b.png,640,640,3,3,45,5daadb7e28e9c47b027f37840a78b4cba538ab7518d7bd197463157b1aaa74ef,83ec446370f97e49d595063cd9491b1251c27ec8bff9f8f73be5467e29bffd60
light,DetectDataset_clean_v2/test/images/frame0197__863089edacdc77ba.jpg,DetectDataset_clean_v2_motion_blur/light/images/frame0197__863089edacdc77ba.png,640,640,3,3,90,863089edacdc77baca6ad17b50c7b30475e478d7a103e3fe5384dad63c6de751,3aa4ea5ff051af85723e04e555097d5d0e8e22a5a435d612ef53cdb32d221953
light,DetectDataset_clean_v2/test/images/frame0198__22aee97af5af0351.jpg,DetectDataset_clean_v2_motion_blur/light/images/frame0198__22aee97af5af0351.png,640,640,3,3,135,22aee97af5af03510df004869801ca9860fdc4ec394da75b400a1ad41e23ac9c,88047b25603932c95f313831e743d7fd38d84c9505f827143066cee7b5ebcfc6
light,DetectDataset_clean_v2/test/images/frame0202__42dc95cd628952f8.jpg,DetectDataset_clean_v2_motion_blur/light/images/frame0202__42dc95cd628952f8.png,640,640,3,3,135,42dc95cd628952f819b4046c9b9a7ab8fc34eca188343fef2864411613497aa4,fb35882219d3b1f34cbdb50a294e1676d5ca87c9f8ffb38a5fde726e257a03ef
light,DetectDataset_clean_v2/test/images/frame0214__5ecf1756a2af23a2.jpg,DetectDataset_clean_v2_motion_blur/light/images/frame0214__5ecf1756a2af23a2.png,640,640,3,3,45,5ecf1756a2af23a237fa57736519f4db48f444991265b036397cc7c8b2a92414,e761e41b258f74e12dda231dcac4b54e3b7830992587d34cead11638eb9a0e03
light,DetectDataset_clean_v2/test/images/frame0365__058598d419b31cc9.jpg,DetectDataset_clean_v2_motion_blur/light/images/frame0365__058598d419b31cc9.png,640,640,3,3,45,058598d419b31cc9ed869f7938aeecaa4e6eb13807b8146bae62f0a881b3b9ed,ff86d66e2df2265e6585e408dca780425e915c0426c6bb465690d12542ab8295
light,DetectDataset_clean_v2/test/images/name10__c8c5d0b4eb86c013.jpg,DetectDataset_clean_v2_motion_blur/light/images/name10__c8c5d0b4eb86c013.png,640,640,3,3,45,c8c5d0b4eb86c013778685e5f5c6164cce238d438886c9138d30c421dfef30e7,de6db3b667eddb5f00a9fd410b7bd60efb2771e640f97242dccb5327e4ed0899
light,DetectDataset_clean_v2/test/images/name18__44fa8eea94ff983c.jpg,DetectDataset_clean_v2_motion_blur/light/images/name18__44fa8eea94ff983c.png,640,640,3,3,90,44fa8eea94ff983c011cc9c0e2071e390d73fec41eb377729b3f42f9cc705248,2711a4101104527d3c9a8badfa00b67c839243db0d8d99cd4fff86dc055061bb
light,DetectDataset_clean_v2/test/images/name18__9e5425f89d479f32.jpg,DetectDataset_clean_v2_motion_blur/light/images/name18__9e5425f89d479f32.png,640,640,3,3,45,9e5425f89d479f32f6fa41c321fbe94df96f990a386145ed9591fb87734e3017,3c1ce067963250c2876f3a58097ff31576096a383722beb54270821279aebf70
light,DetectDataset_clean_v2/test/images/name20__41a6080e3e628f68.jpg,DetectDataset_clean_v2_motion_blur/light/images/name20__41a6080e3e628f68.png,640,640,3,3,0,41a6080e3e628f68fc8722552bbf9df546dfb1ac45745aecd8790fb4aaecf57c,c87e2f4b9a390660d34f9850c1bf3cc1e917c8af3e96116dbb52c6d11f84a608
light,DetectDataset_clean_v2/test/images/name20__dd2f9486d02e8f67.jpg,DetectDataset_clean_v2_motion_blur/light/images/name20__dd2f9486d02e8f67.png,640,640,3,3,45,dd2f9486d02e8f672aa672d0ac8e26590a327a695c5663987b7329792ea67e33,b6e39d786e2c26a24e437624764a5b3cc742fa112513b07b58eb5b5dad23a2e3
light,DetectDataset_clean_v2/test/images/name21__8312a7e4c09dd0e1.jpg,DetectDataset_clean_v2_motion_blur/light/images/name21__8312a7e4c09dd0e1.png,640,640,3,3,0,8312a7e4c09dd0e19f9cac51da93f4f4a62eaf19268bde82a5f07a7327908cc1,df181b936a55d67a9a6e1f3d329280690ac1b9e12c5969a8e89e3547488f3d28
light,DetectDataset_clean_v2/test/images/name5__7d5b874bd15cc643.jpg,DetectDataset_clean_v2_motion_blur/light/images/name5__7d5b874bd15cc643.png,640,640,3,3,135,7d5b874bd15cc64311d01aa8dad1c985f54b20002b650e69a61ebbc9b7a31970,b70463f86ae515073434d648ac4d0f0a6c8ceee07f9f587b1656e65b65da184c
light,DetectDataset_clean_v2/test/images/name6__c4b2208a56ce6286.jpg,DetectDataset_clean_v2_motion_blur/light/images/name6__c4b2208a56ce6286.png,640,640,3,3,45,c4b2208a56ce62861d9cb952403d76cd741615fa8b90f4e978145830bbda8ff8,1f7a3b80be7db3850f0286e137ab6116365aaeec1ce983ffaa8009d920e499d2
light,DetectDataset_clean_v2/test/images/name6__da188e36a277a83b.jpg,DetectDataset_clean_v2_motion_blur/light/images/name6__da188e36a277a83b.png,640,640,3,3,0,da188e36a277a83b160b881a5ef385ed1ac20609ad77185799ecbcbee20e755a,423448c5ffe9d8e9a71f55f208111dd1cfa3693160b882ac40fa097fd1ff7f77
light,DetectDataset_clean_v2/test/images/pic_1032__cff54d60821402c5.jpg,DetectDataset_clean_v2_motion_blur/light/images/pic_1032__cff54d60821402c5.png,640,640,3,3,0,cff54d60821402c5ecd060525ca8913b7e074533c54e255bce59e0c0aa5a26b8,36ba1ffd2fdf5e3a360f22eed4431912dd8202297c9b702a15cb625cd002a039
light,DetectDataset_clean_v2/test/images/pic_1060__04a8d82bb09c2f0a.jpg,DetectDataset_clean_v2_motion_blur/light/images/pic_1060__04a8d82bb09c2f0a.png,640,640,3,3,45,04a8d82bb09c2f0a1a88526395e55e646cb06297157f75ae5329c6202ae89535,4961c4b0bd00c4416f8d5d72439d6b61c50be143f20c60a5044e5c73f340847c
light,DetectDataset_clean_v2/test/images/pic_1121__cb73c852b5d08105.jpg,DetectDataset_clean_v2_motion_blur/light/images/pic_1121__cb73c852b5d08105.png,640,640,3,3,0,cb73c852b5d08105856f0240263b0c364cdced7d517d38047250b27df5e9e9ac,dcb4d2ac60047e0edb911b6fe0118596511ff40d168c34c63e3cd7d58226b159
light,DetectDataset_clean_v2/test/images/pic_164__1fc840c5e08f9727.jpg,DetectDataset_clean_v2_motion_blur/light/images/pic_164__1fc840c5e08f9727.png,640,640,3,3,0,1fc840c5e08f97277727cc7bc12b07e10ef9c2f5f82890507ca9c3df63819b17,7f70b94d129e696a7890c59d74a3dffb12fd5d03af913b3d195b49bc4f37f9ed
light,DetectDataset_clean_v2/test/images/pic_207__4850b7199afc650c.jpg,DetectDataset_clean_v2_motion_blur/light/images/pic_207__4850b7199afc650c.png,640,640,3,3,135,4850b7199afc650cc4372d546d9d64e5585b52a4c7485b4b283766cf84febd86,b98a8dcfebca79247c8f51ce9406d6afc264525c078caaaaecfd640ecdedad6d
light,DetectDataset_clean_v2/test/images/pic_297__7d0da3b7a94e3887.jpg,DetectDataset_clean_v2_motion_blur/light/images/pic_297__7d0da3b7a94e3887.png,640,640,3,3,90,7d0da3b7a94e38874a5a3ff994c0fde03d7738dd72902ae8964d619f7dd957bf,8c08c442090c139e4c2857e5373ecd5217a213d0bd474beca6f646d75039202a
light,DetectDataset_clean_v2/test/images/pic_338__941a59bbfffbe45e.jpg,DetectDataset_clean_v2_motion_blur/light/images/pic_338__941a59bbfffbe45e.png,640,640,3,3,90,941a59bbfffbe45e6aaac3f876f118f4ce52a505195b9431f622b04e9762c479,416c50192b85638e640370eb3a5ffeecdddcc77e4baa0174882356fca1b0eff3
light,DetectDataset_clean_v2/test/images/pic_344__6b18d1ab5b3b0c9a.jpg,DetectDataset_clean_v2_motion_blur/light/images/pic_344__6b18d1ab5b3b0c9a.png,640,640,3,3,45,6b18d1ab5b3b0c9aeec0a9576daaef7d389c1d215c459786e8c551f3711149dd,f6fb68061e432408d88e854f48e6ac9f4f9db9960f5070cb1957fa0b64ee03d7
light,DetectDataset_clean_v2/test/images/pic_442__f9a08451595320ae.jpg,DetectDataset_clean_v2_motion_blur/light/images/pic_442__f9a08451595320ae.png,640,640,3,3,135,f9a08451595320aec9ba5f6fa26d567db857e967bed836c8d32e54d447b046fa,661d3a6ca5cccd83804fb45b071aa15d7b032875d3e80dde028eaba4600e0d6d
light,DetectDataset_clean_v2/test/images/pic_497__1eacbf616326c97d.jpg,DetectDataset_clean_v2_motion_blur/light/images/pic_497__1eacbf616326c97d.png,640,640,3,3,90,1eacbf616326c97d2d190064ded7d383b81033de86a004e60588e691aa2bcd9c,20a2896d3db4726672b7b68b8e5ea9585d0765f9fc6fc2e4426c84071ee8e325
light,DetectDataset_clean_v2/test/images/pic_519__bfa154accb4ed48a.jpg,DetectDataset_clean_v2_motion_blur/light/images/pic_519__bfa154accb4ed48a.png,640,640,3,3,135,bfa154accb4ed48a1675954487b36a56a033eed8472b0848b43dc81d6b80cf86,f4e478e448f5dde56050887dfc7f96c6aab4ba747658ead03af1a05347151da6
light,DetectDataset_clean_v2/test/images/pic_664__10ba41f28fdf3666.jpg,DetectDataset_clean_v2_motion_blur/light/images/pic_664__10ba41f28fdf3666.png,640,640,3,3,135,10ba41f28fdf3666e6fef3fadf357ac473f577e6662cd6f3ba7bf087b3429df8,dbb1082335698bb634dbacb28d3941cb5d39d0816e23e85b9d75bda21b32f501
light,DetectDataset_clean_v2/test/images/pic_677__a4b70f352e9e58bc.jpg,DetectDataset_clean_v2_motion_blur/light/images/pic_677__a4b70f352e9e58bc.png,640,640,3,3,0,a4b70f352e9e58bc4a786945dc9acabda4e88992249194b1603d4ac9806ef3ae,ff6f607751aab36768bc3bc2bcfc28435d867bb9fed168e829c6ad4f7bac1604
light,DetectDataset_clean_v2/test/images/pic_719__4ecd50d7fbdcfa75.jpg,DetectDataset_clean_v2_motion_blur/light/images/pic_719__4ecd50d7fbdcfa75.png,640,640,3,3,135,4ecd50d7fbdcfa7597273b33e141556f49703566dba1f77d1d5a998bb3a67337,e02e7d8d74a85267e84ac6a7a88bd11da4a40d9f187188efcc834483f39bf236
light,DetectDataset_clean_v2/test/images/pic_749__8d37266c76a07afe.jpg,DetectDataset_clean_v2_motion_blur/light/images/pic_749__8d37266c76a07afe.png,640,640,3,3,45,8d37266c76a07afed9e85ecb57d48587f75814e64972206d2bd3f13b7b14a2b9,eeeb3b50ace8c6768e61e1fe12e78fef33e7203db4a5e1737c52260da909ca91
light,DetectDataset_clean_v2/test/images/pic_757__86939fccc3905611.jpg,DetectDataset_clean_v2_motion_blur/light/images/pic_757__86939fccc3905611.png,640,640,3,3,45,86939fccc3905611e8fcacdeb55408ac5a4dc14d37bef98e9e8f4da0b50b4807,1bcbdb953abf753366da3e4e5b202ddf1b7ed53681a5fb7b1d3937ebc81531d5
light,DetectDataset_clean_v2/test/images/pic_761__cc4752a963a2b940.jpg,DetectDataset_clean_v2_motion_blur/light/images/pic_761__cc4752a963a2b940.png,640,640,3,3,45,cc4752a963a2b94094469dae53f91337a61d4a79230a35227c5805f84a392c23,cd14f0df52a553c46ed7e6cdba03b1e2e3102901e82027a47bd3e73a10b6ce57
light,DetectDataset_clean_v2/test/images/pic_823__77ec075b9b9d8367.jpg,DetectDataset_clean_v2_motion_blur/light/images/pic_823__77ec075b9b9d8367.png,640,640,3,3,90,77ec075b9b9d836773b4c810c66db481627f5988d7ad68699c512d05f9ecb63b,f24bc3a5bca4a1a812802ff4315eda337a94c5d3ac64904adc98675f40fa3985
light,DetectDataset_clean_v2/test/images/pic_905__115256e533c757cc.jpg,DetectDataset_clean_v2_motion_blur/light/images/pic_905__115256e533c757cc.png,640,640,3,3,135,115256e533c757cc91d72f1b8b6300017ca3bc6df8167e5b326deac5b06ebd73,afc64c950076fa6e8292142125c4796a6b1b7ae30a07189d385f078a82c256c2
light,DetectDataset_clean_v2/test/images/pic_909__6d57c76086ea623f.jpg,DetectDataset_clean_v2_motion_blur/light/images/pic_909__6d57c76086ea623f.png,640,640,3,3,45,6d57c76086ea623f0b2bfa16e9634b2c2c604f5c469f769e25cceb37677e4f83,c900dfec4fcf97c1d311eff1a6739aa73e0be508d8fbbe83985cde00e8bcb619
light,DetectDataset_clean_v2/test/images/video101__2d2baa4c06984c08.jpg,DetectDataset_clean_v2_motion_blur/light/images/video101__2d2baa4c06984c08.png,640,640,3,3,90,2d2baa4c06984c0832d0c969b25dc52e51013da20d16cdc9935e530bce1f6fbb,a2a11dc3c7f724b5584ac8708064c4c2b79bf5b40d6e293c947a24044d666de9
light,DetectDataset_clean_v2/test/images/video101__b7b0b304e8f2d710.jpg,DetectDataset_clean_v2_motion_blur/light/images/video101__b7b0b304e8f2d710.png,640,640,3,3,90,b7b0b304e8f2d710432ef9de6e71d9902fae36464176bf417d5bf7eda7e630df,4a3069c789c6fbf735ddda065ac5f93418c18f1e2a793e6c0603af653c2e92d0
light,DetectDataset_clean_v2/test/images/video104__03bd8931420607a6.jpg,DetectDataset_clean_v2_motion_blur/light/images/video104__03bd8931420607a6.png,640,640,3,3,90,03bd8931420607a61a048b6324351b62773c87cf7bafcce1e103236d8ba97594,1a01f7174393930170210bfe331443d18ed453ce7cdd605f39ef659175fca2bf
light,DetectDataset_clean_v2/test/images/video1093__5b8ef5719b604a9d.jpg,DetectDataset_clean_v2_motion_blur/light/images/video1093__5b8ef5719b604a9d.png,640,640,3,3,90,5b8ef5719b604a9da5d689dd1470d96ab0b63c9424f70a5e457192775eaad374,e40ae476e58743f6f322fb4159d3ccf56f7db02072a2ace0d4fdfe96bd72979d
light,DetectDataset_clean_v2/test/images/video1093__8d918c06e4519c2e.jpg,DetectDataset_clean_v2_motion_blur/light/images/video1093__8d918c06e4519c2e.png,640,640,3,3,135,8d918c06e4519c2ea08ab75efabab15d4c95257151db318240be20573ed23ae5,1d9bc628429e9665f1043ea264e21a993b909728449a08f4d1a860a57afd308e
light,DetectDataset_clean_v2/test/images/video13179__bb2f00d521971eb7.jpg,DetectDataset_clean_v2_motion_blur/light/images/video13179__bb2f00d521971eb7.png,640,640,3,3,45,bb2f00d521971eb73cf25734a6687065769ce8c18aaccbdb28cff1fe04fa973b,7e3e63ce991a5a761720b075c5669a4b5d9237e624c3318cb9f81f8bc9d893fc
light,DetectDataset_clean_v2/test/images/video13182__6b0c31f842e95778.jpg,DetectDataset_clean_v2_motion_blur/light/images/video13182__6b0c31f842e95778.png,640,640,3,3,90,6b0c31f842e957784a774330eee4ae2cfe420ec21ae7f3d92889d3adf469704c,a8bf443d5a80978a37bfd92c8761b3d62730536422766e363f24493ddba791ea
light,DetectDataset_clean_v2/test/images/video13192__01e1e9d182070845.jpg,DetectDataset_clean_v2_motion_blur/light/images/video13192__01e1e9d182070845.png,640,640,3,3,135,01e1e9d182070845b983b7c028273328ea5e086c1ab277f16eb7d159a7d779ef,5c0c52daa1116c8878eacff3f26d6480802af48a66577cec6ff8191383062a9f
light,DetectDataset_clean_v2/test/images/video1342__680088a7b8879cb4.jpg,DetectDataset_clean_v2_motion_blur/light/images/video1342__680088a7b8879cb4.png,640,640,3,3,0,680088a7b8879cb4b5a1085a361c0e8753d23b6b55a08056c102ab5d3df100af,e507bb96e1cb2dca2ac5d5c53d51dcd60ad0a30daed41b0c8b945adf1326d64f
light,DetectDataset_clean_v2/test/images/video1345__198a64cb7af6cfdd.jpg,DetectDataset_clean_v2_motion_blur/light/images/video1345__198a64cb7af6cfdd.png,640,640,3,3,0,198a64cb7af6cfdd82de579a42cea3712abe091769d569b3f63749f2715171b3,2595fc9cf0ee0880b43d70da205f507ee2cf777105f61ddd7c3da9a452ac32c8
light,DetectDataset_clean_v2/test/images/video1358__65b0f970fa4d2007.jpg,DetectDataset_clean_v2_motion_blur/light/images/video1358__65b0f970fa4d2007.png,640,640,3,3,135,65b0f970fa4d20072aa5e591b881f03de682a4bd974c8de8c6073f9bda2a2832,610ff629dc848a68b1d38a8658f8b3218c7fc7a4234dfec1ebbb57b89cef5f91
light,DetectDataset_clean_v2/test/images/video1362__f4b0a13efe8a9a48.jpg,DetectDataset_clean_v2_motion_blur/light/images/video1362__f4b0a13efe8a9a48.png,640,640,3,3,0,f4b0a13efe8a9a48c3db5dc3c3723818d1cf65783afced4ce075d94bcd4ea3df,0d4c13e31049bca336a8dd78080504106783bbf8b2ca1055b3bddf1b95f8240f
light,DetectDataset_clean_v2/test/images/video1373__f7b9dcb0775617e4.jpg,DetectDataset_clean_v2_motion_blur/light/images/video1373__f7b9dcb0775617e4.png,640,640,3,3,135,f7b9dcb0775617e4a56e201e5e76a81e0a1608907f12a1fb27bca3523b6ff4eb,ee05c5230326125caa3b1067928160df3c44c9d195736c12edf0a3cd578d9379
light,DetectDataset_clean_v2/test/images/video1374__6ac3d4baf1cb3c39.jpg,DetectDataset_clean_v2_motion_blur/light/images/video1374__6ac3d4baf1cb3c39.png,640,640,3,3,0,6ac3d4baf1cb3c39a6263e40e0a53536f75ca3ce81fdc4da18a8ea03eeb99e24,c6053b97d52b140b4cfd4012000b6c60025b6ea3f117d492e94a74ba73beefdb
light,DetectDataset_clean_v2/test/images/video1375__a2a17c833ac6fe18.jpg,DetectDataset_clean_v2_motion_blur/light/images/video1375__a2a17c833ac6fe18.png,640,640,3,3,90,a2a17c833ac6fe1883c1a4a825431790a372c1bbc998a3f4d359f2d865574e1b,bc8b0ef4b7ef84e836b09f4eb724adcf5a38b02b6ebb7970dd76de0f79965205
light,DetectDataset_clean_v2/test/images/video1375__e06aac4a9f0b92be.jpg,DetectDataset_clean_v2_motion_blur/light/images/video1375__e06aac4a9f0b92be.png,640,640,3,3,135,e06aac4a9f0b92be425c909375f84075a3ae0a9331ecd0ac869cc668dad7965a,a9b9c6fe4aa62ed9f8c60881bfb5a73a5ce781540a74d25fb010bb690da9cef7
light,DetectDataset_clean_v2/test/images/video14_109__e10436844bab6d42.jpg,DetectDataset_clean_v2_motion_blur/light/images/video14_109__e10436844bab6d42.png,640,640,3,3,135,e10436844bab6d42ea5180bca09250843d8ccc67dd891c6ac525058dd44ee843,bfd6d4a44e70230d7b2c5dd55c508350ed62e13b480ed85282d72486712a369c
light,DetectDataset_clean_v2/test/images/video14_115__1f6be58be08d940c.jpg,DetectDataset_clean_v2_motion_blur/light/images/video14_115__1f6be58be08d940c.png,640,640,3,3,0,1f6be58be08d940c019bc801a9b1ebc8abf231a84a60cd62db4a358c704a5ee1,f264477cdc75cb9c603a60c681ebe5addb3d01e6991a4198d97c69f27f6dd118
light,DetectDataset_clean_v2/test/images/video14_116__9262a227b8483f48.jpg,DetectDataset_clean_v2_motion_blur/light/images/video14_116__9262a227b8483f48.png,640,640,3,3,45,9262a227b8483f48f66c05d8241290262c96477ff548d8d4839292cad1eeba6d,ba74251fd486b74bcee18633cd9dfb74d1d9683a325bc01652c15309fc27a954
light,DetectDataset_clean_v2/test/images/video14_120__1272ab049b79cc36.jpg,DetectDataset_clean_v2_motion_blur/light/images/video14_120__1272ab049b79cc36.png,640,640,3,3,90,1272ab049b79cc36298e022254697c25281d488fb15e24fc3cb2ade9cd52a0e9,891d4ff0c734bb7f5417db47dcb3e1b66eb87a2f2c8bd4f3016d12da602697b1
light,DetectDataset_clean_v2/test/images/video14_130__3bd2745151de86ab.jpg,DetectDataset_clean_v2_motion_blur/light/images/video14_130__3bd2745151de86ab.png,640,640,3,3,45,3bd2745151de86ab8f74608b74f9ce0dbe933c8f9dbf05c52fd69821700f928f,79734246286df22f197113cf7a07ad83e13ff172de5f0fd3957ae1a7cb03da5b
light,DetectDataset_clean_v2/test/images/video14_142__0e8f6fc478927996.jpg,DetectDataset_clean_v2_motion_blur/light/images/video14_142__0e8f6fc478927996.png,640,640,3,3,45,0e8f6fc4789279963d13b5d53bcea575e6ceb0b88d5ed1d4888c7f6c6f5719cf,88da776972cce99b5ed95dec019fa87d4a1657396a805dfe4cdc8f952b1d5c34
light,DetectDataset_clean_v2/test/images/video14_142__ae8015946dec9dd5.jpg,DetectDataset_clean_v2_motion_blur/light/images/video14_142__ae8015946dec9dd5.png,640,640,3,3,135,ae8015946dec9dd503e669d5463f3066d7d62b8b3b3c83465c3f96339098c9ac,2e3f04ecc489f5ec6b8f79e7d2b74bd8aebf78ec09f1cb7f9b9dc5b2a4e1959a
light,DetectDataset_clean_v2/test/images/video14_155__d086cdee6de7c9e7.jpg,DetectDataset_clean_v2_motion_blur/light/images/video14_155__d086cdee6de7c9e7.png,640,640,3,3,45,d086cdee6de7c9e7ed75ed6ee9d0bccf60c61ffdf1ef7daba0e31e9e59de74a9,2fbc25c38b6cbd17aba438a1cbadc79bb0485881531aae4c3229feb84cbea85a
light,DetectDataset_clean_v2/test/images/video14_162__805548057233c740.jpg,DetectDataset_clean_v2_motion_blur/light/images/video14_162__805548057233c740.png,640,640,3,3,90,805548057233c74046f8d831988a628aca4719010a8b9db4e7d036a7538c226a,80a7f9b654b169daef6692b4616f6f25d911f0c68733114fcc1a723316aa02a6
light,DetectDataset_clean_v2/test/images/video14_162__d7e88e72c8aabe9a.jpg,DetectDataset_clean_v2_motion_blur/light/images/video14_162__d7e88e72c8aabe9a.png,640,640,3,3,90,d7e88e72c8aabe9aa56571b256591e06ffb4cf47decaf1891d37d16f899dfd7c,9933a95a0ceed0f7b8d7ce44aecf4143a2039696bfcd3267b055fef48ad38a1a
light,DetectDataset_clean_v2/test/images/video14_164__483583358e7e198b.jpg,DetectDataset_clean_v2_motion_blur/light/images/video14_164__483583358e7e198b.png,640,640,3,3,90,483583358e7e198b5c95861bdc437896113207454e7c25dcb8ecec2d11f750e5,2c22b086a9c011a0ea55fd4410da6f374f5e67da65b1c5afad7c44a58cf1c9fb
light,DetectDataset_clean_v2/test/images/video14_164__88ba591120e848a3.jpg,DetectDataset_clean_v2_motion_blur/light/images/video14_164__88ba591120e848a3.png,640,640,3,3,135,88ba591120e848a3cffca627a882798c429af024a5f2b1aeccc98dd251fcfd28,b138559ed8cb2fa6ff381249b6c8d348e0e59b1df21b944cfb7fad27d2b86732
light,DetectDataset_clean_v2/test/images/video14_165__958b613c47d12f65.jpg,DetectDataset_clean_v2_motion_blur/light/images/video14_165__958b613c47d12f65.png,640,640,3,3,45,958b613c47d12f654cc92930ff18c6049fc5fc18e48cee9fdecbe1640bb260c4,f434c3c8ab18a2456d9037fb2235939fc417c2ed4fd57e0204cbf456885f2cf0
light,DetectDataset_clean_v2/test/images/video14_165__ba30960d57110e51.jpg,DetectDataset_clean_v2_motion_blur/light/images/video14_165__ba30960d57110e51.png,640,640,3,3,90,ba30960d57110e5117b29f64c5451f5e29b90a400b1a914d7ff0e9e910a6b061,9f3e4b227d70b759c23005619959b24255e8644166941d1bca0a051c49338d60
light,DetectDataset_clean_v2/test/images/video14_177__edde21a484dcc427.jpg,DetectDataset_clean_v2_motion_blur/light/images/video14_177__edde21a484dcc427.png,640,640,3,3,135,edde21a484dcc4275f37f489409ec1eb662bd217e0172cc85b8048401db898af,482f4b09a458365994fad3aeb924d9a0f3b4f223e42b8dae86b1146e0ae79c30
light,DetectDataset_clean_v2/test/images/video14_179__c0547804a42e1211.jpg,DetectDataset_clean_v2_motion_blur/light/images/video14_179__c0547804a42e1211.png,640,640,3,3,45,c0547804a42e12114205ab6cba57dc54e25526a4492556136a16f8880969cd5d,3abfd70c032a88e1805f8c6c75cbfaf0c380aa5949cc3086ee43a1da9bc08245
light,DetectDataset_clean_v2/test/images/video14_179__f7af1d63adfd3616.jpg,DetectDataset_clean_v2_motion_blur/light/images/video14_179__f7af1d63adfd3616.png,640,640,3,3,0,f7af1d63adfd36162c8bdaba42ac41a32423241edc27f2896947d6f3dc91441d,95988df7589004607d83c860a89e835df624ed6bcfe136b02e84e033fb498236
light,DetectDataset_clean_v2/test/images/video14_185__639e550152187a40.jpg,DetectDataset_clean_v2_motion_blur/light/images/video14_185__639e550152187a40.png,640,640,3,3,90,639e550152187a40b2ac625f442277b290991c6c07a90657adcc796aea57fcdc,ac582ece0c53fc5cc969026e70b8bd0142c41b814d30ae635a192aa772bb9d76
light,DetectDataset_clean_v2/test/images/video14_185__80c97e3e168c400a.jpg,DetectDataset_clean_v2_motion_blur/light/images/video14_185__80c97e3e168c400a.png,640,640,3,3,135,80c97e3e168c400ac8814adee907abb6a5e43920899b5b0246d661094fbf0c57,c443036e72acc05f5c422ab3337c69752dc5135866dd91b92769822805c46996
light,DetectDataset_clean_v2/test/images/video14_188__2413ea03ade2e3d2.jpg,DetectDataset_clean_v2_motion_blur/light/images/video14_188__2413ea03ade2e3d2.png,640,640,3,3,45,2413ea03ade2e3d2f2dcb254140c47ccb9169fca762f89bee8800bc45804064e,acc4e5f17de07fae1b662516dd84628edadb20a5214b459353bb36210bf58a1c
light,DetectDataset_clean_v2/test/images/video14_191__01e46f150b309447.jpg,DetectDataset_clean_v2_motion_blur/light/images/video14_191__01e46f150b309447.png,640,640,3,3,0,01e46f150b3094475849166df2ecbf1ad471194c3ac4cfc7084002764287f5ea,23e8e02d509c54731a174af344c37fc5c119d693946e45ba91e33b8ba79d3d67
light,DetectDataset_clean_v2/test/images/video14_191__d59e9feddc09783a.jpg,DetectDataset_clean_v2_motion_blur/light/images/video14_191__d59e9feddc09783a.png,640,640,3,3,0,d59e9feddc09783a203aa2b3828c64c610ccd437a92114ea66916e064e5f28f5,9e18d2a5a2990b75e7f10d8b6e806370e9383512b92cfb513ab8f4bc1df95e9b
light,DetectDataset_clean_v2/test/images/video14_202__5b60171bcb3f8c64.jpg,DetectDataset_clean_v2_motion_blur/light/images/video14_202__5b60171bcb3f8c64.png,640,640,3,3,90,5b60171bcb3f8c64b80b8b76df2febe426e74adc749db57ba7e007901715f740,eb765c0888a1d81aec05f517e7c4a2c59b8d518444a0c64d45a3e90e2e195225
light,DetectDataset_clean_v2/test/images/video14_207__968e3e654b7dd745.jpg,DetectDataset_clean_v2_motion_blur/light/images/video14_207__968e3e654b7dd745.png,640,640,3,3,45,968e3e654b7dd74592760c4d0cffc0e923324ab37d8232a21853288d3f51d109,d9b2844396471c3bf0ffa28d53fb392ac2910c1bf6a7eb039f7447e477d3fbd5
light,DetectDataset_clean_v2/test/images/video14_40__0ebc1144b9023916.jpg,DetectDataset_clean_v2_motion_blur/light/images/video14_40__0ebc1144b9023916.png,640,640,3,3,90,0ebc1144b902391685a471c3963b61c248bd68b8e69f2d5c420c258c1a2c1649,f4568bf205d1463e9d562916cf6a08ed1de9b3acfc07d07fb15b2d1edf9f055a
light,DetectDataset_clean_v2/test/images/video14_40__6e3623f5fe016fd1.jpg,DetectDataset_clean_v2_motion_blur/light/images/video14_40__6e3623f5fe016fd1.png,640,640,3,3,45,6e3623f5fe016fd1083d40ed71ae82fe353c86d024d0cacb8ec6fbaeaa17e876,d32c9dc6859e6cf293a795ee5bb81ea0b6e49247b8979cdef1697ee95e431b95
light,DetectDataset_clean_v2/test/images/video14_42__17651b91bb6f7d97.jpg,DetectDataset_clean_v2_motion_blur/light/images/video14_42__17651b91bb6f7d97.png,640,640,3,3,135,17651b91bb6f7d97f99240deb1dbd9b69444da285e7222f1941a256847f2397c,eccf3e3ec1d7cb49a181b5794132b265c710cb8a3071795a2d044b51fb119431
light,DetectDataset_clean_v2/test/images/video14_52__44842a03c1f27e51.jpg,DetectDataset_clean_v2_motion_blur/light/images/video14_52__44842a03c1f27e51.png,640,640,3,3,45,44842a03c1f27e51b2a1f1435334bdd23c21f9766a3a12a25a48e54b652a0c7e,fd10be8937c6c304baac394e5e66d77e939d994ce9f92e2c7e3ce501860be67e
light,DetectDataset_clean_v2/test/images/video14_52__7ce50680b5c44624.jpg,DetectDataset_clean_v2_motion_blur/light/images/video14_52__7ce50680b5c44624.png,640,640,3,3,135,7ce50680b5c446240775f3ea1e4a4de2ca70f89100f2fa921df63c10ab479247,f178635f1a1bc59125ad17a98561f91da124385371e6e8ea80a107db170fffba
light,DetectDataset_clean_v2/test/images/video14_53__97c2c8f2b91dfda0.jpg,DetectDataset_clean_v2_motion_blur/light/images/video14_53__97c2c8f2b91dfda0.png,640,640,3,3,45,97c2c8f2b91dfda0cda0b8555c19b1341917f4581e21cd417d4c3723e0ed2f18,cca1b2ea2577ed45e980a5c58ffc3051a9fe91cd7fb3dfde7963274ecf4ec2fc
light,DetectDataset_clean_v2/test/images/video14_53__c99c4282ff153596.jpg,DetectDataset_clean_v2_motion_blur/light/images/video14_53__c99c4282ff153596.png,640,640,3,3,45,c99c4282ff153596df8732505dcfebdbf42c82681545c6bad540b55a3a291f4c,0be10579be23b4a033664deac0a34f727db10a9402c9ce5d5ee83433c62cab3e
light,DetectDataset_clean_v2/test/images/video14_56__d10d70852d16efad.jpg,DetectDataset_clean_v2_motion_blur/light/images/video14_56__d10d70852d16efad.png,640,640,3,3,45,d10d70852d16efad70b215958f76680610031f28087d30066f7ab666b1719715,f8ef0821a240bcf78dc6190048d476e9e33cdaa159f714f08f1bd5649433f45c
light,DetectDataset_clean_v2/test/images/video14_59__3127d84b714c7e1e.jpg,DetectDataset_clean_v2_motion_blur/light/images/video14_59__3127d84b714c7e1e.png,640,640,3,3,45,3127d84b714c7e1e96e913e3f6b5ee4ad54ea190ea9c42cd72540fcec4282b17,4284999d349cc369a513574ee70c2fb9960b559fd3b877f4c6e5a4ff8a9ec9f7
light,DetectDataset_clean_v2/test/images/video14_59__87da9db9a94cb981.jpg,DetectDataset_clean_v2_motion_blur/light/images/video14_59__87da9db9a94cb981.png,640,640,3,3,135,87da9db9a94cb981e70c42f1f2f69c6cd90c9de397b5ddbc807a4642a77a0b58,7b2e065343c63aee8e757f1e7dd50897c25d7f872cdf6c729792f64acf7974e3
light,DetectDataset_clean_v2/test/images/video14_60__408f5d275de53044.jpg,DetectDataset_clean_v2_motion_blur/light/images/video14_60__408f5d275de53044.png,640,640,3,3,90,408f5d275de5304444f1602cd6292cb7ee7f5acf1bd528d9619a14da3d40256e,748819d44255f0fc9fc479cb1159dba4e9d550c9705751421a4876d73968faf3
light,DetectDataset_clean_v2/test/images/video14_60__850226b6b24a9d0e.jpg,DetectDataset_clean_v2_motion_blur/light/images/video14_60__850226b6b24a9d0e.png,640,640,3,3,135,850226b6b24a9d0ea2d81d28cf6142183bb6c6dee0cfe3263ebc3bc96b126c38,c05ce2222ec412ece8eeccd0f734d1610322c9e87d954e6f0739a6d692295849
light,DetectDataset_clean_v2/test/images/video14_64__8b35bb9b0be32482.jpg,DetectDataset_clean_v2_motion_blur/light/images/video14_64__8b35bb9b0be32482.png,640,640,3,3,45,8b35bb9b0be324827199df969b13ce72c6055320c63b6c81ecd63e7bfbba6d69,2495fa4779f2b07655c83808b8a8e1767995b1fa01240f2ef38a8ec9411f9adf
light,DetectDataset_clean_v2/test/images/video14_64__d2ef99884167903e.jpg,DetectDataset_clean_v2_motion_blur/light/images/video14_64__d2ef99884167903e.png,640,640,3,3,45,d2ef99884167903e3b1eae02102c3650057faafa983fc033c5928f7cc05de931,1d19a2458398ec417547e442f0bd1f4536c66f82eaf28e6dccf8d4ee31cb3418
light,DetectDataset_clean_v2/test/images/video14_67__1efc409459ccd5bf.jpg,DetectDataset_clean_v2_motion_blur/light/images/video14_67__1efc409459ccd5bf.png,640,640,3,3,90,1efc409459ccd5bf9ae7e84bb8d335833a710c8919c55b10f88e2be336a555ed,a0086342642dbffa464bf01d2256de88662570d522e60251254e1a96f86585c7
light,DetectDataset_clean_v2/test/images/video14_67__3438a17eead24604.jpg,DetectDataset_clean_v2_motion_blur/light/images/video14_67__3438a17eead24604.png,640,640,3,3,90,3438a17eead24604a3ff86a4a45f41b432552717c78e54a4983b5a9052c0b79e,05517956fd0829083d4db5a90d0be87e3e0a91af8231182d71ab917519ed4f7e
light,DetectDataset_clean_v2/test/images/video14_68__13f6cdba54edc2f7.jpg,DetectDataset_clean_v2_motion_blur/light/images/video14_68__13f6cdba54edc2f7.png,640,640,3,3,0,13f6cdba54edc2f72317ad2f7cce416e9bdbf6f086ac4bf0351a933e9b559784,778f0da492dfb60f77dd270c48c1d78c78ccc3a8a774a4e6492dae502fb2b87b
light,DetectDataset_clean_v2/test/images/video14_74__c369559b02616243.jpg,DetectDataset_clean_v2_motion_blur/light/images/video14_74__c369559b02616243.png,640,640,3,3,45,c369559b026162436243a5be9af88871fdb67a5bad12e6e9dbba04062f54a704,8a854bc83af841bdf53359e74752f0068f010993cd0afb0826880776a65edba4
light,DetectDataset_clean_v2/test/images/video14_74__d9dce9a56299ef9a.jpg,DetectDataset_clean_v2_motion_blur/light/images/video14_74__d9dce9a56299ef9a.png,640,640,3,3,0,d9dce9a56299ef9ae48fd885592e8c5ed9bf04ee7614cdf1a94277d5afb69330,4667492a07aa26edb6e423ea67633359ea689e49c51d7e5030eba59821d18ad3
light,DetectDataset_clean_v2/test/images/video14_86__8ad1a968a4896626.jpg,DetectDataset_clean_v2_motion_blur/light/images/video14_86__8ad1a968a4896626.png,640,640,3,3,135,8ad1a968a4896626d68b33b359505848db5274d081b0ab861896e574e58b7351,f2c282d38cf25b704376609110118b84767a44afe4c51e202cd58049f9bd579c
light,DetectDataset_clean_v2/test/images/video14_86__f4d6bbce6fa674d8.jpg,DetectDataset_clean_v2_motion_blur/light/images/video14_86__f4d6bbce6fa674d8.png,640,640,3,3,90,f4d6bbce6fa674d8ece79f357216ff12d94f2c9656a117f3c8f3c1f99056d132,8d57a1f2ac0a38075afc53befc75140cca5ea77f0154504a4cfa239a9f2a958b
light,DetectDataset_clean_v2/test/images/video14__52d9e42eb6133b3d.jpg,DetectDataset_clean_v2_motion_blur/light/images/video14__52d9e42eb6133b3d.png,640,640,3,3,90,52d9e42eb6133b3deafbf32a2b43492ed1259f45774bc02c30fcadc1fca8a3ea,254c6bf87cf51ac8fdc58468b7a0a9ef3263bb959ab0bccd015d30eb1f65b015
light,DetectDataset_clean_v2/test/images/video14__90b10a64243901d1.jpg,DetectDataset_clean_v2_motion_blur/light/images/video14__90b10a64243901d1.png,640,640,3,3,135,90b10a64243901d1bf3c6921cc4b9797588309724fda448859408d0b3dc5916b,5403bc791b21b92050e954122682673a29e4e97ef683f8ad01fc37fc2c7edd57
light,DetectDataset_clean_v2/test/images/video15_305__6e2f5ca1fa8e7411.jpg,DetectDataset_clean_v2_motion_blur/light/images/video15_305__6e2f5ca1fa8e7411.png,640,640,3,3,90,6e2f5ca1fa8e7411a37c90c5dd51eb91046bb8196ff280d7f3edd13f436182a2,599f1e4765e031b0555b7b490093b213caa5c5a80371273a69139e9d977ff0a6
light,DetectDataset_clean_v2/test/images/video15_305__b79c3cf4211f741e.jpg,DetectDataset_clean_v2_motion_blur/light/images/video15_305__b79c3cf4211f741e.png,640,640,3,3,135,b79c3cf4211f741e6c1f99a01170b5eccc4d66622f44a2451340a11c96c89568,0d6fe23c02962b361433a73844ec4ee5f4715f0fffe8e74c3bef0d76279b170d
light,DetectDataset_clean_v2/test/images/video15_330__5dc53f589f3c7a36.jpg,DetectDataset_clean_v2_motion_blur/light/images/video15_330__5dc53f589f3c7a36.png,640,640,3,3,135,5dc53f589f3c7a364473047a13930b6480847849ff8ae4f09383b7a254a0094b,d2617da7d921f9c00752300c193b2cb86247b00a54f62a32b75fd9ab9b7a875f
light,DetectDataset_clean_v2/test/images/video15_338__6b9689d7489f0c33.jpg,DetectDataset_clean_v2_motion_blur/light/images/video15_338__6b9689d7489f0c33.png,640,640,3,3,45,6b9689d7489f0c334d1252eeaba07007eeb6f4856ff9cdcaecc0ce9d082bd29b,f4fd9172aa1a36fa1f066383a4c5c5deabcaca5b09fa107360f1e80bcebc0a3f
light,DetectDataset_clean_v2/test/images/video15_339__9dd1f7c1ede6bddb.jpg,DetectDataset_clean_v2_motion_blur/light/images/video15_339__9dd1f7c1ede6bddb.png,640,640,3,3,45,9dd1f7c1ede6bddb8301a880d79969f241fc7480b9e49b65f804184f6786c694,63e703186e016a593f069b06fa0e45d2b8c076e123d50a621be3da4717e6bb57
light,DetectDataset_clean_v2/test/images/video15_341__10e4dc88f1b2f002.jpg,DetectDataset_clean_v2_motion_blur/light/images/video15_341__10e4dc88f1b2f002.png,640,640,3,3,0,10e4dc88f1b2f002387356745d85ff29f67e8eaa65e66e00bc39bc4ade33c3b8,af8354c7ebcabf91ccdd78f363095d909783ffff7251146a307894d851599614
light,DetectDataset_clean_v2/test/images/video15_341__c8e03a31ea05f2a4.jpg,DetectDataset_clean_v2_motion_blur/light/images/video15_341__c8e03a31ea05f2a4.png,640,640,3,3,90,c8e03a31ea05f2a4d60200ce9202eddc57e04aab5478e85c6bd0b53ee07c47e0,757820e19b8ebec14a765c580dd0d358571c92195010f46451815012e79985f1
light,DetectDataset_clean_v2/test/images/video15_342__9a87eedc8a1fba3c.jpg,DetectDataset_clean_v2_motion_blur/light/images/video15_342__9a87eedc8a1fba3c.png,640,640,3,3,135,9a87eedc8a1fba3ca9319c6ef5433d68e026abd88d06ed498513cc668e9f8864,07776e9c3af2029565b971fde3935c94a8b0340c7a7de4bb4d8fb3f3521e4867
light,DetectDataset_clean_v2/test/images/video15_346__024c0a2ed19a3933.jpg,DetectDataset_clean_v2_motion_blur/light/images/video15_346__024c0a2ed19a3933.png,640,640,3,3,135,024c0a2ed19a39331569c5f6bfb278ed99116049d475041779d433ade97f2f37,20dbb5069174832e69959476ec2a8e75805473e7f0c625d594bc6e41afc7b0d1
light,DetectDataset_clean_v2/test/images/video15_348__413268ea8bc67cac.jpg,DetectDataset_clean_v2_motion_blur/light/images/video15_348__413268ea8bc67cac.png,640,640,3,3,135,413268ea8bc67cacfac4686107453bfa365081f9831707e34d2edd22b0be6c02,21a13a6dc676f91914be398ed9a6e4be063e456f47066d4a32000892273f72d1
light,DetectDataset_clean_v2/test/images/video15_349__fe83591f035f7f9d.jpg,DetectDataset_clean_v2_motion_blur/light/images/video15_349__fe83591f035f7f9d.png,640,640,3,3,90,fe83591f035f7f9db66a3f9c225e76e53bdbc513db6111f915b68b917ee98d9e,f925711ac6865fea78c8b10789f707f3acc17f7b0283be5da332658637f4ffbb
light,DetectDataset_clean_v2/test/images/video15_367__3764663a7c1b5b5b.jpg,DetectDataset_clean_v2_motion_blur/light/images/video15_367__3764663a7c1b5b5b.png,640,640,3,3,90,3764663a7c1b5b5b8901292e4aaebad46baae0f1bfc7460cc54ccf32860e42b0,8a117c80079dda7aa63cd92632c0f75d557e9fa7cc534193a1da6823f3f9e681
light,DetectDataset_clean_v2/test/images/video15_371__25ca97d281bf1030.jpg,DetectDataset_clean_v2_motion_blur/light/images/video15_371__25ca97d281bf1030.png,640,640,3,3,0,25ca97d281bf1030fdfaff6873bc9cbc2633ce83d6a2302468c36149e188c0a0,641132ee033e3521c95fb158e171dfcb5c675a99c96d0e9af050a1621b5f29d4
light,DetectDataset_clean_v2/test/images/video15_386__9c94b60d2c9e1197.jpg,DetectDataset_clean_v2_motion_blur/light/images/video15_386__9c94b60d2c9e1197.png,640,640,3,3,90,9c94b60d2c9e119790173f14e6b74c82c79172a6310050a90ff15377b5b9a265,45f7b931b125df3c8469c218ea8135202d6ec06111821e91ea6d91ae48034606
light,DetectDataset_clean_v2/test/images/video15_411__69b36d85180a782e.jpg,DetectDataset_clean_v2_motion_blur/light/images/video15_411__69b36d85180a782e.png,640,640,3,3,45,69b36d85180a782e78b5663f63a754ca29d544f444d20a25682ecae2bea32b25,96ccbd67f7feaa1eb87624d132f6c0965735de0ae26cd54e75a6e3abc2103ae8
light,DetectDataset_clean_v2/test/images/video15_415__0488ea314f0beb3a.jpg,DetectDataset_clean_v2_motion_blur/light/images/video15_415__0488ea314f0beb3a.png,640,640,3,3,45,0488ea314f0beb3a5e0ec2122a6fab8181ee1d50bd89c2b009011bf05089e43a,604f5cf16f329f9934a8539815847202d780a2b05449ce2f4639acf1ea4c788a
light,DetectDataset_clean_v2/test/images/video15_419__2fbb3a8a0715ff28.jpg,DetectDataset_clean_v2_motion_blur/light/images/video15_419__2fbb3a8a0715ff28.png,640,640,3,3,45,2fbb3a8a0715ff2819f3edf772c95c18666153573e2468ee5b6e763d0b935ff1,19bdbcaed586d8b42675ba5dc15171c190aa16153ea85fc06d090a53cf01c6b5
light,DetectDataset_clean_v2/test/images/video15_436__ee6142e24cb10292.jpg,DetectDataset_clean_v2_motion_blur/light/images/video15_436__ee6142e24cb10292.png,640,640,3,3,135,ee6142e24cb102926117f482e818e5929667466fc7ef56c96a6140a7875502b2,5c3924ba0ec67a06ed24f25ef34356668de5acd8bfb29013c7ed6f43be38fae4
light,DetectDataset_clean_v2/test/images/video15_438__5b2112a89935da12.jpg,DetectDataset_clean_v2_motion_blur/light/images/video15_438__5b2112a89935da12.png,640,640,3,3,135,5b2112a89935da12714d1520f8f4d9a8bf4b1e9d07b3c3caf3d9340db437407f,d193d5f3c95e12bb47c8df9806d2e2d1c7f1e1fe998b0179aadcca8b97b4bd77
light,DetectDataset_clean_v2/test/images/video15_441__d711611e1271a230.jpg,DetectDataset_clean_v2_motion_blur/light/images/video15_441__d711611e1271a230.png,640,640,3,3,135,d711611e1271a23082c1410f5353e72723918477f8e7f27317d2f7635994a2e9,8365270837b9bd735db0d4d48c9586e321a3540436e81dd9a7c352ccbf1b6037
light,DetectDataset_clean_v2/test/images/video15_476__92eaac958b3307f5.jpg,DetectDataset_clean_v2_motion_blur/light/images/video15_476__92eaac958b3307f5.png,640,640,3,3,135,92eaac958b3307f5cc407d12ac6d2624a72dc10fd7a296e953bece1bc0549039,936732774feb6d41be34d4801d170729a7553b906c070a5b4ef106858fd15b21
light,DetectDataset_clean_v2/test/images/video16_108__535f32215dc632bc.jpg,DetectDataset_clean_v2_motion_blur/light/images/video16_108__535f32215dc632bc.png,640,640,3,3,45,535f32215dc632bc462986cb8e85ad78dffc09752a1bc4cc8cef87300dc5df64,481b4933fb512bf7a5597b41bfa072ec66b564ef9f7dc493b510543c89ef518f
light,DetectDataset_clean_v2/test/images/video16_121__608e1b7a1c62cc44.jpg,DetectDataset_clean_v2_motion_blur/light/images/video16_121__608e1b7a1c62cc44.png,640,640,3,3,0,608e1b7a1c62cc44aea96058a0540382f6f52d2c87856aab19911b0f8d6542c8,68e79f81c49051ca271ed37fd8f7dc745d73d6e1f388d9b37236ede900276dae
light,DetectDataset_clean_v2/test/images/video16_121__c69a7e2cd6286c37.jpg,DetectDataset_clean_v2_motion_blur/light/images/video16_121__c69a7e2cd6286c37.png,640,640,3,3,135,c69a7e2cd6286c3735eb137835a2536c1fc3ca3656e0bd0154d1565f3945ca63,dbb3e64f0584aa182684d559a84bf561b6691252eac03a42254ca13fa0bc88be
light,DetectDataset_clean_v2/test/images/video16_134__6bc9551e08a679d8.jpg,DetectDataset_clean_v2_motion_blur/light/images/video16_134__6bc9551e08a679d8.png,640,640,3,3,0,6bc9551e08a679d83e7a2f8388e3304b46faee4ede31696584968223c791b42f,a41d5cad76f6028bbf2a4eef1ef2152fc5b3685ebf593ce64297481119e74450
light,DetectDataset_clean_v2/test/images/video16_142__ad9e48caf4e1cb76.jpg,DetectDataset_clean_v2_motion_blur/light/images/video16_142__ad9e48caf4e1cb76.png,640,640,3,3,90,ad9e48caf4e1cb76090ea7199514ce9c340f084998da9942ce90390b1b094a86,dd28ace154e1f4e989255b8c871d98a55e3ae39afbc2bf1470a83af7db4448a0
light,DetectDataset_clean_v2/test/images/video16_142__d32d8a4ad750a564.jpg,DetectDataset_clean_v2_motion_blur/light/images/video16_142__d32d8a4ad750a564.png,640,640,3,3,0,d32d8a4ad750a56487a851e46befdf36eff0e432ffd24a06fc20402c37d58060,b403137c9cfb26f9f76f31f0d3bdf3cddd46f23d0fa5648376bb2820a93e6d5f
light,DetectDataset_clean_v2/test/images/video16_162__8cb7c5871b7f1db9.jpg,DetectDataset_clean_v2_motion_blur/light/images/video16_162__8cb7c5871b7f1db9.png,640,640,3,3,135,8cb7c5871b7f1db9a24ff3846cea6639d83733e04680feb2e40e8873edaa9c04,f6687e055fdbbf827469830ab157e17bf6be72dc38710a2f7fc3f6adf5d5f167
light,DetectDataset_clean_v2/test/images/video16_162__cf3836b5f99c7058.jpg,DetectDataset_clean_v2_motion_blur/light/images/video16_162__cf3836b5f99c7058.png,640,640,3,3,135,cf3836b5f99c70581ff24d1f345870acac56cd624c88cef300c3832cdbdc4dfe,6b90f0916ac5f218ed84a475fe8ac387356011b5cb037b91ef95124ed747b27b
light,DetectDataset_clean_v2/test/images/video16_171__0b4e851169a91462.jpg,DetectDataset_clean_v2_motion_blur/light/images/video16_171__0b4e851169a91462.png,640,640,3,3,0,0b4e851169a914625a3e9ddda552648391cf2888e2f969d168e359332f1da728,b7948ce412a139b3f3b82eaeda3f9e5512f44fd17f1a78ef68a667a660802351
light,DetectDataset_clean_v2/test/images/video16_203__0ff5b505bbcce167.jpg,DetectDataset_clean_v2_motion_blur/light/images/video16_203__0ff5b505bbcce167.png,640,640,3,3,0,0ff5b505bbcce1672ea47c6a975d03d207d0ccba91c8ad9f48fa86c5b5174efd,906c6e27e15fdde94d276069cb73a0220f2d459b885b90cd1930cfd176ba5d49
light,DetectDataset_clean_v2/test/images/video16_203__84930ddbb346fa03.jpg,DetectDataset_clean_v2_motion_blur/light/images/video16_203__84930ddbb346fa03.png,640,640,3,3,135,84930ddbb346fa03b9a65ca01135cf2029c6a0683c4161b9085fc1fb424ecbe2,c49b3d7335ceecfac1fae05842e9f06378919073bc09d2b1f737b88b2e624b2b
light,DetectDataset_clean_v2/test/images/video16_208__858fef7a0b86e61e.jpg,DetectDataset_clean_v2_motion_blur/light/images/video16_208__858fef7a0b86e61e.png,640,640,3,3,45,858fef7a0b86e61e126f6ebfdcd93ae78e0e682a00dad866881fb282a820d1cd,d6390154b9542578313cde68ced41bf95fa45c177b3dda19896063bcff168f1a
light,DetectDataset_clean_v2/test/images/video16_210__c6b4bdc8d592f444.jpg,DetectDataset_clean_v2_motion_blur/light/images/video16_210__c6b4bdc8d592f444.png,640,640,3,3,90,c6b4bdc8d592f4446d29221f0b2555887ddb584c82c6d18a73893471e917e994,51e29f4662e58079a9bc2962669933cf4e624a9d8f9f24bb5643973ebde13687
light,DetectDataset_clean_v2/test/images/video16_210__f1627cc2588852a9.jpg,DetectDataset_clean_v2_motion_blur/light/images/video16_210__f1627cc2588852a9.png,640,640,3,3,90,f1627cc2588852a974f0cfcc83110f6161be691d24f400aee366ddd57349e63e,a05bc1f659b2d2174a61f851ef6ef3708df6cef6b0429bd920270056d218647b
light,DetectDataset_clean_v2/test/images/video16_218__ed6f19213b7ad69a.jpg,DetectDataset_clean_v2_motion_blur/light/images/video16_218__ed6f19213b7ad69a.png,640,640,3,3,90,ed6f19213b7ad69ad702136bb1e8b311affe631b0930b206d89fbdde05e9672c,3cf2ef508d936bd970cf866c67a4d17e70020236d72c71235547b7be510aa715
light,DetectDataset_clean_v2/test/images/video16_220__62671ef3b4399b54.jpg,DetectDataset_clean_v2_motion_blur/light/images/video16_220__62671ef3b4399b54.png,640,640,3,3,90,62671ef3b4399b5491fbcf44936aeded29fbb51c3503fc29edc5a4568094c259,285a9f6de7a263f584b34acc4f131858e091ced672a6ee7ad588dc6b10c1d68a
light,DetectDataset_clean_v2/test/images/video16_220__ade661d03a166a77.jpg,DetectDataset_clean_v2_motion_blur/light/images/video16_220__ade661d03a166a77.png,640,640,3,3,45,ade661d03a166a77dc3c0219803a407bbca13e10354a5bacbfdaa4a8b002b4b2,ff2ab5d64527db7755d470dab64176fdfae4f7c8add5b80abe89f63c206e7fd4
light,DetectDataset_clean_v2/test/images/video16_221__8b3f6aa80fa7086f.jpg,DetectDataset_clean_v2_motion_blur/light/images/video16_221__8b3f6aa80fa7086f.png,640,640,3,3,0,8b3f6aa80fa7086f324e0424fc9bc4e13f39369f9aa73cde8db97312c0311742,6e023557b3de7dde52b0a83b5c88cf7c063d0c9a8dbabc907af0f029a1db89ec
light,DetectDataset_clean_v2/test/images/video16_221__d3032cd204704c89.jpg,DetectDataset_clean_v2_motion_blur/light/images/video16_221__d3032cd204704c89.png,640,640,3,3,45,d3032cd204704c8953dc613c7cc48b8fcdd01ba524e58603c177b74e48456d4d,95658138f794413c2844712f024ba1dbe12b9c56454dc62e9f74a497f918808d
light,DetectDataset_clean_v2/test/images/video16_227__17f7cc75d1ff143a.jpg,DetectDataset_clean_v2_motion_blur/light/images/video16_227__17f7cc75d1ff143a.png,640,640,3,3,90,17f7cc75d1ff143a72546e587d9f43019c79da7d46ac2c0b1a3f38b4eb4f38da,81380b053a5fa1f7e12210ba76496efdd1e90594d017e73114351c718030c0f5
light,DetectDataset_clean_v2/test/images/video16_227__f0f6422c3569866b.jpg,DetectDataset_clean_v2_motion_blur/light/images/video16_227__f0f6422c3569866b.png,640,640,3,3,45,f0f6422c3569866b3669fd1a8b742d35a62ca4b8ecd6cc7e6f64732cbb9a87af,93c0bfa951f1941bb0059336220ca7fdb016e7ba90bf807ceb5044aa6049757d
light,DetectDataset_clean_v2/test/images/video16_229__93ce7227ed7d7aab.jpg,DetectDataset_clean_v2_motion_blur/light/images/video16_229__93ce7227ed7d7aab.png,640,640,3,3,45,93ce7227ed7d7aab55dddfe27fca5bbdd875aafc01e2535be7251229811e4c2b,c5fff69c72c6c9d78f72d9c19c323f3b55e2619dfd5212afc6e71ce08d2d4945
light,DetectDataset_clean_v2/test/images/video16_230__059e9a2598411e1b.jpg,DetectDataset_clean_v2_motion_blur/light/images/video16_230__059e9a2598411e1b.png,640,640,3,3,135,059e9a2598411e1bf2d4902d110462849d985a67ed6dce8940b6d2a9e1bb40f9,1fe81ceb107354e9022805e1ef77de6949e802c1ef2ec84eaa7c97832d351b37
light,DetectDataset_clean_v2/test/images/video16_230__d13a566980521a23.jpg,DetectDataset_clean_v2_motion_blur/light/images/video16_230__d13a566980521a23.png,640,640,3,3,0,d13a566980521a23314f4b555731d24557f0080afab459833488efef00881641,988f23e91233351efb91b4f588941496061cd4ef8768e61b25590bafc17541a5
light,DetectDataset_clean_v2/test/images/video16_237__191e7182428874ff.jpg,DetectDataset_clean_v2_motion_blur/light/images/video16_237__191e7182428874ff.png,640,640,3,3,45,191e7182428874ffbf5a911e545070e20c396a4356618e34922207d0e70a49d6,dfe245fb0a1dcae093413792ddc8ecb2922595217f57991e291d4b66ede12598
light,DetectDataset_clean_v2/test/images/video16_237__e18981a572108e8c.jpg,DetectDataset_clean_v2_motion_blur/light/images/video16_237__e18981a572108e8c.png,640,640,3,3,90,e18981a572108e8c7aafaaa403cec3529b2f89a104e6f28d1edcb1aa1843473a,ec7c0eb8406a8c7b27d8d3e7a2b6c856dcccc6111b988c750230a5b6fcab5718
light,DetectDataset_clean_v2/test/images/video16_239__127e586a70ece58e.jpg,DetectDataset_clean_v2_motion_blur/light/images/video16_239__127e586a70ece58e.png,640,640,3,3,0,127e586a70ece58ebddc9ebce1d6e1fd1e6200277671644e2feca586d1bb9b3b,68eaf0310b1508335cb33164f3a576b10a4027ef479df60a39ad9d01f113810f
light,DetectDataset_clean_v2/test/images/video16_239__775124c2cc4e5753.jpg,DetectDataset_clean_v2_motion_blur/light/images/video16_239__775124c2cc4e5753.png,640,640,3,3,135,775124c2cc4e57535facd6e9a5ef679a8cd5ae584fe3ceb5965d0c569cb8a288,56bef850680c8bd5dfacf820d9ecd9404cb38e566b8897a462cd7081ac31e717
light,DetectDataset_clean_v2/test/images/video16_247__89cd804b50a67424.jpg,DetectDataset_clean_v2_motion_blur/light/images/video16_247__89cd804b50a67424.png,640,640,3,3,135,89cd804b50a67424c6bd8018e21771fae74b012577e4113a1f65d1204febf12a,7a3c756f28f82b701c8e21d3553d3b9ab3a2ef6464308b1654e3a1229886e306
light,DetectDataset_clean_v2/test/images/video16_249__d25bcef439e43e5a.jpg,DetectDataset_clean_v2_motion_blur/light/images/video16_249__d25bcef439e43e5a.png,640,640,3,3,0,d25bcef439e43e5aae8cd300a5cf9c3efc3fbc581c1edfbdded3cc44a680d1a4,f064ce94dd054eae152a36ab864aea3ccb78faf5ce5147b537d0c434e73c0aec
light,DetectDataset_clean_v2/test/images/video16_257__b315e3cc8190354e.jpg,DetectDataset_clean_v2_motion_blur/light/images/video16_257__b315e3cc8190354e.png,640,640,3,3,45,b315e3cc8190354efa840e6a1b846a5cd3bb374ea6195f9cd0d4a03e9b9f72c4,346a0940811a793c3b100cedc934fc974a73bb538f1be49af00ad846085bc15a
light,DetectDataset_clean_v2/test/images/video16_259__1404a2bd2c06976f.jpg,DetectDataset_clean_v2_motion_blur/light/images/video16_259__1404a2bd2c06976f.png,640,640,3,3,90,1404a2bd2c06976f7c005a2e388ca003bac33c5192e3573a1abdda0f50c085c2,c9b4710b45bf00e36e403b4f3c0e235e1c8b4870a0f22133eeccbdf660918ca2
light,DetectDataset_clean_v2/test/images/video16_326__25c6dab1624ad7c4.jpg,DetectDataset_clean_v2_motion_blur/light/images/video16_326__25c6dab1624ad7c4.png,640,640,3,3,0,25c6dab1624ad7c4de1f0e9edd9a7a741f8c08d29a9cc1d06be34ff6c7449cdd,11b3392f3d80b51f0b94e215939d7fd602e207b3c8bca067900829b15572b801
light,DetectDataset_clean_v2/test/images/video16_328__8f9e8dd5580707ac.jpg,DetectDataset_clean_v2_motion_blur/light/images/video16_328__8f9e8dd5580707ac.png,640,640,3,3,135,8f9e8dd5580707ac2a719c2f0c004896f99a3b7c33175609206a6dfb57e3f7ae,ec8149e52b41c72184e8cb347f486b28134d1c4701ef22036b7035e7e06b4aa5
light,DetectDataset_clean_v2/test/images/video16_338__de8c9c20990d511c.jpg,DetectDataset_clean_v2_motion_blur/light/images/video16_338__de8c9c20990d511c.png,640,640,3,3,0,de8c9c20990d511c44f6284e3fef8edb55bf2c42eed01e311bfe33c6a5f66867,a20f180c937e5799a2da8d30d3b86ba49496a20fc19dae5c5b635234a4209908
light,DetectDataset_clean_v2/test/images/video16_349__eb8ea8e33e03ecd6.jpg,DetectDataset_clean_v2_motion_blur/light/images/video16_349__eb8ea8e33e03ecd6.png,640,640,3,3,45,eb8ea8e33e03ecd6e7403ec51b3c8eb5ef3a3a4ed900cabc9018b32ed8ce5804,81e523c52dedce42ec5f41e6b64c49313ba5ed629cde1977f462737a53702356
light,DetectDataset_clean_v2/test/images/video16_350__5d4edaed865e4692.jpg,DetectDataset_clean_v2_motion_blur/light/images/video16_350__5d4edaed865e4692.png,640,640,3,3,45,5d4edaed865e469215caa51be92b24144cb4c8b579e40a41875445cf605b8b1c,b1089186d06c4f2d4fe52288d7ede903de8947c4b02162c7932b7b539fd6cedd
light,DetectDataset_clean_v2/test/images/video16_354__56f88952189b7021.jpg,DetectDataset_clean_v2_motion_blur/light/images/video16_354__56f88952189b7021.png,640,640,3,3,45,56f88952189b7021d3c01b5b7bcb1c4882ac35e90521005810f9025e7269e175,72b08a29c388892c393ecd05172a3f935e25ee7c082e62b838c66650def67989
light,DetectDataset_clean_v2/test/images/video16_354__93ca3489170f0e44.jpg,DetectDataset_clean_v2_motion_blur/light/images/video16_354__93ca3489170f0e44.png,640,640,3,3,135,93ca3489170f0e444ab6ce1732c18ee03a25e343716a21c10d920168344af27c,57ae27779bd2e7e5b1e86e584c6d80c82a329dbd333e7558edc17faa17fb78d7
light,DetectDataset_clean_v2/test/images/video16_356__d300f191052cdef7.jpg,DetectDataset_clean_v2_motion_blur/light/images/video16_356__d300f191052cdef7.png,640,640,3,3,0,d300f191052cdef76be89983f178a5fb8c28dd4666f33a5c0ee8aa1b8062d991,d963f29de532be66f08ba71f554ffd7da640685df332da48738185ec42668dec
light,DetectDataset_clean_v2/test/images/video16_363__81a11899c48f2cf4.jpg,DetectDataset_clean_v2_motion_blur/light/images/video16_363__81a11899c48f2cf4.png,640,640,3,3,45,81a11899c48f2cf4c90984864b3b9581399ea48c34f51f73ebc37be1c479daab,ed2bb670156be3e9a315c003f88d2d65ea306e1443f3e1dbb878c92620246764
light,DetectDataset_clean_v2/test/images/video16_365__74c2c41beaad6c92.jpg,DetectDataset_clean_v2_motion_blur/light/images/video16_365__74c2c41beaad6c92.png,640,640,3,3,0,74c2c41beaad6c92c11114744ba0120f9d556241d20650764dd4fa638d735345,4d9aa9d2174c68adcc1cc9cc420e006a58d16d16ebf336c87155dbf589db3bed
light,DetectDataset_clean_v2/test/images/video16_374__51e150af5f6d27ce.jpg,DetectDataset_clean_v2_motion_blur/light/images/video16_374__51e150af5f6d27ce.png,640,640,3,3,135,51e150af5f6d27ceb93928f4c5dcc12894fcd46d0f0669d7e71e172e337c7dd9,4544be11bcc48315e037ec5da6e7223e08b3536467b9b01342922e44ed0f9bdb
light,DetectDataset_clean_v2/test/images/video16_374__edeed6f1a32d02f7.jpg,DetectDataset_clean_v2_motion_blur/light/images/video16_374__edeed6f1a32d02f7.png,640,640,3,3,45,edeed6f1a32d02f70648daac8d0d15aadb05caf6aefa85ea5cec4d6c7a301eb0,1215058eec7e7da776f9e77ea8b214ecb0d290292f1432eb6365431fad972685
light,DetectDataset_clean_v2/test/images/video16_376__2cd033978f35e2e9.jpg,DetectDataset_clean_v2_motion_blur/light/images/video16_376__2cd033978f35e2e9.png,640,640,3,3,0,2cd033978f35e2e99b9c318b71663012eb2d8b7fd6cdfb9583f1a5cf868bc795,53f5761785f1ecae43790dcb522acb6692eb4d5a49b13fac3e403ab29f7d870a
light,DetectDataset_clean_v2/test/images/video16_377__a842370fee9af029.jpg,DetectDataset_clean_v2_motion_blur/light/images/video16_377__a842370fee9af029.png,640,640,3,3,45,a842370fee9af02905cc590b84fd236c2f75d5d0687f2ec76cc94a241a5a3412,a153087295be40efabe4507dda82e1815c277c9b6b68781c99c930cf2ebc559d
light,DetectDataset_clean_v2/test/images/video16_377__c16b8f95f84e5d02.jpg,DetectDataset_clean_v2_motion_blur/light/images/video16_377__c16b8f95f84e5d02.png,640,640,3,3,45,c16b8f95f84e5d024c6bb865d59a5d2a95dc62e7cfe641c0592fa5e395fa6a2d,873404f482b5abdc5feccd6acb615d1ad74842713e75358794d33b1ced60f2d8
light,DetectDataset_clean_v2/test/images/video16_383__dbd828490a25aabb.jpg,DetectDataset_clean_v2_motion_blur/light/images/video16_383__dbd828490a25aabb.png,640,640,3,3,90,dbd828490a25aabb9c31ee45cc51d3446f42dc0b2ac635993e62fcf764d54ecf,2bdf151ac565d82e170074a6df3843653e9fa1c4a1a671837af82f5cb73f922f
light,DetectDataset_clean_v2/test/images/video16_388__35d205e045dc12de.jpg,DetectDataset_clean_v2_motion_blur/light/images/video16_388__35d205e045dc12de.png,640,640,3,3,45,35d205e045dc12de5c95d6980adef6d32940fbdcbfe285248332cc15451f7192,c0d3f9e624dcf9bd73b93fc34bc6ac3f54b245cbe1b10220f08f94992f9ebe00
light,DetectDataset_clean_v2/test/images/video16_388__d48be18491621b02.jpg,DetectDataset_clean_v2_motion_blur/light/images/video16_388__d48be18491621b02.png,640,640,3,3,45,d48be18491621b027e9646a3d4d3ccf58fe53a236966297284707ef4701202bf,821a633470dbf555469de78ed1a6373bfb36979f2322e9c45e116193578b4fba
light,DetectDataset_clean_v2/test/images/video16_408__743a42e73964fe48.jpg,DetectDataset_clean_v2_motion_blur/light/images/video16_408__743a42e73964fe48.png,640,640,3,3,90,743a42e73964fe48fabcac98c45d8a03b2493c09f813157c5a2905eca9a838bc,607731ce4ee2642366042169f0b1ad19bde2ac7104d8cf8c1c430c32c1785a38
light,DetectDataset_clean_v2/test/images/video16_408__e6db778f8907523a.jpg,DetectDataset_clean_v2_motion_blur/light/images/video16_408__e6db778f8907523a.png,640,640,3,3,0,e6db778f8907523ad70dc29ac037f0e88c96f3bc98f67d05e5dd5b1711e1e6de,8c0b24b3a752206f6ae7f79943d900981c2321b1ce4c2c8a40653ee0f11b4bf0
light,DetectDataset_clean_v2/test/images/video16_453__c10eeab514799863.jpg,DetectDataset_clean_v2_motion_blur/light/images/video16_453__c10eeab514799863.png,640,640,3,3,45,c10eeab514799863927570b42f335ca1f7dd1676de0f7c4ad9b9cde4c650165e,0ff38583c94810ca8d99ee0352be8092a2cc54636a328d8474de82654bcb4c79
light,DetectDataset_clean_v2/test/images/video16_466__e53f4f5816c7af54.jpg,DetectDataset_clean_v2_motion_blur/light/images/video16_466__e53f4f5816c7af54.png,640,640,3,3,45,e53f4f5816c7af5479e7bec8003ec4d153c96c90a0daf8d16eee18270e6fffc1,c412275d7dfbe2d1324583f609a67bc08271d180220f64bea813d3c8e66b07e5
light,DetectDataset_clean_v2/test/images/video16_471__94d7094ad6234383.jpg,DetectDataset_clean_v2_motion_blur/light/images/video16_471__94d7094ad6234383.png,640,640,3,3,0,94d7094ad62343830acd7a56719b57a8cfb740524ae280201f631a3de1327485,c6ef27a91361eceaa68a0b7f2f7edec4167f24060e24c3ad707a3cd37270b399
light,DetectDataset_clean_v2/test/images/video16_471__de16601aa4414d5a.jpg,DetectDataset_clean_v2_motion_blur/light/images/video16_471__de16601aa4414d5a.png,640,640,3,3,90,de16601aa4414d5ada426ec5ed0bc5ae31029569f169f621754dc82f16650850,8031b80c5304e5d013f6abeaae63a88e20e4a5b7962f95b9ee232e0996f0172f
light,DetectDataset_clean_v2/test/images/video16_476__26a369013edc7573.jpg,DetectDataset_clean_v2_motion_blur/light/images/video16_476__26a369013edc7573.png,640,640,3,3,45,26a369013edc7573b24f493721071dba277e62f1bf3cae696ede220a5a3f75a2,2d5fa912e25abb64be54cca4391945f1d6273249e032f9075ae3c901f81b2328
light,DetectDataset_clean_v2/test/images/video16_480__8b69490ee2b2b90e.jpg,DetectDataset_clean_v2_motion_blur/light/images/video16_480__8b69490ee2b2b90e.png,640,640,3,3,90,8b69490ee2b2b90e148d4c37cb5e36c0b755f5d6fe05433dee7cdc8eae498e1c,21757a5f05463360bbee73c743d93814f33d43f0f607c9f05270936df41c9cca
light,DetectDataset_clean_v2/test/images/video16_485__467a6e01d5ea6533.jpg,DetectDataset_clean_v2_motion_blur/light/images/video16_485__467a6e01d5ea6533.png,640,640,3,3,135,467a6e01d5ea65330b89433ac876fb3931f5a314806568f5514102d01c699f10,3579f92ee21c45516e90947aacf480cd88d07d7f82ff13aae1fd3eb66bd8165f
light,DetectDataset_clean_v2/test/images/video16_495__f3e354c0e2f4b0c6.jpg,DetectDataset_clean_v2_motion_blur/light/images/video16_495__f3e354c0e2f4b0c6.png,640,640,3,3,0,f3e354c0e2f4b0c642a41515d4a0ad4d005c87923c4be6d01fbb5bb4d4385687,fb6936fa63d80506546a3fbd41bbb8cb52efa6cecc85d6c3f583ec996125015e
light,DetectDataset_clean_v2/test/images/video16_496__ead63763037ca457.jpg,DetectDataset_clean_v2_motion_blur/light/images/video16_496__ead63763037ca457.png,640,640,3,3,0,ead63763037ca457e1c8d7521d3baf3a4a8f2236892422fbe80ca5899b069552,41c289c43375d4319a95918960ddc8fa5fcfa8bb9f77d7648ee2550f4a01e23e
light,DetectDataset_clean_v2/test/images/video16_498__7b43163807476dd7.jpg,DetectDataset_clean_v2_motion_blur/light/images/video16_498__7b43163807476dd7.png,640,640,3,3,45,7b43163807476dd7397c70b347b944fcb1443e5b53ea344c7f2ebcd7c03d3398,c8d94566f67b6cae095f60a5389c97d4d13e69217c2b38d2b8afd4c802f6184b
light,DetectDataset_clean_v2/test/images/video16_502__67c9c2febe2c1240.jpg,DetectDataset_clean_v2_motion_blur/light/images/video16_502__67c9c2febe2c1240.png,640,640,3,3,90,67c9c2febe2c1240ff1c56ff2f89ed911a5cc37a1db8c4fbe1c50071da2ed351,658a113647819f5cf6d87abd3e887c091918cd842fb0b2e0ca1d24afa91fcd83
light,DetectDataset_clean_v2/test/images/video16_502__73ae32fa3997833c.jpg,DetectDataset_clean_v2_motion_blur/light/images/video16_502__73ae32fa3997833c.png,640,640,3,3,45,73ae32fa3997833cedd96426f0398d1a231a5d98feac1d42dd38cf06af7c0dff,e69db387992bb4525a8c4a14b7c42b07d79914c5c551e224a9c9e67690ed9811
light,DetectDataset_clean_v2/test/images/video16_527__56318fe36e954934.jpg,DetectDataset_clean_v2_motion_blur/light/images/video16_527__56318fe36e954934.png,640,640,3,3,45,56318fe36e954934b861e6450daf540bad168cda13120b38682ca8a8f2cc83ee,e6adcecff81227dcb885ca5995c0dc0a20b74b29071676005f107478468b1ec8
light,DetectDataset_clean_v2/test/images/video16_543__9c4b3e86f552f9fd.jpg,DetectDataset_clean_v2_motion_blur/light/images/video16_543__9c4b3e86f552f9fd.png,640,640,3,3,45,9c4b3e86f552f9fd7da56dab0b94e11b98df9f0122ad4b0405bec4759c7344fb,d0064f4eac69f96f620a4b5925c4c09dad955627547e6c4e4ffa3d0937815aa9
light,DetectDataset_clean_v2/test/images/video16_543__cfe5d4d26c1e04a2.jpg,DetectDataset_clean_v2_motion_blur/light/images/video16_543__cfe5d4d26c1e04a2.png,640,640,3,3,135,cfe5d4d26c1e04a2b628c157f839b36f6c04be50c7b626f612452e2fa12a7b67,c270f495eae65390bbcc0e118c2d3b251ed9a8ccbac2c7122b236db6de9191c8
light,DetectDataset_clean_v2/test/images/video16_546__ee808f7e679bfdba.jpg,DetectDataset_clean_v2_motion_blur/light/images/video16_546__ee808f7e679bfdba.png,640,640,3,3,90,ee808f7e679bfdba8c7a36618e96e919bfdef08e965e65b1960ffe3ec328908a,6987d14dcd5920c631a1db1dcd313242760aed92484c852661628d0a4c94d2d4
light,DetectDataset_clean_v2/test/images/video16_562__19204d7e10951a1a.jpg,DetectDataset_clean_v2_motion_blur/light/images/video16_562__19204d7e10951a1a.png,640,640,3,3,90,19204d7e10951a1a54ffb6cc09e5b4bc516b1ffff6e0853975de514d69763a11,b23f9bd98e2bb814be17d9b4d908fb5aa862283ce8aef0d3cf28d65e6f2b31dd
light,DetectDataset_clean_v2/test/images/video16_567__f831a8a659f75b15.jpg,DetectDataset_clean_v2_motion_blur/light/images/video16_567__f831a8a659f75b15.png,640,640,3,3,45,f831a8a659f75b15412c34a1664cf6cdfc7294ef11a637b4d9d4ef866c4a7712,e2be3b1a0b87618fbbd24564b54c4f4304e368f243e40b4f0314dcbe44a549c3
light,DetectDataset_clean_v2/test/images/video16_575__1a9c808d83b0148d.jpg,DetectDataset_clean_v2_motion_blur/light/images/video16_575__1a9c808d83b0148d.png,640,640,3,3,135,1a9c808d83b0148d6f3cd2b92950e33645d83e4e8572242fa97bb15589afd05a,c54100db55c14411ffe500f22d964504685c91d0efaa612a4a446a7c96ac1ecb
light,DetectDataset_clean_v2/test/images/video16_576__6c8e5fc08d7fa350.jpg,DetectDataset_clean_v2_motion_blur/light/images/video16_576__6c8e5fc08d7fa350.png,640,640,3,3,0,6c8e5fc08d7fa3502a88918a8043c815f4147747528007a7d328310c5341c5a5,e7519d90b0ef08641ca18f2dc45d2515cfeff8d9da5159095e272718e2bb3275
light,DetectDataset_clean_v2/test/images/video16_577__0127225817230293.jpg,DetectDataset_clean_v2_motion_blur/light/images/video16_577__0127225817230293.png,640,640,3,3,0,01272258172302935ea272b51499bbe88d7f279f7e21c0a2ce1b61c3fa7f7162,60f5817ece9a6eb23e867658e247bbeebc57c861ef243c3d458d0dad245baa21
light,DetectDataset_clean_v2/test/images/video16_577__9b01cde40d225e83.jpg,DetectDataset_clean_v2_motion_blur/light/images/video16_577__9b01cde40d225e83.png,640,640,3,3,0,9b01cde40d225e833281bb1e278b86ad0eb173be5ea9e24940d3efe20f53943b,19a7a73386bbdbb66488444dfbc8ba596b4b784b6420e77a6135045b60ef975c
light,DetectDataset_clean_v2/test/images/video16_646__5b1be803b9185c2a.jpg,DetectDataset_clean_v2_motion_blur/light/images/video16_646__5b1be803b9185c2a.png,640,640,3,3,45,5b1be803b9185c2a86b60a7ffcce4f7aee8ccfdce1508aa606a23c71af7bb4d1,cf0700b68f9f19833e9a065f155d483bec4544d02ab09c6a6a88b09976ef4064
light,DetectDataset_clean_v2/test/images/video16_651__740fbfb451d3b211.jpg,DetectDataset_clean_v2_motion_blur/light/images/video16_651__740fbfb451d3b211.png,640,640,3,3,135,740fbfb451d3b21154295a3f7ad7619b86f25b74ccd888cb7abd6983702d154e,7a09acb93f22c1c3c45f70985ed1483786e5e3588fbfba8b3536391c9d98fb4f
light,DetectDataset_clean_v2/test/images/video16_679__d24fa9e5cc679730.jpg,DetectDataset_clean_v2_motion_blur/light/images/video16_679__d24fa9e5cc679730.png,640,640,3,3,135,d24fa9e5cc679730088d9f46e258133fde325fc7290a4a6e676501b84c1b9fe9,c5a5fe32b7b02f57c45e7939e52db4d4b622a35581794da52a0f254b8625d2db
light,DetectDataset_clean_v2/test/images/video16_687__39c81423687cdc95.jpg,DetectDataset_clean_v2_motion_blur/light/images/video16_687__39c81423687cdc95.png,640,640,3,3,90,39c81423687cdc956cd152a2eef014cb0b181dce11ce9cff5f59ed73ec40f803,9f77d00a1dd1e0b6670d1fe388d4807e2a4acac878069cfb1b9ae9b02be9486c
light,DetectDataset_clean_v2/test/images/video16_687__a8fb2e13dae8c009.jpg,DetectDataset_clean_v2_motion_blur/light/images/video16_687__a8fb2e13dae8c009.png,640,640,3,3,135,a8fb2e13dae8c009de00f4a4bf72baaab5d255c7dd58bd939e694f75176e5078,3f2dc4893e9a9fdc9ebd0d64597ba6351ecf03e1af5c0d11f19101fbeb1777d5
light,DetectDataset_clean_v2/test/images/video16_691__59c63cd2b5c99942.jpg,DetectDataset_clean_v2_motion_blur/light/images/video16_691__59c63cd2b5c99942.png,640,640,3,3,135,59c63cd2b5c99942d3ebe0c8a1dd98e2d9d32aa08434a44f13da6647c866253e,cbb8e68ceef59c4b921c7f52e068f93e55f3e36003eecbcc21f683eb36e63ed6
light,DetectDataset_clean_v2/test/images/video16_691__729375e0d8534a72.jpg,DetectDataset_clean_v2_motion_blur/light/images/video16_691__729375e0d8534a72.png,640,640,3,3,0,729375e0d8534a725f37510a6c3fca77e9b5975b1866d1847367958c24ac6917,60e9351faa820a7d0b5ca5b5d113ac15357ecd7be37f9774d36d0e509c8822b3
light,DetectDataset_clean_v2/test/images/video16_728__9bf9b95769d70056.jpg,DetectDataset_clean_v2_motion_blur/light/images/video16_728__9bf9b95769d70056.png,640,640,3,3,90,9bf9b95769d70056a83229385b2f7d41c8827b481afe28f42bae406d078f4b8d,d238ad8d5f6995f2f72b78b6f959800ab2f59c1895f7dd071c4737ef03b890f3
light,DetectDataset_clean_v2/test/images/video16_83__e6c2d66b76cfc75e.jpg,DetectDataset_clean_v2_motion_blur/light/images/video16_83__e6c2d66b76cfc75e.png,640,640,3,3,45,e6c2d66b76cfc75e1a52a5dfd79eed8137b58cd8410192165ae1a43fa81b0e2b,3fa12b344fb2869a7642dd268c5583be90a94564f8e93cf6fabcc537f08a9c2c
light,DetectDataset_clean_v2/test/images/video16_83__fa8bfa7b1c0efc61.jpg,DetectDataset_clean_v2_motion_blur/light/images/video16_83__fa8bfa7b1c0efc61.png,640,640,3,3,0,fa8bfa7b1c0efc61a8ab9ae6e75e2b348ade35a7f816c6288d81a62e91322239,d4e721f08a1c7d1c8010e0fe2fb2fbf29333641e743fca90abb535f6f12d5b29
light,DetectDataset_clean_v2/test/images/video16_85__03eaec22677fa33d.jpg,DetectDataset_clean_v2_motion_blur/light/images/video16_85__03eaec22677fa33d.png,640,640,3,3,0,03eaec22677fa33d9617215439c27174c9aaae754585d328d7193f2434c3e489,ca4ea93b91d9520447f6eba30cf46b8599adf26df0bbacbbce8338d76a110b8f
light,DetectDataset_clean_v2/test/images/video16_95__bc51f05dd0af76ee.jpg,DetectDataset_clean_v2_motion_blur/light/images/video16_95__bc51f05dd0af76ee.png,640,640,3,3,45,bc51f05dd0af76eedf0c4c7bd339d070820f905700f240220e1ac0d2f7cb6f83,134f9c821c3eb7b0b135684c689061583a9bc284582411ae859b194500b77ce7
light,DetectDataset_clean_v2/test/images/video16_96__846836c0e9f2e6b5.jpg,DetectDataset_clean_v2_motion_blur/light/images/video16_96__846836c0e9f2e6b5.png,640,640,3,3,135,846836c0e9f2e6b5cba2226625df7260ef7cfcf522524f222a74ccec78f4db6f,5e19b11ad85377ba877f6efd28fbb90b280d330039fc5f903fb23e5f9fb11e7e
light,DetectDataset_clean_v2/test/images/video16_98__1ac59800b180ebfd.jpg,DetectDataset_clean_v2_motion_blur/light/images/video16_98__1ac59800b180ebfd.png,640,640,3,3,135,1ac59800b180ebfdbf3ea83bfdac46f66622650d0063255b5edcaad2276bad44,a9dadcff34e0961f7ea6a6fa15d72cc4725f4ae46c9b0e97c1575e946ffeaee3
light,DetectDataset_clean_v2/test/images/video17_1001__354db9a8b80726f9.jpg,DetectDataset_clean_v2_motion_blur/light/images/video17_1001__354db9a8b80726f9.png,640,640,3,3,0,354db9a8b80726f9dff19dae507a9063206d18a23ab3f251aba868f4a789771c,e5c734e7c0b4d9e8f2e9148f3f75d21221b9f965fbcc4dcf398b4f8aab862ab6
light,DetectDataset_clean_v2/test/images/video17_1027__019377d2a315891a.jpg,DetectDataset_clean_v2_motion_blur/light/images/video17_1027__019377d2a315891a.png,640,640,3,3,90,019377d2a315891ae5d181b71a3b0c2f34576fe1723473667f43e0cc950c666f,1326416b1e1abbe46192eaa837e275b57909c2ac6963810460a37a53c6085171
light,DetectDataset_clean_v2/test/images/video17_1027__4967f48ee4a1ee97.jpg,DetectDataset_clean_v2_motion_blur/light/images/video17_1027__4967f48ee4a1ee97.png,640,640,3,3,0,4967f48ee4a1ee97d2afd7460f3ebfa9012d38f7953a3e0a3ef2e633873e893c,dbc1c3d5b8dbb55062259441397bb11cccae54f43d6951a665e4eab448c60962
light,DetectDataset_clean_v2/test/images/video17_1030__44b2872c28da5f8c.jpg,DetectDataset_clean_v2_motion_blur/light/images/video17_1030__44b2872c28da5f8c.png,640,640,3,3,0,44b2872c28da5f8cbef85d0546e4c58e3e92fb71a2aa3211afad5fc439e36829,c05734912d675940b35c1e69d8d87f9a36a6da526e43bd53bd32adc992e45a82
light,DetectDataset_clean_v2/test/images/video17_1047__90b10dbbb3404b70.jpg,DetectDataset_clean_v2_motion_blur/light/images/video17_1047__90b10dbbb3404b70.png,640,640,3,3,45,90b10dbbb3404b70b25ec5a363b3eb234ba3e05e9c5f3dec075b5381de2f0a2c,842a871ce10312e62fc0a7db6534e16174557f6da40e7ece9e0e59d7671d8a9b
light,DetectDataset_clean_v2/test/images/video17_1050__9270337491d39e7f.jpg,DetectDataset_clean_v2_motion_blur/light/images/video17_1050__9270337491d39e7f.png,640,640,3,3,135,9270337491d39e7fbc8eb29d568ea1b8b81daf1f745a9d2944221ab126bb11cc,a15c40aeb01f9f1a1b27fc34b32f93289c402b49f15789ce307886e495208873
light,DetectDataset_clean_v2/test/images/video17_1054__5e56d971fedce41a.jpg,DetectDataset_clean_v2_motion_blur/light/images/video17_1054__5e56d971fedce41a.png,640,640,3,3,0,5e56d971fedce41a8aad1c42724a0efadf4433efd951eb0cfd4688ddde46a715,463407a4346609bfadb50812de7605a07196023c9ddeb34c6d1346aba7f6d0d0
light,DetectDataset_clean_v2/test/images/video17_1054__986023daaddc1f90.jpg,DetectDataset_clean_v2_motion_blur/light/images/video17_1054__986023daaddc1f90.png,640,640,3,3,45,986023daaddc1f903874bb33aeb26a463897516fa17986dbc1343c660bb52b77,0515a82b54b7aac50546fad18b8e5645d71cd30e8a8c8f7c94fca368faa96602
light,DetectDataset_clean_v2/test/images/video17_106__6dcaab643a68c6c7.jpg,DetectDataset_clean_v2_motion_blur/light/images/video17_106__6dcaab643a68c6c7.png,640,640,3,3,90,6dcaab643a68c6c756853f244c8466e99907273e15c19d00977506f02be5bcb7,2a9cdfde57123266e33aa7a1bcd061252362df8d4c3ca514fddf8cc098f8857e
light,DetectDataset_clean_v2/test/images/video17_107__056b3681cdccd82c.jpg,DetectDataset_clean_v2_motion_blur/light/images/video17_107__056b3681cdccd82c.png,640,640,3,3,90,056b3681cdccd82cd23b60fe498b6bdd0f5760419df515ad305322921941e93e,77ea6110e70ccb778fd107d5f8ada7b196416698f268e651efb115ff9aca0934
light,DetectDataset_clean_v2/test/images/video17_107__92cd27e7479ea7e5.jpg,DetectDataset_clean_v2_motion_blur/light/images/video17_107__92cd27e7479ea7e5.png,640,640,3,3,90,92cd27e7479ea7e53aa98e89db6091ca1101a34e7d3af4c5a8ea719957c57b8d,f07904c68e2b21077babb3f41611abda6d0220ae6ad69fc1b24da40df6bd141a
light,DetectDataset_clean_v2/test/images/video17_1099__3e4af73ab5027431.jpg,DetectDataset_clean_v2_motion_blur/light/images/video17_1099__3e4af73ab5027431.png,640,640,3,3,90,3e4af73ab502743108231c7c74061e88889a5ae4a1380ebed42fc20d9b68928e,5fac25175e62994c1238df109c16d7b2468fc65f1d53766c5c442c43244abb82
light,DetectDataset_clean_v2/test/images/video17_1117__13d3c27098f49648.jpg,DetectDataset_clean_v2_motion_blur/light/images/video17_1117__13d3c27098f49648.png,640,640,3,3,90,13d3c27098f49648a7081bed2ff5178386b5fc7259fda4f3eaa865e6d9a00ed3,68a00d93bcc5d85a64d45efb50c644532997e3c9abfd294ae9e1d5e5bde54f92
light,DetectDataset_clean_v2/test/images/video17_1117__4fd962fbcd7f9944.jpg,DetectDataset_clean_v2_motion_blur/light/images/video17_1117__4fd962fbcd7f9944.png,640,640,3,3,0,4fd962fbcd7f9944d6503165685b36764ed59d0667fa95e0bb62031badb6b065,88c1a413ceaf0f7838be9d4273bcb8a494ccf662f6918c4849f70168b69853d1
light,DetectDataset_clean_v2/test/images/video17_1131__8c14007f64715d5d.jpg,DetectDataset_clean_v2_motion_blur/light/images/video17_1131__8c14007f64715d5d.png,640,640,3,3,45,8c14007f64715d5d3cf7260914c8aa2c44395f1f241c5ef29fb89fd67d8cdd8d,e419b85a305c2ad0be3691f36165ecf72bda633c4fa3ecbe4147f2274a769b0c
light,DetectDataset_clean_v2/test/images/video17_1156__1ce724042eb1270b.jpg,DetectDataset_clean_v2_motion_blur/light/images/video17_1156__1ce724042eb1270b.png,640,640,3,3,0,1ce724042eb1270b5f9902534f30f1efbc0bfcc510d5b177418248f0ae3aa37a,63819e241d92bcf53dece77b1899d08f545f981302fccd5a15096f42ab384dc5
light,DetectDataset_clean_v2/test/images/video17_1156__5c522f064b37be3e.jpg,DetectDataset_clean_v2_motion_blur/light/images/video17_1156__5c522f064b37be3e.png,640,640,3,3,0,5c522f064b37be3ec183993c31f4842aca681ae56421da508ebf4da976e1a9dd,fdc6acf33020a008a87bb81f487972e09f6e130c593f56656f0fbca48ae8a89e
light,DetectDataset_clean_v2/test/images/video17_115__83924624c528216d.jpg,DetectDataset_clean_v2_motion_blur/light/images/video17_115__83924624c528216d.png,640,640,3,3,135,83924624c528216dca105ea47fd7877511c3fe4346de5cc092a32c0a9af8624e,cb07ee7c262a2923fdcba8fa39527bc3ccb53d5250ba818d7f87313955fb6850
light,DetectDataset_clean_v2/test/images/video17_120__5336d824d5c622d9.jpg,DetectDataset_clean_v2_motion_blur/light/images/video17_120__5336d824d5c622d9.png,640,640,3,3,90,5336d824d5c622d96097d2a32ca83a86b57a314d5bd04600c0eda7ffb398c12f,d81079133861d361c801ec110208f44fdafce3de9131c752043bd2a467a6708f
light,DetectDataset_clean_v2/test/images/video17_120__e5d59bcd7f43e6cb.jpg,DetectDataset_clean_v2_motion_blur/light/images/video17_120__e5d59bcd7f43e6cb.png,640,640,3,3,90,e5d59bcd7f43e6cb77f9af2f16a42c2c5aa2c8c003f87d9b106c9aef4df65edb,67caae2e4d2e3fef8de720cec7e7fc737f63becc84efd1034380387104e7f81c
light,DetectDataset_clean_v2/test/images/video17_1236__2ca635c8f5e835c7.jpg,DetectDataset_clean_v2_motion_blur/light/images/video17_1236__2ca635c8f5e835c7.png,640,640,3,3,45,2ca635c8f5e835c7a2f2720083e63fa799bd18079074cc6b8c3c326de8d4d769,d4aa3ec41f97a55eef481f5380887904f899be6492d21de58a8488fcf2e0e348
light,DetectDataset_clean_v2/test/images/video17_1259__e07a62a685ec7e00.jpg,DetectDataset_clean_v2_motion_blur/light/images/video17_1259__e07a62a685ec7e00.png,640,640,3,3,0,e07a62a685ec7e00257ab6d0aafca45101b008c78917beb7acc025bfeea134ca,efa3adfd0d37490529ba165fd93445b66d0e77f86224615a40ca7c20d6853faf
light,DetectDataset_clean_v2/test/images/video17_1265__aa0dde9c6026d4b6.jpg,DetectDataset_clean_v2_motion_blur/light/images/video17_1265__aa0dde9c6026d4b6.png,640,640,3,3,90,aa0dde9c6026d4b6b8ed609676567b1741ea2999e8c80a1dcc1a2e26fef52990,759488564777aac79ba8ba8432845607ee27716dab9d3d8cf4f4d4a95ea19f4e
light,DetectDataset_clean_v2/test/images/video17_128__6b7455890396c2ab.jpg,DetectDataset_clean_v2_motion_blur/light/images/video17_128__6b7455890396c2ab.png,640,640,3,3,0,6b7455890396c2abdee5e1ffdfc9de790c7cf633d967dc188ebc0fa70f7e7120,c0ab9d39e58e4212f0baeb0b2402cea763e2d1ce71de9e89e16d78551ea2fef0
light,DetectDataset_clean_v2/test/images/video17_128__ff6221c242d3408f.jpg,DetectDataset_clean_v2_motion_blur/light/images/video17_128__ff6221c242d3408f.png,640,640,3,3,45,ff6221c242d3408f4b928788f6d885339841b9a6823f9774398a7a24c101d6d5,74ceeaab6332007f1fdb1b86664041e230921bc9926c7420414ac8391ec97771
light,DetectDataset_clean_v2/test/images/video17_129__3a2df7bc87803c37.jpg,DetectDataset_clean_v2_motion_blur/light/images/video17_129__3a2df7bc87803c37.png,640,640,3,3,0,3a2df7bc87803c379b835429d4a806e48485e729dece6c8984136c6f50ed2aa1,fd30018fa39d4e50661e0378ff17f7c5cd437f67703c67ea4d98630d1a44bba7
light,DetectDataset_clean_v2/test/images/video17_130__fb0b1acd48bb070e.jpg,DetectDataset_clean_v2_motion_blur/light/images/video17_130__fb0b1acd48bb070e.png,640,640,3,3,45,fb0b1acd48bb070ee3082c4eaf29bd7cd128cf565b972d938972c15459b1c877,0cef7e2bdf9f6fc9ba9616d669ef067cfc04a22b75984c33b9a2456bf382ffe7
light,DetectDataset_clean_v2/test/images/video17_146__e86d0aaa615e4daf.jpg,DetectDataset_clean_v2_motion_blur/light/images/video17_146__e86d0aaa615e4daf.png,640,640,3,3,90,e86d0aaa615e4dafb587bd350b2c2c439a3533da6818a94cfe46125c253161d9,e6e5f34639a1b08b2f2925cee9378d257c8706ce06db6372fdc8c18f0b4e94da
light,DetectDataset_clean_v2/test/images/video17_147__18c21ae21ee90fb5.jpg,DetectDataset_clean_v2_motion_blur/light/images/video17_147__18c21ae21ee90fb5.png,640,640,3,3,135,18c21ae21ee90fb5d6f430547c59fa9a4eb3212185e3d657763cd8aa665e6448,94fe61e66e195ac0140a22915954500fd9532148311d857dcfdad354f6fa9c16
light,DetectDataset_clean_v2/test/images/video17_147__3ec8cd9a58c57706.jpg,DetectDataset_clean_v2_motion_blur/light/images/video17_147__3ec8cd9a58c57706.png,640,640,3,3,45,3ec8cd9a58c57706bcc97ddcb89ab3d3fdb649b72f85b2fd216b30d6fbd26bd8,de80983e21fdd65b4f878c39bd608a59888cb76b54306c46cba78e88bffeca87
light,DetectDataset_clean_v2/test/images/video17_149__96644893c3b46b1f.jpg,DetectDataset_clean_v2_motion_blur/light/images/video17_149__96644893c3b46b1f.png,640,640,3,3,135,96644893c3b46b1f65edb1790863406ba311b9b5bf0794baf408f20732072744,8daf6d55d3b556d0b2f5c910798ae740d8b2372f59f561ea0333a178de79c052
light,DetectDataset_clean_v2/test/images/video17_150__4a88bbdacb9182ea.jpg,DetectDataset_clean_v2_motion_blur/light/images/video17_150__4a88bbdacb9182ea.png,640,640,3,3,0,4a88bbdacb9182ea125a8dea4cd32bb08d6d5921e43c83b007decc6e78e5234e,ebd46a8f7e5c81032b3c09f3507c7b0cb882dd66c8ae92116228a33fc60270aa
light,DetectDataset_clean_v2/test/images/video17_178__21a3d4ef3789e162.jpg,DetectDataset_clean_v2_motion_blur/light/images/video17_178__21a3d4ef3789e162.png,640,640,3,3,0,21a3d4ef3789e16250eb6532c91a97db4db42fcf6e9ebda06f56e45cbdefc63d,33c15f097fc174de191efa724576439d7e764ea07541ce016f9c77a959b59e64
light,DetectDataset_clean_v2/test/images/video17_178__3fcf0ada715b787c.jpg,DetectDataset_clean_v2_motion_blur/light/images/video17_178__3fcf0ada715b787c.png,640,640,3,3,90,3fcf0ada715b787cb8b213a71e14e35268aeb7c3ad9da5552b29af2156aa2725,fecc5211f7e592f1c1f1ce3f8ee5cd8c06d53b4af81c3611c01855db8a1397d7
light,DetectDataset_clean_v2/test/images/video17_193__584fe8124c5c27d4.jpg,DetectDataset_clean_v2_motion_blur/light/images/video17_193__584fe8124c5c27d4.png,640,640,3,3,0,584fe8124c5c27d47692ec4041d88210a4ed6525ce801c66ca80931fdad19514,d21f10d86c2f8608d45d9c816a6a9c5328a614e531710954a8f223841c29ae06
light,DetectDataset_clean_v2/test/images/video17_193__c0c49d340c359895.jpg,DetectDataset_clean_v2_motion_blur/light/images/video17_193__c0c49d340c359895.png,640,640,3,3,135,c0c49d340c359895b7c02077988dc8065c5b332afc79f8c703bbd1565543ec6f,72c59be67032c8983025eea1328e3dac78f42edc3dd7188513111ef22e357286
light,DetectDataset_clean_v2/test/images/video17_194__c862e390504748b0.jpg,DetectDataset_clean_v2_motion_blur/light/images/video17_194__c862e390504748b0.png,640,640,3,3,0,c862e390504748b09477dacb120a5a4428eed7c4d8f444f48d804e85e3670810,ed011e57029cb301a8d5d905cf9bf9681616372cdaa0c9bdb0f32ff15c337958
light,DetectDataset_clean_v2/test/images/video17_196__0bd801ef80e0e6d2.jpg,DetectDataset_clean_v2_motion_blur/light/images/video17_196__0bd801ef80e0e6d2.png,640,640,3,3,135,0bd801ef80e0e6d26486245827f91d96f94958d8696af68ae7184acfa7e6317e,5c2b84ed487de6fe2fdf37d93adba24954e77333b1b0c6db4fcf0b2da1c3acca
light,DetectDataset_clean_v2/test/images/video17_196__73202e77dee63d6e.jpg,DetectDataset_clean_v2_motion_blur/light/images/video17_196__73202e77dee63d6e.png,640,640,3,3,135,73202e77dee63d6efb648b19f19d59e9045d30fbd47530a2b6d015f9b7655dd9,9977ff99f73dab4186deb7550fec056bb032e1f081eb0bf06954d273e8dfc8f4
light,DetectDataset_clean_v2/test/images/video17_197__3212148a8e9f81c0.jpg,DetectDataset_clean_v2_motion_blur/light/images/video17_197__3212148a8e9f81c0.png,640,640,3,3,135,3212148a8e9f81c04397c2befdfff1e80197a1b0338ad9fe04803a8a19475429,319d4169139fe89ce65254dcd70e6d6b59aa19b2e5da144f369943f73ab09a4d
light,DetectDataset_clean_v2/test/images/video17_200__30347ce88472cef4.jpg,DetectDataset_clean_v2_motion_blur/light/images/video17_200__30347ce88472cef4.png,640,640,3,3,135,30347ce88472cef4318890b37aecad49f0505da9f92d24b97f0d646e2374ef38,dffccbb09c87acb954d734aae61c836b92d54e6d32f491c5e82d4377ce718236
light,DetectDataset_clean_v2/test/images/video17_299__3e62f4ad5eb5f6c1.jpg,DetectDataset_clean_v2_motion_blur/light/images/video17_299__3e62f4ad5eb5f6c1.png,640,640,3,3,90,3e62f4ad5eb5f6c1a97b6b212832d96fefcf27da71dbb9c463c88b2b58ee4b70,67a03ff55f467e565044266a925c00f47b8926e4f37cb2b2823653b0230d070a
light,DetectDataset_clean_v2/test/images/video17_302__509a60833c788f4d.jpg,DetectDataset_clean_v2_motion_blur/light/images/video17_302__509a60833c788f4d.png,640,640,3,3,0,509a60833c788f4dc855b3705b2caf528d59604151e0c352ac88d5f7c7c99bcd,86358ca30fac555078fb3dba74bbef700a532ed2d5b714ed6299f6b46dcad1bd
light,DetectDataset_clean_v2/test/images/video17_302__8deb330769901903.jpg,DetectDataset_clean_v2_motion_blur/light/images/video17_302__8deb330769901903.png,640,640,3,3,135,8deb330769901903f6e56fbc75ad0409e1f4cd9bba112c5085b6a718dade06fe,3753c7b9423f82437b8f7369dc950185a319af2fc55c81b16721690ce3ad23fc
light,DetectDataset_clean_v2/test/images/video17_304__b7011f87dd5744ca.jpg,DetectDataset_clean_v2_motion_blur/light/images/video17_304__b7011f87dd5744ca.png,640,640,3,3,0,b7011f87dd5744ca20ec25b311863a0a8433d274bfa0b622d7f7a3d510831384,04effd34ef1226199660b4b2c18bb5bab3ad2cb6261743eab804427e383e7f6e
light,DetectDataset_clean_v2/test/images/video17_304__bdff45a7e6e4426e.jpg,DetectDataset_clean_v2_motion_blur/light/images/video17_304__bdff45a7e6e4426e.png,640,640,3,3,90,bdff45a7e6e4426e5ad4f1b75cb3bc2b3bf2c483a15613fbb7d1eefc9ba610bf,4094bc1121a10dcb48309555e9b0a5973a9abdfdeccccbb3c7a288f843650493
light,DetectDataset_clean_v2/test/images/video17_420__05630d509c03d99e.jpg,DetectDataset_clean_v2_motion_blur/light/images/video17_420__05630d509c03d99e.png,640,640,3,3,135,05630d509c03d99e51d4fd34d04b680227e5d1c15654e601ffb4db01c292f221,b98fb9cef750d663426aaa5ce854a2f2a9e04997758043788d54b0ffe4b2906b
light,DetectDataset_clean_v2/test/images/video17_420__fae5a4971f4ac8ba.jpg,DetectDataset_clean_v2_motion_blur/light/images/video17_420__fae5a4971f4ac8ba.png,640,640,3,3,90,fae5a4971f4ac8ba860a26945edecdababb463a5635c2e5fcb2f5a1b5dadbe69,e23b97679e577482a9c4bf65504879b3577ec43ba2fcdc217ea01387d1eff1c6
light,DetectDataset_clean_v2/test/images/video17_424__287b89e9a9913428.jpg,DetectDataset_clean_v2_motion_blur/light/images/video17_424__287b89e9a9913428.png,640,640,3,3,0,287b89e9a9913428ba353a8c55144e2d8de452e442dd3b37025014ad9d56b2ce,87aac9f2615fe317cfb92c5b64d5f5bb80b6ae3341de49d3e1e05e4b41c5820b
light,DetectDataset_clean_v2/test/images/video17_604__2d6280674beae50e.jpg,DetectDataset_clean_v2_motion_blur/light/images/video17_604__2d6280674beae50e.png,640,640,3,3,0,2d6280674beae50e3db6bec4e5b60a30b5cf55196ebdb223466abe6c18375a9d,84c10152aa8ac1c3e77810c74c1036ca746d1a2ac76b925d37439ce3a2c391a2
light,DetectDataset_clean_v2/test/images/video17_615__da2cb3fea2706d49.jpg,DetectDataset_clean_v2_motion_blur/light/images/video17_615__da2cb3fea2706d49.png,640,640,3,3,45,da2cb3fea2706d4914e201654f978ff43d75cde2aefa3fb69971cba689cd21cf,320c548849fbf978a4861ed3f2a4496fa307d70b350131f7490eb234c1941465
light,DetectDataset_clean_v2/test/images/video17_616__4192ce35c2d857d1.jpg,DetectDataset_clean_v2_motion_blur/light/images/video17_616__4192ce35c2d857d1.png,640,640,3,3,135,4192ce35c2d857d1c27b5bdd3b01d6857385c28febd21408918546afa7f935f0,190385b1add53bd8b0932f76ceff2e88097361e11341dfd8fa7b57296248d06e
light,DetectDataset_clean_v2/test/images/video17_616__9c2d27a38152f0d5.jpg,DetectDataset_clean_v2_motion_blur/light/images/video17_616__9c2d27a38152f0d5.png,640,640,3,3,90,9c2d27a38152f0d5a3607ab7c6b0f29dc1c84bcdff733baf2f799feb7b6974de,0645bb17053abb556a564775df9a154960f4ea576bd64f250b5d1536f8c81ec2
light,DetectDataset_clean_v2/test/images/video17_617__3eaeca95f83604d7.jpg,DetectDataset_clean_v2_motion_blur/light/images/video17_617__3eaeca95f83604d7.png,640,640,3,3,135,3eaeca95f83604d7c05149fbdde6f4c346134f814031e48f2010dce713730ad4,86b4f2f06e91a085d17e8355512a535e083135d4fc177a524675c9d2532a55fa
light,DetectDataset_clean_v2/test/images/video17_621__02c2db91ba0195d4.jpg,DetectDataset_clean_v2_motion_blur/light/images/video17_621__02c2db91ba0195d4.png,640,640,3,3,135,02c2db91ba0195d49cfff48ce5b590af7c21dfd449498ca3d8f3c1ac3ed0fca4,94260f5e634f9854d259406005c29e710f5d96326bc83dc8636efd12ad6c52f2
light,DetectDataset_clean_v2/test/images/video17_621__4d0a29a971996a25.jpg,DetectDataset_clean_v2_motion_blur/light/images/video17_621__4d0a29a971996a25.png,640,640,3,3,135,4d0a29a971996a25e8fe5382ffe9fedcbf75d879854d2bf7b60249f68cdcf418,97f1d020290d54473efaba2834e3d1fd9d1feeb8a6c1d63508983e705da4343f
light,DetectDataset_clean_v2/test/images/video17_622__9c288d1a245292dd.jpg,DetectDataset_clean_v2_motion_blur/light/images/video17_622__9c288d1a245292dd.png,640,640,3,3,90,9c288d1a245292ddac404b6d6b3b59038127617b8432f76d592a687697c416d3,34eafb523963b230576293ce39ed2578fa88e79ffa23ccc53ab34b666284bf97
light,DetectDataset_clean_v2/test/images/video17_669__818e86ce159c70ab.jpg,DetectDataset_clean_v2_motion_blur/light/images/video17_669__818e86ce159c70ab.png,640,640,3,3,0,818e86ce159c70ab9180715cecc4a3c0ab73c8b8af452ad7c32533a1eaab5e30,2f61473a98487088b7a29f422fcfe4481995f9b5f48afd96a910cf4a6bcb5267
light,DetectDataset_clean_v2/test/images/video17_670__7fe775841cb837e5.jpg,DetectDataset_clean_v2_motion_blur/light/images/video17_670__7fe775841cb837e5.png,640,640,3,3,0,7fe775841cb837e5eab8bf5139341ead39ffdbdee6bc395df5cbf1466f1b1094,cca29b7219fbaefd3c1d6650ec4196f7ef3287625913e95e1e1ef3a3fccb9d21
light,DetectDataset_clean_v2/test/images/video17_673__6b5c9670fbfbdf60.jpg,DetectDataset_clean_v2_motion_blur/light/images/video17_673__6b5c9670fbfbdf60.png,640,640,3,3,135,6b5c9670fbfbdf60cc75cbd17c74241095afd0a3c7f1fdb77c53eae98dd8bba3,b4e9e5d6daf9bd56a9ef75617db6be7d6595266a77db8d26866f604a6b3543c3
light,DetectDataset_clean_v2/test/images/video17_673__d4e2ee438f13e437.jpg,DetectDataset_clean_v2_motion_blur/light/images/video17_673__d4e2ee438f13e437.png,640,640,3,3,45,d4e2ee438f13e4370b7342a59fdb83be17bdf0c253a061ce8846f0770fcc87af,93c9016c1bcaf0897cd336d4cc28c9033d0cb0ff8c87f23207429c3ba720d87e
light,DetectDataset_clean_v2/test/images/video17_721__19b96be71645a78d.jpg,DetectDataset_clean_v2_motion_blur/light/images/video17_721__19b96be71645a78d.png,640,640,3,3,45,19b96be71645a78dd451a33bd938adf27dbd4c5d660a81956483c8783a826391,c6a59230bc8632e438a15966bf9d9b3c2f8f975a8f690a811ae319820c504951
light,DetectDataset_clean_v2/test/images/video17_735__b11ae209538b535c.jpg,DetectDataset_clean_v2_motion_blur/light/images/video17_735__b11ae209538b535c.png,640,640,3,3,0,b11ae209538b535c207146ae61cb490d4ff0073a2bcfcd22bc4e8910af9e9d0a,e25a8949471bc9c279ff2085f5e0ba50e5fe21c9c82dde34d23c2eae01d88bd4
light,DetectDataset_clean_v2/test/images/video17_746__604079d4b7227c12.jpg,DetectDataset_clean_v2_motion_blur/light/images/video17_746__604079d4b7227c12.png,640,640,3,3,135,604079d4b7227c12339c6ab45288eeeec995e66d881931c2796566671b4173bd,81de854b95c1b6b6798080fc03c71c21e5ad948f5f7ad68b6d4cdc0da1d1211b
light,DetectDataset_clean_v2/test/images/video17_746__8f500ac2c2f4d3e3.jpg,DetectDataset_clean_v2_motion_blur/light/images/video17_746__8f500ac2c2f4d3e3.png,640,640,3,3,135,8f500ac2c2f4d3e3d41b76d0af623fd5297c43422e7c26422fda7d81fda8510c,6292b973b91b53d1c02c51607dc92120564893d14b05e57032263eddc60bcdda
light,DetectDataset_clean_v2/test/images/video17_748__799be49da76e0dbe.jpg,DetectDataset_clean_v2_motion_blur/light/images/video17_748__799be49da76e0dbe.png,640,640,3,3,0,799be49da76e0dbe1ac83826e3c4c15540afee1d7a6976bd21f02cc5e94c6038,1da231efbbf6661aaa3c5c802563a18b0e498d92dd57cc08c5cf47177d91dc8e
light,DetectDataset_clean_v2/test/images/video17_776__e31427483b294cfb.jpg,DetectDataset_clean_v2_motion_blur/light/images/video17_776__e31427483b294cfb.png,640,640,3,3,45,e31427483b294cfb22db6a07672d993d6787c8ad4ba51e678d0c48cb40ed131a,1aa0b997fd6b73c695f2d12c1cb62da459ea6c97c2880d305d03bfc89f9d91a8
light,DetectDataset_clean_v2/test/images/video17_777__324da7a519dcde39.jpg,DetectDataset_clean_v2_motion_blur/light/images/video17_777__324da7a519dcde39.png,640,640,3,3,45,324da7a519dcde3982cf91da0557f1472ae27b25f361bda6e6a4234c076a6ad3,de0fb752e9f9e941189442ac2340fc01176755d882bad5b653f19ff98d852a03
light,DetectDataset_clean_v2/test/images/video17_801__d96196b71afc9298.jpg,DetectDataset_clean_v2_motion_blur/light/images/video17_801__d96196b71afc9298.png,640,640,3,3,0,d96196b71afc9298d8564c63c87603a15400d663775f28b127e2ed7097289b57,1bc1aa230cc511777e5882c47b3a5077c9a2556045f83ea57bb61f853273685e
light,DetectDataset_clean_v2/test/images/video17_819__21baaa6da4a12cf6.jpg,DetectDataset_clean_v2_motion_blur/light/images/video17_819__21baaa6da4a12cf6.png,640,640,3,3,0,21baaa6da4a12cf6ae54f437b169be608a31a8c26426ca99e17d1fc2cbac722d,cbcca21bc52ccab48970f72c861b12ed879eb01642d3c037d53ab84f27fd6573
light,DetectDataset_clean_v2/test/images/video17_819__4432b3a1c0a4082c.jpg,DetectDataset_clean_v2_motion_blur/light/images/video17_819__4432b3a1c0a4082c.png,640,640,3,3,90,4432b3a1c0a4082c31876c81c93e334ebd1b9baf3edc7958aa89694133348fe4,002b2a1fd7aea3ecfc18edfa8a285f8d5c4fdb99a5b18eb6b20f918d087d3064
light,DetectDataset_clean_v2/test/images/video17_825__04c3aaf797778150.jpg,DetectDataset_clean_v2_motion_blur/light/images/video17_825__04c3aaf797778150.png,640,640,3,3,135,04c3aaf797778150b9192955b68996c19b9a8c2d2bcb30c7453be3fbe9cbd62c,145c37a4d8ceca414129d04282cfa94069a76626660d51375973acedb02d306b
light,DetectDataset_clean_v2/test/images/video17_825__142873c5d4672138.jpg,DetectDataset_clean_v2_motion_blur/light/images/video17_825__142873c5d4672138.png,640,640,3,3,0,142873c5d4672138c3777de9189d97e52f67c0bc05b5bfb51ec2b61b45b9b524,425a5166fb00a04bb766f25d4067d4ebe54a69828c2dfdba1ea1eaf1d63efc0c
light,DetectDataset_clean_v2/test/images/video17_830__9e5d55aee6c39069.jpg,DetectDataset_clean_v2_motion_blur/light/images/video17_830__9e5d55aee6c39069.png,640,640,3,3,45,9e5d55aee6c390691939706e5b09ee95f8d41db901d5c7d531270c8d7038d70f,35199d0b1f5e068ea45672862be1510daf277542dd78a50c1f5c7452b9a02868
light,DetectDataset_clean_v2/test/images/video17_830__fd9d3bd2b882b251.jpg,DetectDataset_clean_v2_motion_blur/light/images/video17_830__fd9d3bd2b882b251.png,640,640,3,3,0,fd9d3bd2b882b251e694e2bb453d74bc1eba49c8ce10f49839321f9cb01201aa,4d9e4d0f90b6baad179fb0d630f109a41e469eb0a27e4a30dd903d5a4cbdcb8b
light,DetectDataset_clean_v2/test/images/video17_831__ea6970ca95e7c69a.jpg,DetectDataset_clean_v2_motion_blur/light/images/video17_831__ea6970ca95e7c69a.png,640,640,3,3,90,ea6970ca95e7c69a76e5af563a93f5ed8681d6f928775ef0a36961da24bfc17f,e62f537582a8ad84fd0dc963d01417362285b4112864f1c76e161a2ea5fcf2d6
light,DetectDataset_clean_v2/test/images/video17_833__134b8bc3282a9471.jpg,DetectDataset_clean_v2_motion_blur/light/images/video17_833__134b8bc3282a9471.png,640,640,3,3,90,134b8bc3282a9471a2a58524bd4a85011c10c75edfdae7faa4c6b093eec26a80,91a5a6b5da3dd81c72c27791e3fc138c8392e78cc14ced558ec17ccc07726b0a
light,DetectDataset_clean_v2/test/images/video17_833__9d4e400226bdd1e5.jpg,DetectDataset_clean_v2_motion_blur/light/images/video17_833__9d4e400226bdd1e5.png,640,640,3,3,0,9d4e400226bdd1e53caeee6f8013ae6942317ef65ddaba78a1199638697059b0,ddf28494fb16e82eb5dc878d160a6f6519389702edb868d3f78d78135099e421
light,DetectDataset_clean_v2/test/images/video17_836__c0c2d74090ba5ae1.jpg,DetectDataset_clean_v2_motion_blur/light/images/video17_836__c0c2d74090ba5ae1.png,640,640,3,3,135,c0c2d74090ba5ae1acc3f69ba40cdfd38c2c9c7d3d5d04e775c6f12cdf3a03ed,5da598926d291e2e3e6c695cb70278579a65921af50a2a5c55cad9b4c62809b9
light,DetectDataset_clean_v2/test/images/video17_836__faee838c996ca43b.jpg,DetectDataset_clean_v2_motion_blur/light/images/video17_836__faee838c996ca43b.png,640,640,3,3,90,faee838c996ca43b89438a1d147286b6b20169bc4afe5647426b684236530563,45842016347c076c97c97f8866d36461e63980775ece0dcb44f9e13b58c05e43
light,DetectDataset_clean_v2/test/images/video17_838__bf3f7e6b6e948d94.jpg,DetectDataset_clean_v2_motion_blur/light/images/video17_838__bf3f7e6b6e948d94.png,640,640,3,3,90,bf3f7e6b6e948d946634255b6a16e9a61ecdf6b48d8d61c532e4a38ab007c2ad,e16b5dba821a378e2f5dd1bf74ba78ca12963421e2e096068276c79958e5df04
light,DetectDataset_clean_v2/test/images/video17_885__6271d394d2c68984.jpg,DetectDataset_clean_v2_motion_blur/light/images/video17_885__6271d394d2c68984.png,640,640,3,3,0,6271d394d2c689842d6453e12c254dccd31459d8b42958082f8841fe0896d783,ce2be74c97ab11747b87b0ef77bcd2f70cb7fa03e62675e8ae766800b5faa3ee
light,DetectDataset_clean_v2/test/images/video17_885__bcfd1a9fa884a1f5.jpg,DetectDataset_clean_v2_motion_blur/light/images/video17_885__bcfd1a9fa884a1f5.png,640,640,3,3,0,bcfd1a9fa884a1f5a4d216220c4c993c1b531019dee49c464ccf94bf57e27f6f,5f6d2aeb647c7a2ed27154f4bc1571381b17a0e71517a24dafe11790ef260da8
light,DetectDataset_clean_v2/test/images/video17_897__19e6db94c1e70382.jpg,DetectDataset_clean_v2_motion_blur/light/images/video17_897__19e6db94c1e70382.png,640,640,3,3,45,19e6db94c1e7038277ef83433336b8175281f05b4a4d721747ab12951131f41c,69240a15a0e57bf5ad8c0b8a15c64d109e854e3c2df13e694ec1010a2b302b4d
light,DetectDataset_clean_v2/test/images/video17_897__eeb5a0f71c4ef3d2.jpg,DetectDataset_clean_v2_motion_blur/light/images/video17_897__eeb5a0f71c4ef3d2.png,640,640,3,3,135,eeb5a0f71c4ef3d2f6470d730e38493e24b963071361fbf3bdbd22693dd2dae7,3be8d29687697ead89e1d40c18c6fa6ae2aa84562017f109e1fa24cfa26a2317
light,DetectDataset_clean_v2/test/images/video17_89__be243e40a8f23845.jpg,DetectDataset_clean_v2_motion_blur/light/images/video17_89__be243e40a8f23845.png,640,640,3,3,135,be243e40a8f2384511362cd2c85baa6a207d2601f620033948f4e9c939f88057,9f0829e35e1a451d80e88ea1b86323f0eb3fef65c888b1c67995acafd5573f7b
light,DetectDataset_clean_v2/test/images/video17_91__8c97155465aac7e1.jpg,DetectDataset_clean_v2_motion_blur/light/images/video17_91__8c97155465aac7e1.png,640,640,3,3,45,8c97155465aac7e161663261e0edc83bbe5af254a2ddf548a5c5602b5fea8801,c7d1331db21196762571448221fd4480d418856ef44a318860ae913beecfce12
light,DetectDataset_clean_v2/test/images/video17_91__ff9e35f21a2e00ce.jpg,DetectDataset_clean_v2_motion_blur/light/images/video17_91__ff9e35f21a2e00ce.png,640,640,3,3,45,ff9e35f21a2e00ceaa9b48ab5368b4ca09694030214d702d6088cce9218dba33,df8444689b95f40c91a6f39d362736ce68d2ac72d57f483fd10bcfe0aca766d1
light,DetectDataset_clean_v2/test/images/video17_942__5cc1169138141adb.jpg,DetectDataset_clean_v2_motion_blur/light/images/video17_942__5cc1169138141adb.png,640,640,3,3,45,5cc1169138141adb407831e268b63e3cf3ad6453524f9fb5effb59e3602f8f0c,9ae62bacee8b19fd72d3d78949026515872627118b8cb6999158dc0e6816ba62
light,DetectDataset_clean_v2/test/images/video17_942__ad8bd3b389bb99e8.jpg,DetectDataset_clean_v2_motion_blur/light/images/video17_942__ad8bd3b389bb99e8.png,640,640,3,3,135,ad8bd3b389bb99e83e5d21f32fbc18c9a0bb4e4d5c603bc8da40916746e858e4,7f923c7b164f871895546076de904b122b19043157d7b747251774b5b9e69dd4
light,DetectDataset_clean_v2/test/images/video17_948__76086f481edaf5d1.jpg,DetectDataset_clean_v2_motion_blur/light/images/video17_948__76086f481edaf5d1.png,640,640,3,3,135,76086f481edaf5d1703f4fc84936b1a91efa6d89055cb9ba5ae99978ada43c28,be097c28e9a4fda5225a4dbfda4cb950edf753203e5d07978619763d8dc50332
light,DetectDataset_clean_v2/test/images/video17_951__9106d97744fbad55.jpg,DetectDataset_clean_v2_motion_blur/light/images/video17_951__9106d97744fbad55.png,640,640,3,3,45,9106d97744fbad55dc48e0123e2bad3eb672e5f4d299b08409d35bf7fb35eeaf,57280502d61adba59b7c521d4370bae120266e534e06c84287a3733632019d27
light,DetectDataset_clean_v2/test/images/video17_951__afbb7e7776af5c2d.jpg,DetectDataset_clean_v2_motion_blur/light/images/video17_951__afbb7e7776af5c2d.png,640,640,3,3,135,afbb7e7776af5c2d876053b3f4e1eedc19cce455be56e3162ff305c76a129932,b2b307d805a8f0e513aed6e0ad650365dc099ac576a592697e5558b09ead5449
light,DetectDataset_clean_v2/test/images/video17_955__9d4bb7f9af09e794.jpg,DetectDataset_clean_v2_motion_blur/light/images/video17_955__9d4bb7f9af09e794.png,640,640,3,3,135,9d4bb7f9af09e7946f6d767a2e1811e038ab9963c2aa9cb1b637ab262e603d9b,db5a567b68538cd20f3fcf4b2d0962edc15a25b6aed174e0c248abe40b399346
light,DetectDataset_clean_v2/test/images/video17_962__070379c26e8ae4af.jpg,DetectDataset_clean_v2_motion_blur/light/images/video17_962__070379c26e8ae4af.png,640,640,3,3,0,070379c26e8ae4af12e4384b03432c8edb63af370170bbe77ccd3b623c6cac65,a02292f83ffcb9fb0a4c4fcdecc979c2f34ab1a3a4d7c6b4393f1003e0c680e5
light,DetectDataset_clean_v2/test/images/video17_977__15ca101720b953a2.jpg,DetectDataset_clean_v2_motion_blur/light/images/video17_977__15ca101720b953a2.png,640,640,3,3,90,15ca101720b953a26bc8d078a5ca7d8148945d2f9abbe0c1e5c0a491bbbacb5a,0eda132bb4806fb9f35ed10c2d9ec6e81ad9b547e670ba0f003902a5c09cf93d
light,DetectDataset_clean_v2/test/images/video17_97__462fd0c3acc91fcf.jpg,DetectDataset_clean_v2_motion_blur/light/images/video17_97__462fd0c3acc91fcf.png,640,640,3,3,135,462fd0c3acc91fcf5c8212268d229653a71b050bfb9c4a46485db74694bf8748,4277f16df777071f2ae052036072a12077d44c1e41e56e404fb9d6229c44c164
light,DetectDataset_clean_v2/test/images/video17_981__1d9a3d643d774755.jpg,DetectDataset_clean_v2_motion_blur/light/images/video17_981__1d9a3d643d774755.png,640,640,3,3,90,1d9a3d643d774755963af38cc829b81bb049e5233b7e44a5593ea4e46dd8e30c,1cdbf0397ae75fcd208c8d6aa05368d9fcad50cf4b208d6255e01c5481b84935
light,DetectDataset_clean_v2/test/images/video17_981__3d78574afa2760ba.jpg,DetectDataset_clean_v2_motion_blur/light/images/video17_981__3d78574afa2760ba.png,640,640,3,3,45,3d78574afa2760ba75ad349f981f7a3c1aa1b6bc3a6d5b8dd736fcd633b7c3e2,d2b218032de911dc4b6c1409243a221008300ac87babb786234bc41e69b8b60c
light,DetectDataset_clean_v2/test/images/video17_986__c883c8d4a5f10c3d.jpg,DetectDataset_clean_v2_motion_blur/light/images/video17_986__c883c8d4a5f10c3d.png,640,640,3,3,135,c883c8d4a5f10c3d7bb039e9b6ed3893c4833298a524f3765640404cc026418b,44b9234cec65b5fffe8c60b8211747146969375063ad3b69693252287a14e04c
light,DetectDataset_clean_v2/test/images/video17_986__f0f6168cceab6ce8.jpg,DetectDataset_clean_v2_motion_blur/light/images/video17_986__f0f6168cceab6ce8.png,640,640,3,3,45,f0f6168cceab6ce893f44180a929272aa240483da91d92d81cedabcdccfd89ca,07d9928fbb37e63f70b66e5b34c89d7bc4f9182e2420dfbd25bbbf1cffbee3f0
light,DetectDataset_clean_v2/test/images/video17_993__5d25cae397d52307.jpg,DetectDataset_clean_v2_motion_blur/light/images/video17_993__5d25cae397d52307.png,640,640,3,3,90,5d25cae397d52307633c9b487509615251ea664de18dcc5c2f7415e12bc1ff0a,eba94fac5625e36ae3f4db40c6019991d4bc6e74eac17071f97f157b731d4b15
light,DetectDataset_clean_v2/test/images/video17_994__0a3780648946c35f.jpg,DetectDataset_clean_v2_motion_blur/light/images/video17_994__0a3780648946c35f.png,640,640,3,3,0,0a3780648946c35f6e8ca669f591a19046454932ee98843c102b1d167f922952,5a7df9bb77cc7ab7dc830d06b3f8ee4a5b51e510e356e3a30e01286e70634ba9
light,DetectDataset_clean_v2/test/images/video17_999__a8d49db41cd8c8cb.jpg,DetectDataset_clean_v2_motion_blur/light/images/video17_999__a8d49db41cd8c8cb.png,640,640,3,3,90,a8d49db41cd8c8cb37a839e51d828e889b1c54369b6bc22dac497a4367c2ea88,bcb69e338e0573988a58ad0e85748ade0e58807aac69e4fbcc9a44bee3b34259
light,DetectDataset_clean_v2/test/images/video18_1026__39d120271ef0d699.jpg,DetectDataset_clean_v2_motion_blur/light/images/video18_1026__39d120271ef0d699.png,640,640,3,3,0,39d120271ef0d699f1430fd4cf975371237cecf27e065b05e86cdd897cef69fa,8788c6dbee68ec305b89588d2ea4ab1d48ef6c54b58e109a76569d97235daf81
light,DetectDataset_clean_v2/test/images/video18_1026__ae72a45c5f12fdab.jpg,DetectDataset_clean_v2_motion_blur/light/images/video18_1026__ae72a45c5f12fdab.png,640,640,3,3,90,ae72a45c5f12fdaba32ccb4e30f134d78d94e3d4fe9269e1331c3459e15bf4e0,3fba302b7e32870a96347c18e890eabf76d754de55e49b2554fd0a1345bd5995
light,DetectDataset_clean_v2/test/images/video18_1028__feb8b05798105d4b.jpg,DetectDataset_clean_v2_motion_blur/light/images/video18_1028__feb8b05798105d4b.png,640,640,3,3,45,feb8b05798105d4b63b05e2dc58516960dee9f819884b01870a522d847213500,79c949e2243e842054d1c0a385326419a8e58f0f5e8aec2bdffd0d4239785cb1
light,DetectDataset_clean_v2/test/images/video18_1061__306d6cd7f70ebe66.jpg,DetectDataset_clean_v2_motion_blur/light/images/video18_1061__306d6cd7f70ebe66.png,640,640,3,3,135,306d6cd7f70ebe6640b5f92e3ae295549a1ada362376bf0b3fce7c0f05d26672,033d2d78a2abf7c2e98f651d5a3dc738856133bd49add13087d36f0d59381c5f
light,DetectDataset_clean_v2/test/images/video18_1061__e903af097f387993.jpg,DetectDataset_clean_v2_motion_blur/light/images/video18_1061__e903af097f387993.png,640,640,3,3,45,e903af097f387993db605b986352eadaf4ad70dd9148c44a19407157f64fa141,8260c3504caa5e18920066f1e9df19848ac8256b33eb6296d52094653606259d
light,DetectDataset_clean_v2/test/images/video18_1072__ee073ceab82cb893.jpg,DetectDataset_clean_v2_motion_blur/light/images/video18_1072__ee073ceab82cb893.png,640,640,3,3,0,ee073ceab82cb89310629f8b1e650f76a05250a5c307853a0a2bc1a7d84fd651,31061173187ecb6e03649d35dee56ad599c87cdb096d7afd704bee1a4e3ec999
light,DetectDataset_clean_v2/test/images/video18_1080__788b0dc1f7ca9c5c.jpg,DetectDataset_clean_v2_motion_blur/light/images/video18_1080__788b0dc1f7ca9c5c.png,640,640,3,3,135,788b0dc1f7ca9c5cabff3fd6622aedbe0be7414299f05a15e8ca4f831c5f0f88,0e89a04b57e17d20561839c7eb9c370d077e4c73a3b7a61f81d61911da5255f1
light,DetectDataset_clean_v2/test/images/video18_1093__f7b1a02f4f01c550.jpg,DetectDataset_clean_v2_motion_blur/light/images/video18_1093__f7b1a02f4f01c550.png,640,640,3,3,0,f7b1a02f4f01c550a7fe76e73f21b5389f3b1f89f090710d05351ffcdf49cbf5,e7fa34226cf570be1b5a77c62c9e6996238e71f3bbf7e4d1111167af2b0cb14c
light,DetectDataset_clean_v2/test/images/video18_1095__71f8ed9e36da59f7.jpg,DetectDataset_clean_v2_motion_blur/light/images/video18_1095__71f8ed9e36da59f7.png,640,640,3,3,135,71f8ed9e36da59f713a60243dc80cc0a152153990ecef730947fc9d22e77100c,90f4f17785bd2b0f1ae1c8b4e1a5893e3c60217c19a860ce87e4ef45f2f40f91
light,DetectDataset_clean_v2/test/images/video18_1100__49c5902287959a0d.jpg,DetectDataset_clean_v2_motion_blur/light/images/video18_1100__49c5902287959a0d.png,640,640,3,3,90,49c5902287959a0df611303b667d09c4fdf28663af2bd800c01575ba498127a4,71fbfde0bcfd546e5b17fc2fbc1edf6e84e940541e10733d162289ea101c3cd5
light,DetectDataset_clean_v2/test/images/video18_1112__ad06043e4c1914d8.jpg,DetectDataset_clean_v2_motion_blur/light/images/video18_1112__ad06043e4c1914d8.png,640,640,3,3,0,ad06043e4c1914d87f3278f44857e1e38745e15123c91a4fd1fc329b2e0a1dfd,99b57ea988814db08f9a3651f72d281818a6edf6e15a14016cf2cbd87a7903c2
light,DetectDataset_clean_v2/test/images/video18_1119__6b2de9a3df1586ed.jpg,DetectDataset_clean_v2_motion_blur/light/images/video18_1119__6b2de9a3df1586ed.png,640,640,3,3,135,6b2de9a3df1586eda0828ffa4f56864493f4fba3364dba9943256e663f2a6ca5,cd48629dea79f72a95713a8a4c65d7342494af00be3c0a37bba8200732c48258
light,DetectDataset_clean_v2/test/images/video18_1119__e0f1d45c7456fe0f.jpg,DetectDataset_clean_v2_motion_blur/light/images/video18_1119__e0f1d45c7456fe0f.png,640,640,3,3,90,e0f1d45c7456fe0f4792387581083643b16a356273b551f8f883190b43f988fe,1c53ca2c307f34f63e3c34cf313042cd5dea454fc89260e0a0b2dd45e1d57ef2
light,DetectDataset_clean_v2/test/images/video18_1124__f664761a8a08d1e6.jpg,DetectDataset_clean_v2_motion_blur/light/images/video18_1124__f664761a8a08d1e6.png,640,640,3,3,135,f664761a8a08d1e6a77efe155cf318a58cc026ffdc8cae8e2f0adc0cb89971cc,921d224d1965cf8a362a2f530ec70c0282751d7a36c482370978c65a1bb9ad0f
light,DetectDataset_clean_v2/test/images/video18_1125__b8dc2d4dc36316a2.jpg,DetectDataset_clean_v2_motion_blur/light/images/video18_1125__b8dc2d4dc36316a2.png,640,640,3,3,45,b8dc2d4dc36316a25beb8c47e94fe7fd4cc84cbb01279a473a74dbdd4dd58404,4afaad99284f8f5099493131caaed5ab87bdb936463841f702795e35e4c01b9f
light,DetectDataset_clean_v2/test/images/video18_1130__dd561497b08a73fa.jpg,DetectDataset_clean_v2_motion_blur/light/images/video18_1130__dd561497b08a73fa.png,640,640,3,3,135,dd561497b08a73fa57c0388feaf2345d0f7e5fc13830c03e9ef63638727facde,28014f86d414b27952d1d9bb487ccc02dda57c20f98b36dccde42ec2c581faf4
light,DetectDataset_clean_v2/test/images/video18_1133__89fe9833fccf2535.jpg,DetectDataset_clean_v2_motion_blur/light/images/video18_1133__89fe9833fccf2535.png,640,640,3,3,45,89fe9833fccf25354a303cf6c9dc2a59824693203af297e21e8a972f8c0b6a34,ad42fb71ba0962590d7511d73b2051b49b6621ec2899aeebe94083fa6a0a5b3b
light,DetectDataset_clean_v2/test/images/video18_1236__3dcfabb637055e1a.jpg,DetectDataset_clean_v2_motion_blur/light/images/video18_1236__3dcfabb637055e1a.png,640,640,3,3,90,3dcfabb637055e1a44d76b6aec47880b36e96a1ab090106d240885c8af1a20b8,9a10c4dfbc76ef7a24ab3f0a095fde04d0932ce6837353d520b4d79c04f472bf
light,DetectDataset_clean_v2/test/images/video18_1252__a662e99629705082.jpg,DetectDataset_clean_v2_motion_blur/light/images/video18_1252__a662e99629705082.png,640,640,3,3,0,a662e99629705082b2e7bd40a4158227f295e6c19416a9fc0c15986941c02b6e,e5a4601f1cbb4f2c7b37db18d82803c7c84c8ff69859adabebebbf96f28b9b91
light,DetectDataset_clean_v2/test/images/video18_1253__0886bc5249548637.jpg,DetectDataset_clean_v2_motion_blur/light/images/video18_1253__0886bc5249548637.png,640,640,3,3,45,0886bc52495486376562477a97f1caa607ad2a8e3e7d5f9f1040b9fbca33fcc7,ff65fd34cc37928b1027b77ffceee123f1fae9c1d8908f67c47e757984f4504d
light,DetectDataset_clean_v2/test/images/video18_126__b165bc3e43996d0e.jpg,DetectDataset_clean_v2_motion_blur/light/images/video18_126__b165bc3e43996d0e.png,640,640,3,3,90,b165bc3e43996d0e2013e6a54cc17a4f3c991b2e1294dbd94870b55b753e0138,3a495ceff72af0e08333e4d92b81c7ba9acbe68f381ba203bfdf6c521850f3b0
light,DetectDataset_clean_v2/test/images/video18_1270__ab6784c4a48ce2e6.jpg,DetectDataset_clean_v2_motion_blur/light/images/video18_1270__ab6784c4a48ce2e6.png,640,640,3,3,0,ab6784c4a48ce2e69467e91a9bd18157141ebcecb49d34b0062957e0a0b27298,fdd679ede279d436c964508f17c53a3f3e6b4cdc165a41e1697feccbb1b32409
light,DetectDataset_clean_v2/test/images/video18_1275__96fc7d25955d8f41.jpg,DetectDataset_clean_v2_motion_blur/light/images/video18_1275__96fc7d25955d8f41.png,640,640,3,3,135,96fc7d25955d8f41bf0c246b86b415ee6853c55cdd200d91bdb0ad2362f52cac,265dd21ca1f1973823dbc4e3876a1d8ea905297c3e6436bf9de83a0ca88ce372
light,DetectDataset_clean_v2/test/images/video18_1281__83038ebec0fb93e0.jpg,DetectDataset_clean_v2_motion_blur/light/images/video18_1281__83038ebec0fb93e0.png,640,640,3,3,45,83038ebec0fb93e07e626683cc47510be1762aa19e9e0c4c607d1a4c5037de57,7de01a06dbc32da8a0c18b3f83aa9eda42549939129e9a93cf454beb0217b913
light,DetectDataset_clean_v2/test/images/video18_1286__2d1a991adfdac585.jpg,DetectDataset_clean_v2_motion_blur/light/images/video18_1286__2d1a991adfdac585.png,640,640,3,3,135,2d1a991adfdac5857bd78971bc307f4b0131f64d11d6d62c74064ceb3d4572e5,46273adffa9bd9b4c40d50cf5af2779c403dffb7ff8d05f2256c83928a2faa20
light,DetectDataset_clean_v2/test/images/video18_1289__2b05850d8325650e.jpg,DetectDataset_clean_v2_motion_blur/light/images/video18_1289__2b05850d8325650e.png,640,640,3,3,90,2b05850d8325650ea48d6ac1bc5345b98abb74ba5bf244c692e03a9b81c8bfe3,d8e940bfee37991bc1dac24244c672bd2114c69d017a72fa0654acc796f7a647
light,DetectDataset_clean_v2/test/images/video18_128__527a11f03f2b2009.jpg,DetectDataset_clean_v2_motion_blur/light/images/video18_128__527a11f03f2b2009.png,640,640,3,3,0,527a11f03f2b2009a9e3f41cf0c16768ec2e06356ba5e65d4a6b387b3f3aa5eb,a30f37879157803f798170dc421ebb780717e83a12297a34b0989addfde5d72a
light,DetectDataset_clean_v2/test/images/video18_1290__b5a84a89f1293a01.jpg,DetectDataset_clean_v2_motion_blur/light/images/video18_1290__b5a84a89f1293a01.png,640,640,3,3,45,b5a84a89f1293a01379765153d0cd9e8e0bd2d64d1c97981f6ee6d89c79c58bc,c9d795b7802b3da068e33094612974727d652e24aa5bafe5c0cc254ffd8dfec4
light,DetectDataset_clean_v2/test/images/video18_1297__72db96795911f44f.jpg,DetectDataset_clean_v2_motion_blur/light/images/video18_1297__72db96795911f44f.png,640,640,3,3,0,72db96795911f44f25c98980d9cb4417f9b1c0df8cf5cdc68268a9ce270e1a9d,a3d4ab3cd16ea14c47d712e8e287db639d1aeeeedce9ebfaee223f3c42c79ea8
light,DetectDataset_clean_v2/test/images/video18_1309__262c17308b5b745d.jpg,DetectDataset_clean_v2_motion_blur/light/images/video18_1309__262c17308b5b745d.png,640,640,3,3,45,262c17308b5b745d6e8060446e33cced5e638eaca54d562635380189438b671f,1613204a00450bd1bab313eb738068eb7496592fb3d95c79046c73eb640a61b1
light,DetectDataset_clean_v2/test/images/video18_1309__e89c9d0fce6f492c.jpg,DetectDataset_clean_v2_motion_blur/light/images/video18_1309__e89c9d0fce6f492c.png,640,640,3,3,90,e89c9d0fce6f492cb076fb9b2fda262df62819f46ed07f400bcd0b6c8313dce5,163e3d3fd6650db8c0159a7abd797ed39afee500c0a20dec98e3f6eeb55e059f
light,DetectDataset_clean_v2/test/images/video18_1316__07966dc86c75a157.jpg,DetectDataset_clean_v2_motion_blur/light/images/video18_1316__07966dc86c75a157.png,640,640,3,3,90,07966dc86c75a1577ad531dba0bb4737bbe8883d7d1865f6e2641de98caadcfb,2a0a5d9399b4ac9c97472d6ce5445215abcbc61b0f162dfc585ca47ae2aed25d
light,DetectDataset_clean_v2/test/images/video18_1316__34df50a38a660770.jpg,DetectDataset_clean_v2_motion_blur/light/images/video18_1316__34df50a38a660770.png,640,640,3,3,90,34df50a38a660770d5615cdffea401b95d4fedb9c3def12b75134d7c358578cf,3cc251036b8d763001b9fc7003f94db60bd0976a58a75cd7f810f66599f50f36
light,DetectDataset_clean_v2/test/images/video18_1318__68f62218bbf55b4e.jpg,DetectDataset_clean_v2_motion_blur/light/images/video18_1318__68f62218bbf55b4e.png,640,640,3,3,0,68f62218bbf55b4e715f78cd09c68b63b724b6f5486d435545d2f6c7d80a3fdb,ef4f05497d3add1c403bc8d0924c6ac65983f15424b35a2dac73b67bd90e1066
light,DetectDataset_clean_v2/test/images/video18_1323__755ee959bb862866.jpg,DetectDataset_clean_v2_motion_blur/light/images/video18_1323__755ee959bb862866.png,640,640,3,3,45,755ee959bb86286630caa4a8225b727919bbc9a3271be4b9f62b3fbd6d2e7819,aa22aff11b63bc64da467103077b4de61409579c3229729fde1fc6d8f3612bc3
light,DetectDataset_clean_v2/test/images/video18_1333__b42d0431c5e4e419.jpg,DetectDataset_clean_v2_motion_blur/light/images/video18_1333__b42d0431c5e4e419.png,640,640,3,3,90,b42d0431c5e4e419111847d19027f3a9a81f63e72485717dbad45e23c674b138,41bfcd8583f3008292e7b2696ad8ebf16a3d1578025ffbfe9595a030189bbdc6
light,DetectDataset_clean_v2/test/images/video18_1333__be1d68763e16930a.jpg,DetectDataset_clean_v2_motion_blur/light/images/video18_1333__be1d68763e16930a.png,640,640,3,3,135,be1d68763e16930acdc1ab6114809cf5492b9a465c1f1771bf741422f98bc993,0fb4808b36b9caf924e804b1e4524cdccd4501657f622919235fa68228a8c6ce
light,DetectDataset_clean_v2/test/images/video18_1337__3bbe1300bcc23bcb.jpg,DetectDataset_clean_v2_motion_blur/light/images/video18_1337__3bbe1300bcc23bcb.png,640,640,3,3,0,3bbe1300bcc23bcbb21e01bdea1f9611bdd572d5333a609742867b86f9405763,52d3229e94c8dba61e437094f7fbb0398bfe4e9150a38a07c81bb12d9fa34abd
light,DetectDataset_clean_v2/test/images/video18_1342__de979f065bf0be39.jpg,DetectDataset_clean_v2_motion_blur/light/images/video18_1342__de979f065bf0be39.png,640,640,3,3,45,de979f065bf0be396aba74d6465884e4edf64a6fe6150e3cfb849e84612f1b4d,d0adc0c0c0631c4b4bc3202a4368a72d7ffd60224b1d9c9e16546ee1e5acfa1d
light,DetectDataset_clean_v2/test/images/video18_1345__30a3017196bf8756.jpg,DetectDataset_clean_v2_motion_blur/light/images/video18_1345__30a3017196bf8756.png,640,640,3,3,90,30a3017196bf8756e7cc6acb711fb0e2c47aff47fc5e6bf21742455d5e8ea977,6b90f143765a8e09eb6f810466d61beb98403e05eecc61dc02752e36e1f94e67
light,DetectDataset_clean_v2/test/images/video18_1349__697d8ec793177f43.jpg,DetectDataset_clean_v2_motion_blur/light/images/video18_1349__697d8ec793177f43.png,640,640,3,3,0,697d8ec793177f43e0d193fd9eaa8fec9cb29f818e06d4506d4be2b66e2845c6,6728a10f7dc8b1a01540eadbc12c0aada84c48730d3f09690e7f274e3cc19c04
light,DetectDataset_clean_v2/test/images/video18_1349__fd7d50856d8036ae.jpg,DetectDataset_clean_v2_motion_blur/light/images/video18_1349__fd7d50856d8036ae.png,640,640,3,3,135,fd7d50856d8036aef1979edc52df272799fe5d7c2a375004eda2dccb0586fdf9,3e45d0337dd9c048edf435e8ef3b841d7b490d7e60ccf1b367a342eb27401b71
light,DetectDataset_clean_v2/test/images/video18_1355__ea1708a8785b7c55.jpg,DetectDataset_clean_v2_motion_blur/light/images/video18_1355__ea1708a8785b7c55.png,640,640,3,3,135,ea1708a8785b7c55f1a71a0f1384142a15db759acb4fb62f11241de763daa05a,ebad37f3b50cf144fd23fe9e7e2729af74db079852d7ef75208f21c5277ca414
light,DetectDataset_clean_v2/test/images/video18_1357__5b420d87feb2e97f.jpg,DetectDataset_clean_v2_motion_blur/light/images/video18_1357__5b420d87feb2e97f.png,640,640,3,3,90,5b420d87feb2e97f6bfaff23b33f5caba3b4a0400c2979916d65ec60874666e9,bf027f8ab828935f1fe04363c145e19b6a4e714471489849bd3ea941935fe721
light,DetectDataset_clean_v2/test/images/video18_1379__cad9e6eb661708b2.jpg,DetectDataset_clean_v2_motion_blur/light/images/video18_1379__cad9e6eb661708b2.png,640,640,3,3,135,cad9e6eb661708b2b2cf3639a4a9ee0bafd765cec561c0c4a2cdefcf8e915d6a,887224693881ee69bd5c01862d53f0809786a6b58293ccf0583c2ae6e7b77589
light,DetectDataset_clean_v2/test/images/video18_1390__e6a98b7f84984cd0.jpg,DetectDataset_clean_v2_motion_blur/light/images/video18_1390__e6a98b7f84984cd0.png,640,640,3,3,0,e6a98b7f84984cd0a13c973bc4dfe78760988c1ec50d54cf09855fe206db963a,cdeb0240e7dd4592eeefd51b102c1b0f70e6f099ad8e7d3c6e52896775cb5b3e
light,DetectDataset_clean_v2/test/images/video18_1404__e3349acef6977d17.jpg,DetectDataset_clean_v2_motion_blur/light/images/video18_1404__e3349acef6977d17.png,640,640,3,3,0,e3349acef6977d170ba785e24214fe0e70e32c531c44ae1d518c9e289f512585,a8717a56a3fc47c8a70fdf8dc9c4e1944d941d69cbe6b863dba0104eb9d96806
light,DetectDataset_clean_v2/test/images/video18_1405__5e634f399217466f.jpg,DetectDataset_clean_v2_motion_blur/light/images/video18_1405__5e634f399217466f.png,640,640,3,3,90,5e634f399217466fbecea19bcfbd965ced13a63518cf6fa544e661913f614098,7211dd4de688ae51528badc329d6ee583fb55fd08b320073250f004cb16a6037
light,DetectDataset_clean_v2/test/images/video18_1413__bdf4397bd7b0b562.jpg,DetectDataset_clean_v2_motion_blur/light/images/video18_1413__bdf4397bd7b0b562.png,640,640,3,3,0,bdf4397bd7b0b562bb78e713db9e6931db45ff8e8624e91e7adf6612366cf8eb,3a31acd8b4e16e7aede53748d7d7074b10fbe9be0307033c1d3c934c12f9e8b4
light,DetectDataset_clean_v2/test/images/video18_1414__504aa97cb7b7fc86.jpg,DetectDataset_clean_v2_motion_blur/light/images/video18_1414__504aa97cb7b7fc86.png,640,640,3,3,90,504aa97cb7b7fc868308d193a016cca6f68b84f21a7befef43099d250367c6ef,ca96b70b1b1bb013e297f114d0a7d899f7610f977ffe2dd385d14253b7a385cf
light,DetectDataset_clean_v2/test/images/video18_1414__f82c69b64cd30fec.jpg,DetectDataset_clean_v2_motion_blur/light/images/video18_1414__f82c69b64cd30fec.png,640,640,3,3,135,f82c69b64cd30feca1a1d53b16dfba09650b5fd6a073698274b91ce0678e6367,56b90d50aed7758181dfd11259e91635bacf555b347280201ebaa9d7b85dc26b
light,DetectDataset_clean_v2/test/images/video18_1438__b8b2c2c95a6136ef.jpg,DetectDataset_clean_v2_motion_blur/light/images/video18_1438__b8b2c2c95a6136ef.png,640,640,3,3,135,b8b2c2c95a6136ef4313b766b3501e35117d650927212ada62e5fbe0b6198b4a,9f6c9fb1f46b0b13d2a96eaf9987cf6a55be2747f5368455a4d4a1495cb4b125
light,DetectDataset_clean_v2/test/images/video18_1463__adb95c5cf2ab926f.jpg,DetectDataset_clean_v2_motion_blur/light/images/video18_1463__adb95c5cf2ab926f.png,640,640,3,3,135,adb95c5cf2ab926f7a405880c323ac867246bf98a5bfb3af6e38c67558f284ed,e7b0750d7e3fdb0861796b605c15868a5e5d148f1ba9fec637a2c7e54f4cd7ec
light,DetectDataset_clean_v2/test/images/video18_1482__28c2d6bf344af7fc.jpg,DetectDataset_clean_v2_motion_blur/light/images/video18_1482__28c2d6bf344af7fc.png,640,640,3,3,0,28c2d6bf344af7fc72130fed95340e3782e2b9b230609448e43f6e06cbdedd88,4fb9072b3bcf1d20917cdacb6d7cd9245780a95e4f90bd0c8da0f1367e768806
light,DetectDataset_clean_v2/test/images/video18_1566__8b7cf9ac9b040da8.jpg,DetectDataset_clean_v2_motion_blur/light/images/video18_1566__8b7cf9ac9b040da8.png,640,640,3,3,135,8b7cf9ac9b040da8762a0c10cb7949ec37e5bf37d65e566a9df4af563883f7fa,0d5d22274b49ef0e9211fcdefd9478d79902a016e49cc9792b22e4a5462504f4
light,DetectDataset_clean_v2/test/images/video18_1587__daf07877f63902a9.jpg,DetectDataset_clean_v2_motion_blur/light/images/video18_1587__daf07877f63902a9.png,640,640,3,3,0,daf07877f63902a9e5d512561739533d2018b04271b44b93138cb1b35fbbb9ff,f8f2eab93e1e02de783a9f944eb52023c348f2992a7ce2bdd2424fbeef491a70
light,DetectDataset_clean_v2/test/images/video18_1588__7f89fbe4c79975f6.jpg,DetectDataset_clean_v2_motion_blur/light/images/video18_1588__7f89fbe4c79975f6.png,640,640,3,3,0,7f89fbe4c79975f6262c5e3572bdcfa74cf2c5ed66223d100257955c012433c4,263fe0157a0c52183abafb316f019d816d6550cc0b11479022d92026fb9644f2
light,DetectDataset_clean_v2/test/images/video18_1628__8c8cb8266b2195d7.jpg,DetectDataset_clean_v2_motion_blur/light/images/video18_1628__8c8cb8266b2195d7.png,640,640,3,3,0,8c8cb8266b2195d742f144eddf17077b0657c8b3cc54059d746fb0d9c4b7e1b5,6427a1b4aa3bd7f58861fbb89ed214c1065498cf71c5597546ca62c0a82ba995
light,DetectDataset_clean_v2/test/images/video18_1645__dad0813e039007e5.jpg,DetectDataset_clean_v2_motion_blur/light/images/video18_1645__dad0813e039007e5.png,640,640,3,3,45,dad0813e039007e524640d6314c063c2ecf5c95c15488c573a0357a47d30e156,ba720742f8d759267d20f3c3046cd03703ebcb423dc1dbccdcd7e7a29c8c0c00
light,DetectDataset_clean_v2/test/images/video18_1647__f3adecbc86e24c99.jpg,DetectDataset_clean_v2_motion_blur/light/images/video18_1647__f3adecbc86e24c99.png,640,640,3,3,0,f3adecbc86e24c996f4b17527f3eb236682297ee2e92c308a3aef4b0284f89d1,92d273a20fcd0d0b7cabc585e36c3cd0d055bb589f0fff282425c0f9bfcbb654
light,DetectDataset_clean_v2/test/images/video18_1669__48c78e431997f3cc.jpg,DetectDataset_clean_v2_motion_blur/light/images/video18_1669__48c78e431997f3cc.png,640,640,3,3,90,48c78e431997f3cca190aa83f8e2c2fdc9bae5967a4ba764faad55199b8bc4cb,ebd1e08e92fe90f3206cbe0b1bc74a0584fc8aafce0e1af155ef3d339369f662
light,DetectDataset_clean_v2/test/images/video18_1675__78866217e12f57d7.jpg,DetectDataset_clean_v2_motion_blur/light/images/video18_1675__78866217e12f57d7.png,640,640,3,3,0,78866217e12f57d7b1c0d997784e691c879fab6bfcbc474fae58c0ba7af6d555,3e320231fb744d64dc72be3fc1088e2842147ade0bf83c6b7a8ea8b74a6172d3
light,DetectDataset_clean_v2/test/images/video18_1678__020946fd252cd9b5.jpg,DetectDataset_clean_v2_motion_blur/light/images/video18_1678__020946fd252cd9b5.png,640,640,3,3,135,020946fd252cd9b57f679e826e1b4e42c0b2d28d3fd5c39da3e3da7f50f12a12,8c24c193abe527eba7211be09ce20f82eb521473341a4e0f8c994b46862444d7
light,DetectDataset_clean_v2/test/images/video18_1684__c23979af624f14a2.jpg,DetectDataset_clean_v2_motion_blur/light/images/video18_1684__c23979af624f14a2.png,640,640,3,3,0,c23979af624f14a235cfb2f57d9c0c5f020a0fd4905dad4c1accbe5893a91471,3ca045ea107ce4a51eb2751aecae2c2340aed21fc8748f460add636c4ad3044a
light,DetectDataset_clean_v2/test/images/video18_1685__286ab9f430c49863.jpg,DetectDataset_clean_v2_motion_blur/light/images/video18_1685__286ab9f430c49863.png,640,640,3,3,0,286ab9f430c4986366317e1361ee7749ab2074f101cf7eeb0f78e0b86ffc748e,dc1f5e223afedc666e891f4a362c1d045f58434b605d0bec929baaf621370b52
light,DetectDataset_clean_v2/test/images/video18_1688__1c984a819d666017.jpg,DetectDataset_clean_v2_motion_blur/light/images/video18_1688__1c984a819d666017.png,640,640,3,3,135,1c984a819d66601789a6c2981abff6740ab3de3aa82ba20ce61d7f570313cc1c,d87f3511925499c128c433818d512e31cceac00717382a65d89c79b4de22b164
light,DetectDataset_clean_v2/test/images/video18_1706__29b44394d55ea632.jpg,DetectDataset_clean_v2_motion_blur/light/images/video18_1706__29b44394d55ea632.png,640,640,3,3,90,29b44394d55ea632e7731969e4b9ec70584a6785e1a8f0cc3edfcb5d0cf70f78,b4bec343cb55b6c610ed294ab56f7b9c2e497f0c8df28a313b9e8c342126fd52
light,DetectDataset_clean_v2/test/images/video18_1747__fcfd7944fe2f78de.jpg,DetectDataset_clean_v2_motion_blur/light/images/video18_1747__fcfd7944fe2f78de.png,640,640,3,3,135,fcfd7944fe2f78de714ead0059c97e9f6a6275d4a3792e16f917d16ed57dff92,602a218ba2d5af52691af239e98c608fec7ba5c3ba639831d369b9a673effde8
light,DetectDataset_clean_v2/test/images/video18_1765__22e116d77c556749.jpg,DetectDataset_clean_v2_motion_blur/light/images/video18_1765__22e116d77c556749.png,640,640,3,3,45,22e116d77c556749587549ff5f020956e69984d1b13efd70ba08119e6b39df6b,8a5a4efc47d8b9a6bd0667b90ad571ea14f956f7404f1ffe0d5b811e4fa0549b
light,DetectDataset_clean_v2/test/images/video18_1769__6fdb9f266ad1f2cb.jpg,DetectDataset_clean_v2_motion_blur/light/images/video18_1769__6fdb9f266ad1f2cb.png,640,640,3,3,90,6fdb9f266ad1f2cbd6c216bcea6fe32185b8a280f7b2897e08db1e6d2118b315,443f6541be7895f54458baacf16e5ea5e6658a6c1c2ea4e28e1b2384452ebe22
light,DetectDataset_clean_v2/test/images/video18_1776__741c32a4e3cb8a8c.jpg,DetectDataset_clean_v2_motion_blur/light/images/video18_1776__741c32a4e3cb8a8c.png,640,640,3,3,135,741c32a4e3cb8a8c2a2b19e4c1795a783aaa9b84d15601c7cb4ed3fef0853a98,3fe7c8553d496cf42eed786407e2a834fd8ff2c42f5ef84e3f89a5cb34e1e1ea
light,DetectDataset_clean_v2/test/images/video18_1790__a28a1de30c900ece.jpg,DetectDataset_clean_v2_motion_blur/light/images/video18_1790__a28a1de30c900ece.png,640,640,3,3,90,a28a1de30c900eced1db4a8e9cf685daac6da6bc850e34320f2cc96d66d6a7ef,dc0e5c0185a9ad34038a671d3aaad99e356f671dd592d37cacc5d90d6291ad52
light,DetectDataset_clean_v2/test/images/video18_1793__745fde42bfc13973.jpg,DetectDataset_clean_v2_motion_blur/light/images/video18_1793__745fde42bfc13973.png,640,640,3,3,45,745fde42bfc13973c098d25bd4f1d3e72d3d3aa58c35b0dfe46fa7991b669442,ca51c6a47937b8a7211c108990a2149d70a97e2a5b80217817ca33831259eb45
light,DetectDataset_clean_v2/test/images/video18_1796__3c1980368d8a203f.jpg,DetectDataset_clean_v2_motion_blur/light/images/video18_1796__3c1980368d8a203f.png,640,640,3,3,45,3c1980368d8a203f3c5019a7b0316b18919e3abd858d6f8364482a1949b4e32c,c5ec279508fd0512ed607963d76dfcd12542abf74f4c43f96a2bd65095a17edd
light,DetectDataset_clean_v2/test/images/video18_1797__9f4f4a1814a9e4c7.jpg,DetectDataset_clean_v2_motion_blur/light/images/video18_1797__9f4f4a1814a9e4c7.png,640,640,3,3,0,9f4f4a1814a9e4c7be30c2dc4ff0de34345191dd0dbbee9a1db5d7f37a0a2abc,b9dbe1205dba928e1cd0e56f8a9a5d9fb154ffb36774bc18af237eace6123aba
light,DetectDataset_clean_v2/test/images/video18_1810__3d16e96855c7be8e.jpg,DetectDataset_clean_v2_motion_blur/light/images/video18_1810__3d16e96855c7be8e.png,640,640,3,3,90,3d16e96855c7be8e0f9e6f6327fd6ffe3668ea924b84c4d5ab08fd4d25560770,48fab7767b87ecdca6f2e49c38fb797f39b0424e020b386bdfd78ddea0eccb08
light,DetectDataset_clean_v2/test/images/video18_1819__7098091262955bb4.jpg,DetectDataset_clean_v2_motion_blur/light/images/video18_1819__7098091262955bb4.png,640,640,3,3,90,7098091262955bb4c6eaf0df16bb2ed5d37fea31be8f3e4525b94b280ebc5907,1564a253fcfbbbde709ab12a2a50f9eb4d47e6468b9fbcf76fabfb364dd1589f
light,DetectDataset_clean_v2/test/images/video18_1821__dfbe91a6d2d9e08a.jpg,DetectDataset_clean_v2_motion_blur/light/images/video18_1821__dfbe91a6d2d9e08a.png,640,640,3,3,45,dfbe91a6d2d9e08aa1f5af57baedcfc9d2fa41fa63032d4761054c90866884d7,308b4a82645ade3cbd7c0ed57b7de8d4288df249978c845aed1d31b0021dfe87
light,DetectDataset_clean_v2/test/images/video18_1843__683424b494e4b901.jpg,DetectDataset_clean_v2_motion_blur/light/images/video18_1843__683424b494e4b901.png,640,640,3,3,45,683424b494e4b901ebaff3fd71151232fef0e7322a266315f84e5be15cece1e3,478206b5e97d31606a33b62e282f08999737412a816b4eb7879cef1136d00269
light,DetectDataset_clean_v2/test/images/video18_1848__6d8f66308422d39f.jpg,DetectDataset_clean_v2_motion_blur/light/images/video18_1848__6d8f66308422d39f.png,640,640,3,3,45,6d8f66308422d39f0052ac2f359212b5d2a461d04fa07442deb1db83aaaafa2f,02dd6f9bc2b506915cf7299184b35a3a2a297a0aeb52962a20b518e58026e4bc
light,DetectDataset_clean_v2/test/images/video18_1850__9c479f521812a298.jpg,DetectDataset_clean_v2_motion_blur/light/images/video18_1850__9c479f521812a298.png,640,640,3,3,135,9c479f521812a298bd92863b85722a2e1ffe26813b14dca7a575f442cfd8b1fc,4b44bdcd67dc70054bd159fd5e0d57cb868247211808c61916b4cf76697ad788
light,DetectDataset_clean_v2/test/images/video18_1858__37cb9af58690ef16.jpg,DetectDataset_clean_v2_motion_blur/light/images/video18_1858__37cb9af58690ef16.png,640,640,3,3,90,37cb9af58690ef169f2440f9a3a563c8b2071e1e9413cd800f3ab5113f36391b,11eed7266ea4cab55ba54cf727288d306fb2960d34f481c0a99aa40f7bd4d896
light,DetectDataset_clean_v2/test/images/video18_1861__46f57083a0968527.jpg,DetectDataset_clean_v2_motion_blur/light/images/video18_1861__46f57083a0968527.png,640,640,3,3,135,46f57083a0968527b85c533eff8790de89dd70d8133c917e57f2367fa3f8601b,a254052cc4cc2f78c01ff561c670bd32d2f54227a31bec90411964f7f2fbbb88
light,DetectDataset_clean_v2/test/images/video18_1866__82206853567efa32.jpg,DetectDataset_clean_v2_motion_blur/light/images/video18_1866__82206853567efa32.png,640,640,3,3,90,82206853567efa32538961c47f1b1d4758855956315a3243f91245895edf159d,2b9384098541b403e0f89626c78eafbc824ca3f3891610bc9685fee1c230401b
light,DetectDataset_clean_v2/test/images/video18_1889__d9a4540c54c53e34.jpg,DetectDataset_clean_v2_motion_blur/light/images/video18_1889__d9a4540c54c53e34.png,640,640,3,3,45,d9a4540c54c53e34d424ed7d7d6003a573efed48197db81af2586305a333d18d,1a1dbf47055e5cb46b15dbad28456c9586e9a4657b301df337314169a8a7d42d
light,DetectDataset_clean_v2/test/images/video18_1891__1724caa1c07d4793.jpg,DetectDataset_clean_v2_motion_blur/light/images/video18_1891__1724caa1c07d4793.png,640,640,3,3,135,1724caa1c07d47930e3d83d8c45e461cd14464dba6b1537e7afc3456a8c44b15,d199653759d98eb4586aec09d0a98f6d6221ae6ab7575671a955dee3f16134dd
light,DetectDataset_clean_v2/test/images/video18_1900__5a3db0c8a0e7c92a.jpg,DetectDataset_clean_v2_motion_blur/light/images/video18_1900__5a3db0c8a0e7c92a.png,640,640,3,3,90,5a3db0c8a0e7c92a704b764e882c0b6ddd584e4afd980ee5d5a8b082227f45d3,3c5b187f26ae58d81fd478152d3269b79efabd89a842ee5e7c06d15a8a6e049f
light,DetectDataset_clean_v2/test/images/video18_1905__f1478eca7788a321.jpg,DetectDataset_clean_v2_motion_blur/light/images/video18_1905__f1478eca7788a321.png,640,640,3,3,45,f1478eca7788a32190e2490faffcd6c3ff66c1bfb95b969f8b4cfab87073bdc0,fde655cb0b2aebe841d0e736cecf57f2e97ba61ac00e3311efbaa8d7a702e0d7
light,DetectDataset_clean_v2/test/images/video18_1919__d717dec18e506a6c.jpg,DetectDataset_clean_v2_motion_blur/light/images/video18_1919__d717dec18e506a6c.png,640,640,3,3,135,d717dec18e506a6c169ba5aa757c7106c0815b14161da964701caa72d0cb8e4d,987764199dea386e7cfeb53beecf3acc5df32f513cf8838163f19dd12bfcca82
light,DetectDataset_clean_v2/test/images/video18_1920__4c20b8a9e9347652.jpg,DetectDataset_clean_v2_motion_blur/light/images/video18_1920__4c20b8a9e9347652.png,640,640,3,3,45,4c20b8a9e9347652d350383c2e547c0dc18d8b5a106be4512735e02691692e88,001d5220557042844e80f2243c78a741594aa79209f24e96871060a9eb5f85aa
light,DetectDataset_clean_v2/test/images/video18_1921__5ba536c13013e6a9.jpg,DetectDataset_clean_v2_motion_blur/light/images/video18_1921__5ba536c13013e6a9.png,640,640,3,3,135,5ba536c13013e6a991288f4d0fb6bdee8911119dfec58808c4e531e0e2f9ea0f,97ea7a3ae2639b107cbd5da8da99936e2cede9a063f2486f288c61cac87ae58e
light,DetectDataset_clean_v2/test/images/video18_1925__c740789d4204710c.jpg,DetectDataset_clean_v2_motion_blur/light/images/video18_1925__c740789d4204710c.png,640,640,3,3,45,c740789d4204710cf1067e2da057a0db0f45f4ed699b75b1b12971529cc4eec8,9eb701dc22fbd9f6c4eae47edd8dad459292b05f9973eecb65a432a62a1b47f7
light,DetectDataset_clean_v2/test/images/video18_1944__faac839631d19fc4.jpg,DetectDataset_clean_v2_motion_blur/light/images/video18_1944__faac839631d19fc4.png,640,640,3,3,90,faac839631d19fc4f8659f5286d1ccb02429beafbf6ed0ee2612154ba84e5207,3a3e688df0ed60fc9c15ff18a396bc61654cc0a9053fdfe3e591973e88244591
light,DetectDataset_clean_v2/test/images/video18_1981__b1949de2b916ed95.jpg,DetectDataset_clean_v2_motion_blur/light/images/video18_1981__b1949de2b916ed95.png,640,640,3,3,90,b1949de2b916ed95c72e5e8e384608eaca636eb71a2f64ed09a000ff19046af4,483b928ffd7c0db180f53df6c97559535c24cf4db432d0e46bcb4b9befdcac25
light,DetectDataset_clean_v2/test/images/video18_1984__578968381842bb35.jpg,DetectDataset_clean_v2_motion_blur/light/images/video18_1984__578968381842bb35.png,640,640,3,3,90,578968381842bb35dcdd29bac7b9ff9005dbea54f79333544e97bef47db988b5,e84a3284c7f6c9dd797492ac951faf7b5e5566b35b7d4904871b6233bd8823aa
light,DetectDataset_clean_v2/test/images/video18_1990__394a4f83da530768.jpg,DetectDataset_clean_v2_motion_blur/light/images/video18_1990__394a4f83da530768.png,640,640,3,3,45,394a4f83da530768c422a3794fcdce6f25c1ab9eb93b6b471430f594b7ad7d47,f0842430eb43ee608262d07ce82f85ce48fc45cd9bd32f4a9bee4b977fe82569
light,DetectDataset_clean_v2/test/images/video18_1992__1928b615ec5b8710.jpg,DetectDataset_clean_v2_motion_blur/light/images/video18_1992__1928b615ec5b8710.png,640,640,3,3,45,1928b615ec5b8710a2d73d52297dedb251176a12f15cfbeffff8f998cd58c0ed,9bdc79b8de8ca1260bacfce091c25a4d4bad7470cb1d85a5c79cb667a16ef728
light,DetectDataset_clean_v2/test/images/video18_2005__53dae3da8deed4d9.jpg,DetectDataset_clean_v2_motion_blur/light/images/video18_2005__53dae3da8deed4d9.png,640,640,3,3,45,53dae3da8deed4d9913a373dafa103447167c6999ece4328f23913b170cbf8ab,d28a39955914b5c2303d875f62cfb33773be9d0ba54bd171c0a8eb143aebd0ee
light,DetectDataset_clean_v2/test/images/video18_2007__26791b73f84cd826.jpg,DetectDataset_clean_v2_motion_blur/light/images/video18_2007__26791b73f84cd826.png,640,640,3,3,90,26791b73f84cd8265df0c12a4f3ef4895aef3189182875c4a3510779dc7d2bae,73e33ceba4c96834bc281446fed5f87f70a8d2716128e1057353d45fc9834465
light,DetectDataset_clean_v2/test/images/video18_2008__4340818bc1c08263.jpg,DetectDataset_clean_v2_motion_blur/light/images/video18_2008__4340818bc1c08263.png,640,640,3,3,135,4340818bc1c082639580eb2ac3ded52112c1ff9e4c1989e7d9d618fd8b8c4172,e728769881924cd0f3934fec71e14462ab083f2110d8dd7632fce32bd822085c
light,DetectDataset_clean_v2/test/images/video18_2013__280e911fecf73e9c.jpg,DetectDataset_clean_v2_motion_blur/light/images/video18_2013__280e911fecf73e9c.png,640,640,3,3,45,280e911fecf73e9c10339179e05bdb626bc3b9853116d0d163c0db9c451a5270,1fe6e9fd84296759bf3e1c22ab12a5e4e0a74deaf99d880b58fde6ba4bcc178c
light,DetectDataset_clean_v2/test/images/video18_2038__ae78d5950dae6021.jpg,DetectDataset_clean_v2_motion_blur/light/images/video18_2038__ae78d5950dae6021.png,640,640,3,3,90,ae78d5950dae60212170b71787ab170d83a42765133da81b8114a7957728fa96,413b3c3aba6a88997684ec090107fef1bee5536b695c58b7de61d10aa801076c
light,DetectDataset_clean_v2/test/images/video18_2083__36c45a2951be2632.jpg,DetectDataset_clean_v2_motion_blur/light/images/video18_2083__36c45a2951be2632.png,640,640,3,3,135,36c45a2951be26329c3bff5fd5433a014ec5f9f75cf756e4f7cfbf2525f5981e,febaf4d72472858ee5f5f151ba154704934a4bfda9a30ad8dcf059527d77e335
light,DetectDataset_clean_v2/test/images/video18_2090__8ccf8b3ce5a63d70.jpg,DetectDataset_clean_v2_motion_blur/light/images/video18_2090__8ccf8b3ce5a63d70.png,640,640,3,3,0,8ccf8b3ce5a63d70f62eb5351db6ad83b3de9f4caaf1758758799c3f4f5dfef9,3eff2bc5586fec3b6caf66431caa3b0f099fcf55728eff0b7c42bf5854997cee
light,DetectDataset_clean_v2/test/images/video18_2101__2572747c6a54c622.jpg,DetectDataset_clean_v2_motion_blur/light/images/video18_2101__2572747c6a54c622.png,640,640,3,3,90,2572747c6a54c6229f09620755c4926cff6d54345e741d424d937da7d54e97e1,c5ec4b5fd7a9fd279fef122ef856f9a58ec820008d32d671e2c51dbf704cd89d
light,DetectDataset_clean_v2/test/images/video18_2161__956652a7bacd527a.jpg,DetectDataset_clean_v2_motion_blur/light/images/video18_2161__956652a7bacd527a.png,640,640,3,3,0,956652a7bacd527ab89feaa7c2b71f16047452c121af38cc043330ddaf3ef700,81c256f2aac5d80e1d5ca031bb2e01f4aee4f65113cc69c20b057c78c73fb721
light,DetectDataset_clean_v2/test/images/video18_2164__0f5ca8c6f8f59da5.jpg,DetectDataset_clean_v2_motion_blur/light/images/video18_2164__0f5ca8c6f8f59da5.png,640,640,3,3,90,0f5ca8c6f8f59da5cdf281586dd202e8729b8d730473ccd09debe28123a8217e,f743d3f169a9038a669faed517c2945032ec3c06c223cc8a80d50d325094aca4
light,DetectDataset_clean_v2/test/images/video18_2187__c7c8530b5c8973ba.jpg,DetectDataset_clean_v2_motion_blur/light/images/video18_2187__c7c8530b5c8973ba.png,640,640,3,3,0,c7c8530b5c8973ba9377438c1ac4c8b326e24aeb80caaddc6fa87379e16a8b5d,fdbd8a90dd1c071b4f8941c8a2eaaca36c4be67ba162263c566307b9bfa4af7a
light,DetectDataset_clean_v2/test/images/video18_2414__139ece2412c83549.jpg,DetectDataset_clean_v2_motion_blur/light/images/video18_2414__139ece2412c83549.png,640,640,3,3,0,139ece2412c835494d7fc86de218372cbf740f5144e5608952cbfea66902cbef,12277f547c9e7cd0f7c3b437da8593cde5a7521e6917c3651d490df29ad2f1a8
light,DetectDataset_clean_v2/test/images/video18_2415__d02fc7fed3b52233.jpg,DetectDataset_clean_v2_motion_blur/light/images/video18_2415__d02fc7fed3b52233.png,640,640,3,3,45,d02fc7fed3b5223366ea96ed5bafe1f7f8f3f783ef3b0a66130c4720428ca629,fd7f0db8d582df0db76299febc58d562a92150e508fab45631d5854846b262cd
light,DetectDataset_clean_v2/test/images/video18_2525__781b6251a5eb99a8.jpg,DetectDataset_clean_v2_motion_blur/light/images/video18_2525__781b6251a5eb99a8.png,640,640,3,3,135,781b6251a5eb99a8941dd091d5f29aa5d10529210909d2014faf0cc28ca807e9,4660d2bd3e369e2835852120ce705156181ff6ba24aeeee1146e5dda22aa70ab
light,DetectDataset_clean_v2/test/images/video18_2526__1eaf0574a9d55c3c.jpg,DetectDataset_clean_v2_motion_blur/light/images/video18_2526__1eaf0574a9d55c3c.png,640,640,3,3,90,1eaf0574a9d55c3ca6eb30fc3de5cfd8288cadc43081e5a643dc75b2f99bf3af,8843845d6b21a0f0536c9c5e9fa48d74270eadf20e52e992a20705a56ec475b4
light,DetectDataset_clean_v2/test/images/video18_253__9aea3853c690ed8d.jpg,DetectDataset_clean_v2_motion_blur/light/images/video18_253__9aea3853c690ed8d.png,640,640,3,3,0,9aea3853c690ed8db7e3edc6d3679d36f54e561bf1e92d3846897cd96795820c,31f568c16132e15501c6130753bd532187eb4e2abdc0a2e032252180429bbc0e
light,DetectDataset_clean_v2/test/images/video18_2545__2899109a74b7ae4b.jpg,DetectDataset_clean_v2_motion_blur/light/images/video18_2545__2899109a74b7ae4b.png,640,640,3,3,135,2899109a74b7ae4b559ada9b6cef9218324fe36d3dedbe2c807338808231c9e0,e8ae81c063a3d458b7a349336adbde815e72019760cd25e62564ba7ac8e74a76
light,DetectDataset_clean_v2/test/images/video18_254__4f8f64e2d05afa6b.jpg,DetectDataset_clean_v2_motion_blur/light/images/video18_254__4f8f64e2d05afa6b.png,640,640,3,3,90,4f8f64e2d05afa6bcf1e0d28de2983cdf32b0c8c9840529c727af96b173ce788,a23f3813de8c008967903764ad039f56ce5799f20ccea27de615fb3562799872
light,DetectDataset_clean_v2/test/images/video18_2556__22ed7091fcba9442.jpg,DetectDataset_clean_v2_motion_blur/light/images/video18_2556__22ed7091fcba9442.png,640,640,3,3,90,22ed7091fcba944289489e2978bd3f434be7e10ae2e0d151ea7acb0aa0610dbd,7d7384e040eca1ae2b940cf5a90f270742ac08e09110825b9be6742590173d1a
light,DetectDataset_clean_v2/test/images/video18_2594__5afac6b1dd7522e3.jpg,DetectDataset_clean_v2_motion_blur/light/images/video18_2594__5afac6b1dd7522e3.png,640,640,3,3,135,5afac6b1dd7522e3105e317ebf6e6db54b00bdaa8938559e3fc9e42482d828bc,a9895c3775d34158d7f9b5ada600c199c66c671362765c03db965fb914e80f30
light,DetectDataset_clean_v2/test/images/video18_2599__bf961c5f3a68efda.jpg,DetectDataset_clean_v2_motion_blur/light/images/video18_2599__bf961c5f3a68efda.png,640,640,3,3,45,bf961c5f3a68efda4789899fcfcabda400a14a6252450995a9731fe7d7344e42,45c7aded8d60c2c37c7a5cc0cd500ad0dd4cee97a1199178a1985f5c3d7f6bb1
light,DetectDataset_clean_v2/test/images/video18_259__633d135640986c35.jpg,DetectDataset_clean_v2_motion_blur/light/images/video18_259__633d135640986c35.png,640,640,3,3,90,633d135640986c356a9e48a915e8cad31722df21f57a706c1ddd2fd29b18182e,c55d87c243003b90ada522ae1a830f27153efc6c92f6f508ebcc7a0359c766a7
light,DetectDataset_clean_v2/test/images/video18_2944__d82703403fac1f95.jpg,DetectDataset_clean_v2_motion_blur/light/images/video18_2944__d82703403fac1f95.png,640,640,3,3,90,d82703403fac1f95224eaa3f12791a70af703f7cea1dfa53898c699b0511ea8f,af255b6b7fd892165847a56d98c1e908f41f95570c72d25d839aab319757878e
light,DetectDataset_clean_v2/test/images/video18_515__d24749533fc524e0.jpg,DetectDataset_clean_v2_motion_blur/light/images/video18_515__d24749533fc524e0.png,640,640,3,3,45,d24749533fc524e0ea4238fee7f5ad2f4fff4489b0c449ccef450accab257a62,5dc445bf00f0ddf58dc6e05eb815e59f83756a8e18aa932f91e9ea9a9e22a77e
light,DetectDataset_clean_v2/test/images/video18_600__f40061a3ff6f48fe.jpg,DetectDataset_clean_v2_motion_blur/light/images/video18_600__f40061a3ff6f48fe.png,640,640,3,3,45,f40061a3ff6f48fe7dbe5fff32802e98283534df6af6149f5b81da87dd8ae785,a2fdac281e2d4e741ff54c4af5b3f3f6bd33d6dcad595b26cf9bf922084d4b6a
light,DetectDataset_clean_v2/test/images/video18_601__567101f6640c986d.jpg,DetectDataset_clean_v2_motion_blur/light/images/video18_601__567101f6640c986d.png,640,640,3,3,45,567101f6640c986d436c59a17fa3a13260740cfc9d5ba179aad033e584c8585a,3bcc213975c82254bc95f9889d83e40b1156164cccd36983aa76b04d06add3ae
light,DetectDataset_clean_v2/test/images/video18_666__e5f07e4de1f3e22b.jpg,DetectDataset_clean_v2_motion_blur/light/images/video18_666__e5f07e4de1f3e22b.png,640,640,3,3,0,e5f07e4de1f3e22b2ee0587e78b497d4e05dd85f9576f76afc5d6bbbfb9974cf,5333ed41fb08bbd8036a219357142de35c036fd76e679d0b879a62d5d85e3bcc
light,DetectDataset_clean_v2/test/images/video18_668__c75da7bbf0b8a5dd.jpg,DetectDataset_clean_v2_motion_blur/light/images/video18_668__c75da7bbf0b8a5dd.png,640,640,3,3,90,c75da7bbf0b8a5dd2efe5b7c1043466118dc783307654db9714d4b68e5f9b563,d09df8cbd26fd5e63fc43793d744515b95fb0d6510376cf0db9c3efa3bdc4e70
light,DetectDataset_clean_v2/test/images/video19_1428__47763bb7c752b6ec.jpg,DetectDataset_clean_v2_motion_blur/light/images/video19_1428__47763bb7c752b6ec.png,640,640,3,3,0,47763bb7c752b6ec45ddba05bdf149dff3d8d6d0711114a29044e3d669658a97,fde4cd96dafad16297effdbac476639ec923d2280024ca4f478a47ec7d4bbd3c
light,DetectDataset_clean_v2/test/images/video19_1772__b6db2f779ec01b77.jpg,DetectDataset_clean_v2_motion_blur/light/images/video19_1772__b6db2f779ec01b77.png,640,640,3,3,0,b6db2f779ec01b779b5e0c6fe0df4e94f5c622c571260e8d3026444a2f10af57,e983e255cb47b0753c02da2d102fd4cd130ae2e5787b94f39c98ed4ba06334a2
light,DetectDataset_clean_v2/test/images/video19_1773__307a1e0d05dbf313.jpg,DetectDataset_clean_v2_motion_blur/light/images/video19_1773__307a1e0d05dbf313.png,640,640,3,3,90,307a1e0d05dbf313dbd85d4f4da6aa481119308aaad4605f27eceae6c66fcf96,bfe1a249190a2c0bd80264f246653a9a1ceff342fe8ee07d7613b4e725aa3547
light,DetectDataset_clean_v2/test/images/video19_1866__5e77d86a91bf3d4a.jpg,DetectDataset_clean_v2_motion_blur/light/images/video19_1866__5e77d86a91bf3d4a.png,640,640,3,3,0,5e77d86a91bf3d4a713ad153fa4b297a5c35c0ec192f618a3059c0276aa72eae,dfa86504c64bd5cacb7f553ce90a64eba283bb8558d6e34941d9b7811d6d24d3
light,DetectDataset_clean_v2/test/images/video19_1872__752e24d6469e7ab0.jpg,DetectDataset_clean_v2_motion_blur/light/images/video19_1872__752e24d6469e7ab0.png,640,640,3,3,45,752e24d6469e7ab013c6ce932f899a548a81b4bb07a6d12e52104d939fc69223,b1ccc3fb78d2a21d80ad17bc45e516ca1a73b798b5381cfa366688160aa90bde
light,DetectDataset_clean_v2/test/images/video19_1875__c6f234054c7548e9.jpg,DetectDataset_clean_v2_motion_blur/light/images/video19_1875__c6f234054c7548e9.png,640,640,3,3,45,c6f234054c7548e937f40e5342ec68002b202e4bf12d1f2ff969ea6bd059dc9d,91092697999a19d909246213166dad351bd2f7b4339f8e403277676844d46504
light,DetectDataset_clean_v2/test/images/video19_1876__0018b721b8336c85.jpg,DetectDataset_clean_v2_motion_blur/light/images/video19_1876__0018b721b8336c85.png,640,640,3,3,90,0018b721b8336c85e60f75aafb64aa83bb01df7809f4c7e396f034891c166211,17ce8d36e42a2fbd1fef9fd5f3271437b019ef84564dba9025bb4230e24d65db
light,DetectDataset_clean_v2/test/images/video19_1883__d80f9484d702c165.jpg,DetectDataset_clean_v2_motion_blur/light/images/video19_1883__d80f9484d702c165.png,640,640,3,3,135,d80f9484d702c1659adfc854fe1cf13c239ab3f291642e409d40aee62f169d78,1eb61714f6452c1653e50a3c873faedd83ed3bad5f0ef0ca32849389a3df972a
light,DetectDataset_clean_v2/test/images/video19_1899__d77405d99edfa530.jpg,DetectDataset_clean_v2_motion_blur/light/images/video19_1899__d77405d99edfa530.png,640,640,3,3,135,d77405d99edfa530c1998f853b78ae5c252189f85ab7e5ff050d67b46371fcc1,94b7c99c1e093c8b09c0f65328f67858f88b846caddbd4d8d763df0e319d2444
light,DetectDataset_clean_v2/test/images/video19_1901__55aee32d5918aaf4.jpg,DetectDataset_clean_v2_motion_blur/light/images/video19_1901__55aee32d5918aaf4.png,640,640,3,3,90,55aee32d5918aaf40a55a0930beecdb5024e84193f17900e0e1b2336ab4d5dfc,d2af0d746d3d67c9dd619928418960cbc05dcf9063e9add352f021a6221ff687
light,DetectDataset_clean_v2/test/images/video19_1902__d3ecead4b659a13b.jpg,DetectDataset_clean_v2_motion_blur/light/images/video19_1902__d3ecead4b659a13b.png,640,640,3,3,0,d3ecead4b659a13b1081e1cbc08e543170939d4f289af2cf276c393dcec31121,706e690138b69a67d03d002a75b22da385aa50bb784f869371d5f31ac79c8f47
light,DetectDataset_clean_v2/test/images/video19_1909__9c80eace2c9cb2da.jpg,DetectDataset_clean_v2_motion_blur/light/images/video19_1909__9c80eace2c9cb2da.png,640,640,3,3,45,9c80eace2c9cb2daf7f46d8d243add2a778184fef1aab3c9473b0bedc7abb5fa,e072962acc0d7be3b712c7ff0947b552f1ec190d8a4c3c2790bf1cdc7975497b
light,DetectDataset_clean_v2/test/images/video19_1912__28b820afede5c837.jpg,DetectDataset_clean_v2_motion_blur/light/images/video19_1912__28b820afede5c837.png,640,640,3,3,90,28b820afede5c837a9d98fb0a464e7dfde59016e19cb0b2d0685069c8862d791,9c107ba9d26b42866bde4850a7dd4473d3cf8b166b84df048d1f3503425c1d3b
light,DetectDataset_clean_v2/test/images/video19_2478__0eb2c561965f5931.jpg,DetectDataset_clean_v2_motion_blur/light/images/video19_2478__0eb2c561965f5931.png,640,640,3,3,90,0eb2c561965f5931d2701c1255c30e1278999ab6a55d63ebddca4c7966f6d082,b91a3156debb8de229d348774dfe663aa3977f35b9b8997fc3089b490e704a0b
light,DetectDataset_clean_v2/test/images/video19_2488__ccc5312cda3d563a.jpg,DetectDataset_clean_v2_motion_blur/light/images/video19_2488__ccc5312cda3d563a.png,640,640,3,3,135,ccc5312cda3d563a91b515e7e0ef6d8fb8a4c250901d3124775ebf8421566b93,e01533b8cc6ac24ccc6b810c98fc4ccf53f4b0d6620c13473f1b157a25912b3d
light,DetectDataset_clean_v2/test/images/video19_2491__ad382c920ee30336.jpg,DetectDataset_clean_v2_motion_blur/light/images/video19_2491__ad382c920ee30336.png,640,640,3,3,135,ad382c920ee30336d1efda2c3f763527066d2186d5c80f0caff4864798bc81c9,0a98dc14782e113ee853c2a491b42bce0f3b2465aba976a465c408bfe15ef5ce
light,DetectDataset_clean_v2/test/images/video19_2499__85f8af8bb249b346.jpg,DetectDataset_clean_v2_motion_blur/light/images/video19_2499__85f8af8bb249b346.png,640,640,3,3,90,85f8af8bb249b346a2c251b01204e0cce306bd2f38b0758969b0ee7f31b0940a,d87718a0f16712f300d0f2b94c6c51e880fd21222f0317a6909984937af78343
light,DetectDataset_clean_v2/test/images/video19_2623__05182ae102d24ce4.jpg,DetectDataset_clean_v2_motion_blur/light/images/video19_2623__05182ae102d24ce4.png,640,640,3,3,0,05182ae102d24ce4841b670d6fb7a52f00ff4b373e7e573341a4a2d15fcfc903,6a273a9e5e39cce4763328146dcf0bbb4fd3409112d0c0d2ddc331c9ce088b09
light,DetectDataset_clean_v2/test/images/video19_2636__ec7b3adf77f1f9e2.jpg,DetectDataset_clean_v2_motion_blur/light/images/video19_2636__ec7b3adf77f1f9e2.png,640,640,3,3,0,ec7b3adf77f1f9e25019f0542b56d0f974365ff2c1043a2454f9ac158f9fbf16,040addbb99a88387630b73c22eb11e219c012e45a76f0dbc490424c081aacf2d
light,DetectDataset_clean_v2/test/images/video19_2642__1136fd0125729096.jpg,DetectDataset_clean_v2_motion_blur/light/images/video19_2642__1136fd0125729096.png,640,640,3,3,90,1136fd0125729096089a5df0e8926361f685944cc60a47610ab5907615339764,d65254309930820250a28056ad8f9ae6d7e118403ea2eb672dd1c4f589cb178c
light,DetectDataset_clean_v2/test/images/video19_2949__c4d17f67666b86eb.jpg,DetectDataset_clean_v2_motion_blur/light/images/video19_2949__c4d17f67666b86eb.png,640,640,3,3,0,c4d17f67666b86ebf75f1d547374993b882b0c289f974daba8e2ad5e8c080b2e,1be4cb8e85c553a4dbee131f593b65884de201b90fb39bfd7946e56333ba0d1d
light,DetectDataset_clean_v2/test/images/video19_906__3a73a74d47c30268.jpg,DetectDataset_clean_v2_motion_blur/light/images/video19_906__3a73a74d47c30268.png,640,640,3,3,0,3a73a74d47c30268d0c5ce2e5a26b1e87693419ceb0337017c6ceb6afd123518,f797ac57ae079a1acb1601da9632135bcd12bf5846f1468e7d1dab9e98b52721
light,DetectDataset_clean_v2/test/images/video19_927__4dfda6202105bfcf.jpg,DetectDataset_clean_v2_motion_blur/light/images/video19_927__4dfda6202105bfcf.png,640,640,3,3,90,4dfda6202105bfcf5c12d4ce7347d6298deac8af55085b093fdd2625b82b9889,046517509fcbe0d4005fddb4a366d37a78a30457158e0d54db4b0c927b7360eb
light,DetectDataset_clean_v2/test/images/video19_938__b4572cf7564210cd.jpg,DetectDataset_clean_v2_motion_blur/light/images/video19_938__b4572cf7564210cd.png,640,640,3,3,135,b4572cf7564210cd5778e49a522cf8253e3c4dbd1bca3f04afe86d3c51268d1f,3ad3f017a6b80dfccac74e28f0ab13a02b8d065d372d2e76680de2b1a812514a
light,DetectDataset_clean_v2/test/images/video19_939__594def91de3a0c66.jpg,DetectDataset_clean_v2_motion_blur/light/images/video19_939__594def91de3a0c66.png,640,640,3,3,45,594def91de3a0c663bc5c45851d8b0a851f8ba303c70db219af4c824406134e4,8c8236c1fb7b1f996fb3bad42f36680bf92d77588e204f22cb5c83d6e8bc9372
light,DetectDataset_clean_v2/test/images/video414__33c5712d232c5aca.jpg,DetectDataset_clean_v2_motion_blur/light/images/video414__33c5712d232c5aca.png,640,640,3,3,135,33c5712d232c5aca4e07053681825058afeaf4492fd7dd2762f6b8faf037621b,cf84bb6ec1ca2e11df80146b945c02585512fdbf2154103658ca9775f32a89ea
light,DetectDataset_clean_v2/test/images/video416__86d308a39b2c9824.jpg,DetectDataset_clean_v2_motion_blur/light/images/video416__86d308a39b2c9824.png,640,640,3,3,90,86d308a39b2c9824ce049d55645719143e85764441d6fc5a8eec189f03776b44,ef93a7ad66b2f89ae5bf64fe38e373240d51704386a809f935fbe8890ee0fa76
light,DetectDataset_clean_v2/test/images/video513__61af13db06a5ebd8.jpg,DetectDataset_clean_v2_motion_blur/light/images/video513__61af13db06a5ebd8.png,640,640,3,3,135,61af13db06a5ebd8af8a04117c1ab9f3c7d4ffcc62b27a80c156b308de2e8e17,b16f526ee2cc30f3f35fef0f45bb8a3d44e5e372274e7ad535675045ad9a00ab
light,DetectDataset_clean_v2/test/images/video535__f203902fdbed8097.jpg,DetectDataset_clean_v2_motion_blur/light/images/video535__f203902fdbed8097.png,640,640,3,3,135,f203902fdbed8097ad97717b3298477fb9f3fca4901b72587043164c633035f1,6a2129763932de5884617f533281d184bd5560fefacf3601297057ffcd593f05
moderate,DetectDataset_clean_v2/test/images/0005__aa871f1ff5e8efd7.jpg,DetectDataset_clean_v2_motion_blur/moderate/images/0005__aa871f1ff5e8efd7.png,640,640,7,7,0,aa871f1ff5e8efd7ffc68cf5b8022c111cea84682ed9624958aa6acf535fe757,84238bb4d404bb3ac2d88909a37b6fc35408d092a2b264bad815e2c1b926ba3a
moderate,DetectDataset_clean_v2/test/images/0010__28fe9411ea009e7a.jpg,DetectDataset_clean_v2_motion_blur/moderate/images/0010__28fe9411ea009e7a.png,640,640,7,7,45,28fe9411ea009e7adbe830d04d47f3b71ecfa887740e14994f01ed10224e509f,3771c44982fee694d94b88a4fc85828b44dc9ac5230f585f415cbf4659a8d37c
moderate,DetectDataset_clean_v2/test/images/0025__d91cb569f572383c.jpg,DetectDataset_clean_v2_motion_blur/moderate/images/0025__d91cb569f572383c.png,640,640,7,7,45,d91cb569f572383cf80ca8dd324598ee40310d867cf4684965107e2c9e7f592a,667526fcaa6b8b611da0abbdf4eb9b9a3c50d3140fd0fdd4b75f75175a82dcc7
moderate,DetectDataset_clean_v2/test/images/0037__fbb9236390f81e06.jpg,DetectDataset_clean_v2_motion_blur/moderate/images/0037__fbb9236390f81e06.png,640,640,7,7,90,fbb9236390f81e06ec06be23c7e9b7403ab4719d23b4c479c92f12f12f6ab070,910ec8b8ffe297f544433896d36c7dee980af628ac058de38ab6e2b03e206e0e
moderate,DetectDataset_clean_v2/test/images/0083__5bb83f7b65d68134.jpg,DetectDataset_clean_v2_motion_blur/moderate/images/0083__5bb83f7b65d68134.png,640,640,7,7,0,5bb83f7b65d68134e42105ebd411834dd2a62d38c1071b9d4dc40df0d6cf3c50,e8836e07511fb0f7ad02023f35b09af71101514b1575e8630d8f6318b7da1a5f
moderate,DetectDataset_clean_v2/test/images/0225__fdbdf33169142e54.jpg,DetectDataset_clean_v2_motion_blur/moderate/images/0225__fdbdf33169142e54.png,640,640,7,7,135,fdbdf33169142e5434009873a9c4c1b3b9c5044f79b52cfb82d1661d12610177,9fa401776c83906db30769f6f76eeff97f10b444daf1b7bc3828fc459133eaa9
moderate,DetectDataset_clean_v2/test/images/0248__02e5f369eacddcaa.jpg,DetectDataset_clean_v2_motion_blur/moderate/images/0248__02e5f369eacddcaa.png,640,640,7,7,45,02e5f369eacddcaabb4ba920aab21f04b01e31a137e99871251504656dada814,174cf65a061504750b73fb68c277058ffd1b9563cc37fdd43e7093d53ce29c34
moderate,DetectDataset_clean_v2/test/images/0263__0a771e319bfc9dd6.jpg,DetectDataset_clean_v2_motion_blur/moderate/images/0263__0a771e319bfc9dd6.png,640,640,7,7,135,0a771e319bfc9dd61f185d9540f7dbf282f5a50a12b21e5413b583370b53eb05,aaf5a1f6bc645fe71b409853a652b71732bb953582589b292f6a787b21d018ba
moderate,DetectDataset_clean_v2/test/images/0279__959433517c68b88d.jpg,DetectDataset_clean_v2_motion_blur/moderate/images/0279__959433517c68b88d.png,640,640,7,7,135,959433517c68b88d4785e1c43a26fff2d4d26621620d3dbc8fc6f8acc391c089,728b4772e23317313a6a6b631384b391544d9bc31672d3cba4e5b721909080a0
moderate,DetectDataset_clean_v2/test/images/0281__380ff611f25a7b46.jpg,DetectDataset_clean_v2_motion_blur/moderate/images/0281__380ff611f25a7b46.png,640,640,7,7,135,380ff611f25a7b467ecaa71c77d89134ec24cd7ec46d150a46cba6ecd354c94b,0fa803983e33ed7ee15431335da34494ad720fdf6344fef4ba328c6f1e546d5b
moderate,DetectDataset_clean_v2/test/images/0291__597de5e2b591573d.jpg,DetectDataset_clean_v2_motion_blur/moderate/images/0291__597de5e2b591573d.png,640,640,7,7,90,597de5e2b591573d7d3eecd443b54a02a04e1692e80f8778f4f64c54b2631a07,4cf894d70e3f2295f24c0019eee9c1641e8f35303d5c50dc4d833d1cd3eb85a9
moderate,DetectDataset_clean_v2/test/images/03012017-dji-phantom-flying-sky-260nw-554568589__98caaae84a33eae5.jpg,DetectDataset_clean_v2_motion_blur/moderate/images/03012017-dji-phantom-flying-sky-260nw-554568589__98caaae84a33eae5.png,640,640,7,7,0,98caaae84a33eae53b160923e8f4e9988ace8fee3821671f7b790678555da712,c1db4c1e059104e24f0246616c3d5a2a15e50b1c23b5bf051bfdd8428a3410ac
moderate,DetectDataset_clean_v2/test/images/03012017-dji-phantom-flying-sky-260nw-554568664__4c73ee1996b388b0.jpg,DetectDataset_clean_v2_motion_blur/moderate/images/03012017-dji-phantom-flying-sky-260nw-554568664__4c73ee1996b388b0.png,640,640,7,7,90,4c73ee1996b388b0fef48fad7d464e97468672e3ea926f8d4146e3971897e336,868d80ba88ec0e0f7d846f0db60cb3e94ade7db50628c4b3fb0281eadeeba436
moderate,DetectDataset_clean_v2/test/images/0308__57a9318aa33104e0.jpg,DetectDataset_clean_v2_motion_blur/moderate/images/0308__57a9318aa33104e0.png,640,640,7,7,0,57a9318aa33104e03b0bff709298795a3f443db014447e117a4860287ac1e238,4186ce95e6f5df6bdfe9b1d05f4f52f10ea06fa903e22cece2b24869b4f471ee
moderate,DetectDataset_clean_v2/test/images/0321__535e6639180193dc.jpg,DetectDataset_clean_v2_motion_blur/moderate/images/0321__535e6639180193dc.png,640,640,7,7,45,535e6639180193dc3fb2ef431d22c1857876533d9dac1b6996a5a65df69ea2da,87ca61b5cb27d2c4ea0f58eb2897e67f0df3e995d7eac290240471e1448bd776
moderate,DetectDataset_clean_v2/test/images/0324__a7dc0c946e30ae69.jpg,DetectDataset_clean_v2_motion_blur/moderate/images/0324__a7dc0c946e30ae69.png,640,640,7,7,0,a7dc0c946e30ae69f64cc1d57627b602d9b61c7c3b6bbec92a77d26e070bf8a7,5eb785f060c6fb0c8d6c4d32162c772af0837632fd3eb896f44e743e62330a49
moderate,DetectDataset_clean_v2/test/images/09-february-2017-ufa-russia-260nw-1062076787__650abbf7d7f5f7a5.jpg,DetectDataset_clean_v2_motion_blur/moderate/images/09-february-2017-ufa-russia-260nw-1062076787__650abbf7d7f5f7a5.png,640,640,7,7,0,650abbf7d7f5f7a5549b9b09900df2cc24443d7b95640ad88da05742becbb4fe,465586468e5915389151c50f3cbe5b5a7024690610384bf266533bada4bb5eda
moderate,DetectDataset_clean_v2/test/images/122__bd063d14408b12df.jpg,DetectDataset_clean_v2_motion_blur/moderate/images/122__bd063d14408b12df.png,640,640,7,7,45,bd063d14408b12dfb4e54d586a65a0c558ec88c80b0d98fd6a96126e9836ecc1,8d445d6f9b01882c9fbb95219fac501bfe9334ea9192879cc7eeb0afbafad192
moderate,DetectDataset_clean_v2/test/images/140__376aacbd48d1b1c2.jpg,DetectDataset_clean_v2_motion_blur/moderate/images/140__376aacbd48d1b1c2.png,640,640,7,7,0,376aacbd48d1b1c2cf9b23b374de4e3335014d17657db48579a66c29317f9cdb,ab61ddff987bb0566ecc9f80ed9f6cabb5781db88a3bd94f8d04ed9712ba4e4c
moderate,DetectDataset_clean_v2/test/images/148__4e006be8fa6ae7d4.jpg,DetectDataset_clean_v2_motion_blur/moderate/images/148__4e006be8fa6ae7d4.png,640,640,7,7,135,4e006be8fa6ae7d481c3764f46cf506ca25be362cd75c1a5ea03b797e7c66763,429fe16e15c158915e65a0a9887b0d0c530d2c9af55fbbfd820033d5b4d89196
moderate,DetectDataset_clean_v2/test/images/158__b64ccd41b29407e3.jpg,DetectDataset_clean_v2_motion_blur/moderate/images/158__b64ccd41b29407e3.png,640,640,7,7,135,b64ccd41b29407e37c728b592a53d69e3bb81d46a8748023934fe46634f0350a,8012435271368d2d9beebe3e97f7171493956aa03d8c109c3856206b0f0bc7ef
moderate,DetectDataset_clean_v2/test/images/167__d57bbb907a3a5a10.jpg,DetectDataset_clean_v2_motion_blur/moderate/images/167__d57bbb907a3a5a10.png,640,640,7,7,90,d57bbb907a3a5a10b8776fefdbb265a7c5acf4739f36f31f99e4e127db0b8a33,972f1484f17c5451be3f5623cd3be9a3af909b0cb79523a36a91ab649e78f214
moderate,DetectDataset_clean_v2/test/images/181__a5d5cd548b35a010.jpg,DetectDataset_clean_v2_motion_blur/moderate/images/181__a5d5cd548b35a010.png,640,640,7,7,135,a5d5cd548b35a010274abcf3481ae5d4e1ef3a927874cec773cd95102b8bd617,0135d05006c354a54bb24fcf67481094d0a4ff1ce35ccc62c372bb8de00136bb
moderate,DetectDataset_clean_v2/test/images/182__11623165f55aa6a1.jpg,DetectDataset_clean_v2_motion_blur/moderate/images/182__11623165f55aa6a1.png,640,640,7,7,0,11623165f55aa6a15fd4e7f0604a65b2e5f02801e66113baca73c16a0ec214e8,db13b484e1aecc3b4e634045d8ccb25aa2a9c60f43416f400876ebfb34ec49e7
moderate,DetectDataset_clean_v2/test/images/198__2b069db6a93beea2.jpg,DetectDataset_clean_v2_motion_blur/moderate/images/198__2b069db6a93beea2.png,640,640,7,7,0,2b069db6a93beea284adeac7716233964e2c522e5e438c6d10e465d3a8d67c33,5db55a20b25635bb572fda52dd458d369e9220add82df75b39b772011669826f
moderate,DetectDataset_clean_v2/test/images/198__997a3aba7bb7473d.jpg,DetectDataset_clean_v2_motion_blur/moderate/images/198__997a3aba7bb7473d.png,640,640,7,7,135,997a3aba7bb7473d2486b89990b63401ca7b6c58c44f0e3e8ce603710e7061fb,64874427f4a6b434253efcbbd45ad16619e913cb22194c6389a6e9558f59f085
moderate,DetectDataset_clean_v2/test/images/221__468d93c10a623a73.jpg,DetectDataset_clean_v2_motion_blur/moderate/images/221__468d93c10a623a73.png,640,640,7,7,135,468d93c10a623a735c50c41d44aa5a44592886906f118158f8d398159b342aeb,ef359684b952f56d27dd166af310ccc9d0417e476b81ca78f3b3859091515b67
moderate,DetectDataset_clean_v2/test/images/22__3e3bdfa402d987be.jpg,DetectDataset_clean_v2_motion_blur/moderate/images/22__3e3bdfa402d987be.png,640,640,7,7,0,3e3bdfa402d987be323ab7a83e85ac0a4940acd77992fa6413223c8d72ec22b8,378532507e0670371dd7f0eac7dbe12913072fc832cfa692fbce4e3d7990ccf1
moderate,DetectDataset_clean_v2/test/images/22__8763b483fe709c57.jpg,DetectDataset_clean_v2_motion_blur/moderate/images/22__8763b483fe709c57.png,640,640,7,7,45,8763b483fe709c57ccadbab01dd7f95debe22e7847ab1d48e91387bdd9899198,9b2dc92c50cf6b2be5239345e38676418ddbec9bc577294c14c07082da71735e
moderate,DetectDataset_clean_v2/test/images/259__d726be559a1e5c59.jpg,DetectDataset_clean_v2_motion_blur/moderate/images/259__d726be559a1e5c59.png,640,640,7,7,45,d726be559a1e5c594b7b8cf96b16552f5af882760e0a025e3673514785feb28d,d6e5fa356628f0dba9cc2d559eadc479c73134a4561be99bee502f8eb1f775ee
moderate,DetectDataset_clean_v2/test/images/259__e4b81d66ff0ba2e0.jpg,DetectDataset_clean_v2_motion_blur/moderate/images/259__e4b81d66ff0ba2e0.png,640,640,7,7,45,e4b81d66ff0ba2e037abdef9f7646816f24ef60311aba5a88a58d1498292a883,804420b76f950549c042447cd53ac7f1c1cbd492fa2edd86a40e5a1238404843
moderate,DetectDataset_clean_v2/test/images/273__d4d588c53ed2358a.jpg,DetectDataset_clean_v2_motion_blur/moderate/images/273__d4d588c53ed2358a.png,640,640,7,7,90,d4d588c53ed2358ac9df77d801a7afc4dca8ddf42868c39a40adeeb7469f8c4e,0c8ef7365b210e82a14da3cc0fc7e0026269bdcf833a9a699859930ecc709ccb
moderate,DetectDataset_clean_v2/test/images/273__f254036982f67bf8.jpg,DetectDataset_clean_v2_motion_blur/moderate/images/273__f254036982f67bf8.png,640,640,7,7,0,f254036982f67bf8a37e56c67bd790945175f299679df41732a194aa87e6497a,98feee49b1414e5edaeee3de275652e558cafe888c49057bc8dea85ade64e08b
moderate,DetectDataset_clean_v2/test/images/278__2a8c97f246756125.jpg,DetectDataset_clean_v2_motion_blur/moderate/images/278__2a8c97f246756125.png,640,640,7,7,0,2a8c97f246756125445b3c9a5bf345697a038f04227e3e61d3ac5ea77206c699,f6bd74f0a97baae08825e6b4d4a9e6424fd7fd11cd061dd603532e062994f577
moderate,DetectDataset_clean_v2/test/images/293__84d7823b8dbb1106.jpg,DetectDataset_clean_v2_motion_blur/moderate/images/293__84d7823b8dbb1106.png,640,640,7,7,90,84d7823b8dbb1106856e3234b325b2d581217160a9d6967fc4d14b45116e6aff,e71768a345e6fe2b342935108017d02e55f6c92f770ef398944746110a5f5787
moderate,DetectDataset_clean_v2/test/images/293__ad2501f458321f04.jpg,DetectDataset_clean_v2_motion_blur/moderate/images/293__ad2501f458321f04.png,640,640,7,7,90,ad2501f458321f0429e22158c39518cbfe533816a133c843a6c21b9682a3b322,de71a9c3b2e2e1effcf5ecb16eaf66ef3ee3f68bb6421f126f6e3b363400c293
moderate,DetectDataset_clean_v2/test/images/295__767b721c5ae5a2cb.jpg,DetectDataset_clean_v2_motion_blur/moderate/images/295__767b721c5ae5a2cb.png,640,640,7,7,90,767b721c5ae5a2cbad97b8d541f0e2e1aba2b07fb6d858802d2d6e4500a7da5d,27f821971027c312a3603b73b1a7dd2b2dbd7c2c607ca1f11aa9228c14df64fc
moderate,DetectDataset_clean_v2/test/images/298__9009589d436723ed.jpg,DetectDataset_clean_v2_motion_blur/moderate/images/298__9009589d436723ed.png,640,640,7,7,135,9009589d436723ed79ea4cbb84139efcbb69db3ee262761a6e2828aec2548ab8,eca3bd3eaaa72fc3a6ca757a5a9deff593e1f3a98e387b01f03069878c9ed582
moderate,DetectDataset_clean_v2/test/images/298__b65d77d4c3be0668.jpg,DetectDataset_clean_v2_motion_blur/moderate/images/298__b65d77d4c3be0668.png,640,640,7,7,90,b65d77d4c3be06684c66b8191609b0aa7981e57ce5aa914f17617e987003a776,a0849499cd42d92dd2fa4f068d9d19897294a4a9250b713c7f65517a9dca807a
moderate,DetectDataset_clean_v2/test/images/304__2835d0d122a23c98.jpg,DetectDataset_clean_v2_motion_blur/moderate/images/304__2835d0d122a23c98.png,640,640,7,7,135,2835d0d122a23c98dbeea97b1bacdc8de8b2505056243da004d9da00c2d4a964,d2e6962ebf0fc4de72c814b8afdbe3dcf1fb21c45513146f5f0c984d952f938c
moderate,DetectDataset_clean_v2/test/images/310__f7271036151162c5.jpg,DetectDataset_clean_v2_motion_blur/moderate/images/310__f7271036151162c5.png,640,640,7,7,45,f7271036151162c582f77ada81dfa513be696fdd75fb1677f2e785d53bf78a72,6cee047584c06c2e0d15b7d45ef74fa7a2da2b87cfa4b44b6741c8dd42960b76
moderate,DetectDataset_clean_v2/test/images/316__581699c698a1df49.jpg,DetectDataset_clean_v2_motion_blur/moderate/images/316__581699c698a1df49.png,640,640,7,7,45,581699c698a1df49018b12e146bf673f9ccc6e640810433d994230a03d6a14c2,b111460b32d62d6e48754fdd948651b08213c1f371c3054e39a196ef1f53d09a
moderate,DetectDataset_clean_v2/test/images/319__1d9786b7a6c58d09.jpg,DetectDataset_clean_v2_motion_blur/moderate/images/319__1d9786b7a6c58d09.png,640,640,7,7,135,1d9786b7a6c58d09b39d699bf9336a041e51a98165a732905885ff66ad994cbf,81939cf76d79394d3106621b59486b510f11316d0f62b7ff3131c9a3c7c3ad7a
moderate,DetectDataset_clean_v2/test/images/31__9a36612bf0b40798.jpg,DetectDataset_clean_v2_motion_blur/moderate/images/31__9a36612bf0b40798.png,640,640,7,7,0,9a36612bf0b40798f2a356e144ef3a5cd500a2b8af532008d7182b9c3254b6a1,392307fa91c73f94914b29724762b7ea7dd9f857ffd738add93728d48af1d21d
moderate,DetectDataset_clean_v2/test/images/32__6cb48d04b9498db0.jpg,DetectDataset_clean_v2_motion_blur/moderate/images/32__6cb48d04b9498db0.png,640,640,7,7,45,6cb48d04b9498db07c7960b3b528aa6ad8499c00368b0e5e44015637c4b4e4a4,e65fe3a6dd2727dd556fb0e9729e1ae841139f12a70fdf368c06909e3076e5dd
moderate,DetectDataset_clean_v2/test/images/338__dc542c16fc3e21f0.jpg,DetectDataset_clean_v2_motion_blur/moderate/images/338__dc542c16fc3e21f0.png,640,640,7,7,135,dc542c16fc3e21f05717507f6ba0d81bb0923cdc241f6d5902b92a49a620b188,56994ce0596c2befc8328d9487918aea13cab80e1b0898c562d8ba170e7d1946
moderate,DetectDataset_clean_v2/test/images/50__499a2c311beadb62.jpg,DetectDataset_clean_v2_motion_blur/moderate/images/50__499a2c311beadb62.png,640,640,7,7,135,499a2c311beadb62b824dd83e9314b26f3ba2c7556f3929ab4dda11c56ca6064,fd6f4102974c84e4116904bd2a0a5ce521c6a906e02c3ec65252f7632af1e35b
moderate,DetectDataset_clean_v2/test/images/54__70fa80faef8da7a0.jpg,DetectDataset_clean_v2_motion_blur/moderate/images/54__70fa80faef8da7a0.png,640,640,7,7,135,70fa80faef8da7a08ab315cce5f75751dd5e0b93756fe357c3a36e113f131e09,69af141f7a06b52576d5bcafe41ef88ef383647eeeed8d2387660073c543f740
moderate,DetectDataset_clean_v2/test/images/54__9703ee162bf445c9.jpg,DetectDataset_clean_v2_motion_blur/moderate/images/54__9703ee162bf445c9.png,640,640,7,7,0,9703ee162bf445c9da21349ecbea44242c06e49952676efec3b9fe5fdc7ca6a3,289bcdd3f3b9a9a8edd13a860ad9be3d915326c92dc309451a4bacfda4b42eec
moderate,DetectDataset_clean_v2/test/images/56__8953c8e8f0a3a1b4.jpg,DetectDataset_clean_v2_motion_blur/moderate/images/56__8953c8e8f0a3a1b4.png,640,640,7,7,90,8953c8e8f0a3a1b4502605c8b371f784408717e313dd62f100a34254ea6b4243,27c67571033d0076a1407bd0d83205ce685b476b4f72eee8e8a54317202e170f
moderate,DetectDataset_clean_v2/test/images/58__6d38ba767c237e8e.jpg,DetectDataset_clean_v2_motion_blur/moderate/images/58__6d38ba767c237e8e.png,640,640,7,7,45,6d38ba767c237e8e12c0880bd3003db1184d5a69154350e0f9024ca174b57224,03f1301adfbfb6e8799ac0754f9da13cfac1db4a92ece8f214985a44e49f8fbb
moderate,DetectDataset_clean_v2/test/images/80__f3878782baca7df7.jpg,DetectDataset_clean_v2_motion_blur/moderate/images/80__f3878782baca7df7.png,640,640,7,7,135,f3878782baca7df7b6d00e5c40288b0b61e85b85ebb907355dbdd447102f2b98,8b29ff43a4fa1eb8610d6aaa7b0842160b53cf761aceb1d7d9ea697388017445
moderate,DetectDataset_clean_v2/test/images/93__020e74ca2e03e9f0.jpg,DetectDataset_clean_v2_motion_blur/moderate/images/93__020e74ca2e03e9f0.png,640,640,7,7,45,020e74ca2e03e9f0e1a03565c01e5d40b06e87c31d5279fba1e843156ffb4488,2b92c79d60a8f274ea7aec40f39fb02699e6da71d5badd1600ec0ada4b744adf
moderate,DetectDataset_clean_v2/test/images/action-260nw-619858790__b0e2b13a73c82756.jpg,DetectDataset_clean_v2_motion_blur/moderate/images/action-260nw-619858790__b0e2b13a73c82756.png,640,640,7,7,45,b0e2b13a73c827560855f541fe713c93f48a6808cc0383892c44b2fb81396b88,9b51775ff6d9f6209ee24f3295a93ca546be92e81488d75bac3edff61d31271d
moderate,DetectDataset_clean_v2/test/images/astana-kazakhstan-december-18-2017-260nw-778116880__829a8b627653e6ea.jpg,DetectDataset_clean_v2_motion_blur/moderate/images/astana-kazakhstan-december-18-2017-260nw-778116880__829a8b627653e6ea.png,640,640,7,7,135,829a8b627653e6eac109287768b76472484002f20afbda1d6d0b87747a4ca113,e8a7cac55a4e78b803d489e9bf70372bdbec9c677c26b714a390a9e5d3a61e6c
moderate,DetectDataset_clean_v2/test/images/astana-kazakhstan-september-2-2017-260nw-721055803__64fd4d07741ee732.jpg,DetectDataset_clean_v2_motion_blur/moderate/images/astana-kazakhstan-september-2-2017-260nw-721055803__64fd4d07741ee732.png,640,640,7,7,45,64fd4d07741ee7326df676fc97664d5d4d3120d4c2d7f898d3fcb701eb7a7a84,be7713f1029ca860f24796d24c8cef506d072a762a182b91ca0e572639aaa0be
moderate,DetectDataset_clean_v2/test/images/astana-kazakhstan-september-2-2017-260nw-721055809__a96fcdcd6e2a2f85.jpg,DetectDataset_clean_v2_motion_blur/moderate/images/astana-kazakhstan-september-2-2017-260nw-721055809__a96fcdcd6e2a2f85.png,640,640,7,7,90,a96fcdcd6e2a2f853b8a37eb295708dc2595f2ace999553ef54d318e5f3553f6,ea34049b963642bdd6a10a640e6735bd8b62c6e700462f02a0e9f38b14eded61
moderate,DetectDataset_clean_v2/test/images/astana-kazakhstan-september-2-2017-260nw-721055815__8a2b2398afcfee0f.jpg,DetectDataset_clean_v2_motion_blur/moderate/images/astana-kazakhstan-september-2-2017-260nw-721055815__8a2b2398afcfee0f.png,640,640,7,7,0,8a2b2398afcfee0f235c5878f3d5616f79b65066aa084fa6cef6c5656ae20d11,5b64651f6dd4602a37a74f7429627bad7cfb3c85e58928b1fe781ca97844811b
moderate,DetectDataset_clean_v2/test/images/astana-kazakhstan-september-2-2017-260nw-726603313__3a95cd3d535fbb7c.jpg,DetectDataset_clean_v2_motion_blur/moderate/images/astana-kazakhstan-september-2-2017-260nw-726603313__3a95cd3d535fbb7c.png,640,640,7,7,45,3a95cd3d535fbb7cb35ad9358ab593921c1c6ec9a03d2ea41311f2e44abf1936,61ea92004f914985f54e5e49ba44668557f2a9becea81b580e615b8a73838d1e
moderate,DetectDataset_clean_v2/test/images/august-24-2017-labuan-malaysia-260nw-702821578__a9230eeee9963b8f.jpg,DetectDataset_clean_v2_motion_blur/moderate/images/august-24-2017-labuan-malaysia-260nw-702821578__a9230eeee9963b8f.png,640,640,7,7,90,a9230eeee9963b8f6cb01a10019db299d241deee3d6b0543b2ccf06120e47f77,f13dfa0f6faecfd95460a05a4bf05f9304012c809f9090b47bedf167576ae0b9
moderate,DetectDataset_clean_v2/test/images/august-24-2017-labuan-malaysia-260nw-705711541__79d196ea22b42910.jpg,DetectDataset_clean_v2_motion_blur/moderate/images/august-24-2017-labuan-malaysia-260nw-705711541__79d196ea22b42910.png,640,640,7,7,90,79d196ea22b4291032960c6ad254c503aa065b20f4d6eab188c6e6f2c4f4d6bc,c588c1e3a0006c4208c97b867e78d5b90d8729abedc1ec2a5df079ceba5f1f5b
moderate,DetectDataset_clean_v2/test/images/august-24-2017-labuan-malaysia-260nw-706015858__f01af21c71ea4ea3.jpg,DetectDataset_clean_v2_motion_blur/moderate/images/august-24-2017-labuan-malaysia-260nw-706015858__f01af21c71ea4ea3.png,640,640,7,7,135,f01af21c71ea4ea3e32dc95f18f136a7ac61cfc43c3c642dbb56622973a46601,a1f79c4675204c3a6559ff2ee00ccc251cff22ab221afc16140cda417d910e33
moderate,DetectDataset_clean_v2/test/images/august-24-2017-labuan-malaysia-260nw-710602138__ceeffb8223a540fa.jpg,DetectDataset_clean_v2_motion_blur/moderate/images/august-24-2017-labuan-malaysia-260nw-710602138__ceeffb8223a540fa.png,640,640,7,7,0,ceeffb8223a540fafca19df81a8617d8b5807b2a3f09a8120e5696a2304aad92,277b53c90c59be9a49949a8747ac12719b5e615930f899c2bc3fb7da0a5dbedc
moderate,DetectDataset_clean_v2/test/images/bangkok-thailand-14-march-2018-260nw-1067035427__efac6cfffdcb81a6.jpg,DetectDataset_clean_v2_motion_blur/moderate/images/bangkok-thailand-14-march-2018-260nw-1067035427__efac6cfffdcb81a6.png,640,640,7,7,135,efac6cfffdcb81a60b9ea3b9e0dc9cd69e2ea24f49cd6d21e9c0d6adf34056ce,909c60938cd56805bc2351bb7896a74988c6c086fffea8d5a6f22a677402f797
moderate,DetectDataset_clean_v2/test/images/bangkok-thailand-july-2018-dji-260nw-1135433624__af821d0eea8073ff.jpg,DetectDataset_clean_v2_motion_blur/moderate/images/bangkok-thailand-july-2018-dji-260nw-1135433624__af821d0eea8073ff.png,640,640,7,7,90,af821d0eea8073ff025388bb4787f3aba75ade5d7e7cf17dffb097d760463950,ceef41bd2171d83fbc723eb16befd7c623d57174c013f5079bd3d209db27589d
moderate,DetectDataset_clean_v2/test/images/bangkok-thailand-june-18-2016-260nw-438990652__da0f9cd58a6e2053.jpg,DetectDataset_clean_v2_motion_blur/moderate/images/bangkok-thailand-june-18-2016-260nw-438990652__da0f9cd58a6e2053.png,640,640,7,7,135,da0f9cd58a6e20531f436dc577c49df014096e36b41eea8d8d7063a4095b634b,1cadefb7150df16da33485f9e63995a194cdbab8b2db3cc315d65cdf77d9ba87
moderate,DetectDataset_clean_v2/test/images/bangkok-thailand-june-18-2016-260nw-438992608__b42e38c0b443fee6.jpg,DetectDataset_clean_v2_motion_blur/moderate/images/bangkok-thailand-june-18-2016-260nw-438992608__b42e38c0b443fee6.png,640,640,7,7,135,b42e38c0b443fee6ce6d33ae905cc44ddbcef6c0aa913e90a3f85438dfc0d752,e87fe106205463fb6c9d6febee4ece764ccb5eb583327ae7c07648008f9f9059
moderate,DetectDataset_clean_v2/test/images/bangkok-thailand-june-18-2016-260nw-438993433__6854cf2b58a101c4.jpg,DetectDataset_clean_v2_motion_blur/moderate/images/bangkok-thailand-june-18-2016-260nw-438993433__6854cf2b58a101c4.png,640,640,7,7,0,6854cf2b58a101c46f19750e328094885037e2080bdd871a4f7c5d0ad3ce1d87,9d63c8994ffcf156aca55a2a477b043de25992cbdd20ef74bc319445ea7e892d
moderate,DetectDataset_clean_v2/test/images/bangkok-thailand-november-14-2016-260nw-517889428__4a4424055c7b14c1.jpg,DetectDataset_clean_v2_motion_blur/moderate/images/bangkok-thailand-november-14-2016-260nw-517889428__4a4424055c7b14c1.png,640,640,7,7,135,4a4424055c7b14c1883828ffcb57910672835fcdb7dfa6c4d2006e0696898c90,ba77c85d790f47eac6844e5644a26ead64de6d434d81911fcb415bce0e542a71
moderate,DetectDataset_clean_v2/test/images/bangkok-thailand-october-10-2017-260nw-731452612__9ba0afef6dbd81c5.jpg,DetectDataset_clean_v2_motion_blur/moderate/images/bangkok-thailand-october-10-2017-260nw-731452612__9ba0afef6dbd81c5.png,640,640,7,7,90,9ba0afef6dbd81c5028e0884be890064fed058bc946f3b4e5654e03eb733dcf7,08bf6624c5f17155f8005caa69c8a7cfe6026f6092fec03e6ccc211404c27a9a
moderate,DetectDataset_clean_v2/test/images/bangkok-thailand-october-10-2017-260nw-732614458__c30e59d3cfc54f47.jpg,DetectDataset_clean_v2_motion_blur/moderate/images/bangkok-thailand-october-10-2017-260nw-732614458__c30e59d3cfc54f47.png,640,640,7,7,135,c30e59d3cfc54f47d56d43f898221b0113068e4154aad9dd354fd86496a42e98,a50ca900859705e5404eacf06e147a647fb521979fbbe45a232da9243da1aab6
moderate,DetectDataset_clean_v2/test/images/bangkok-thailand-october-13-2016-260nw-497856520__223c007af5e553de.jpg,DetectDataset_clean_v2_motion_blur/moderate/images/bangkok-thailand-october-13-2016-260nw-497856520__223c007af5e553de.png,640,640,7,7,45,223c007af5e553dec15f6950699be905fea621c5340f95f1f7c449e0585d46e1,5f552bbe262dbb084db7fcf8ee4bd9adac8bb8ee60e76b91e5f58b6500d3f332
moderate,DetectDataset_clean_v2/test/images/bangkok-thailand-october-13-2016-260nw-497856532__f8aac5923499fadf.jpg,DetectDataset_clean_v2_motion_blur/moderate/images/bangkok-thailand-october-13-2016-260nw-497856532__f8aac5923499fadf.png,640,640,7,7,135,f8aac5923499fadf01562633a78c0af29363c96099bfdea8d8cd3cc22a49da60,3e0a4291f475773721b380494a052af25adf48c2c28c7fda864d640aead66515
moderate,DetectDataset_clean_v2/test/images/bangkok-thailandmay-16-2016-drone-260nw-421674307__7b309938b56e4416.jpg,DetectDataset_clean_v2_motion_blur/moderate/images/bangkok-thailandmay-16-2016-drone-260nw-421674307__7b309938b56e4416.png,640,640,7,7,90,7b309938b56e4416bf99d9db5bed4de0724ded0b81faebf4939db0539a7b4ab1,c71bac5d3932dcb00bf136e6320592655fe2e962823396428055860b78b8055c
moderate,DetectDataset_clean_v2/test/images/bangkok-thailandmay-16-2016-drone-260nw-421674430__65ff6c4b8455726a.jpg,DetectDataset_clean_v2_motion_blur/moderate/images/bangkok-thailandmay-16-2016-drone-260nw-421674430__65ff6c4b8455726a.png,640,640,7,7,90,65ff6c4b8455726a95dd7ae27aecf20310faba467540b21f1b3258ea927a3edd,da18cf39bde8ec166c3ef89860592a9bf424d9b22f8780bcc266ec7f041618d4
moderate,DetectDataset_clean_v2/test/images/berlin-germany-june-06-2017-260nw-682553632__2750cab30b8dcad4.jpg,DetectDataset_clean_v2_motion_blur/moderate/images/berlin-germany-june-06-2017-260nw-682553632__2750cab30b8dcad4.png,640,640,7,7,0,2750cab30b8dcad44228b1ce194f740cc040d0d90c29be6fb8f47619026957ee,84c9d5d3ef426596efac8ed9c7587c043b6d145b3199696f6f5ed9bb5799be6c
moderate,DetectDataset_clean_v2/test/images/bethesda-md-november-10-2017-260nw-753012529__d36098936894592a.jpg,DetectDataset_clean_v2_motion_blur/moderate/images/bethesda-md-november-10-2017-260nw-753012529__d36098936894592a.png,640,640,7,7,90,d36098936894592acab0914ab005e1a46ab958d0e4429fa44386905a636e453e,7afd9c4152f157c233f6b82fd5dabb7ad33c8467f98911388bdd4627d14e7577
moderate,DetectDataset_clean_v2/test/images/big-narrows-poudre-canyon-co-260nw-397931353__04daae0789e195b1.jpg,DetectDataset_clean_v2_motion_blur/moderate/images/big-narrows-poudre-canyon-co-260nw-397931353__04daae0789e195b1.png,640,640,7,7,135,04daae0789e195b16fd432c75c90f2ee5d0bf2b1f66eb5a08859ff7c0e62d180,4bdd6f147e17e395f6cdded1c157a0614ebd44f7c4b815de4ec2575b2571dbb4
moderate,DetectDataset_clean_v2/test/images/chanburi-thailand-11-april-2017-260nw-625760885__420e3e396cf24d4f.jpg,DetectDataset_clean_v2_motion_blur/moderate/images/chanburi-thailand-11-april-2017-260nw-625760885__420e3e396cf24d4f.png,640,640,7,7,0,420e3e396cf24d4f464ab6f87c362b1e40340a237421c7731a29ddd1754cffaa,0ed895e2d8e8dedd3ec53203f6fba6abe601846afe2f949af0ad891a37907e7d
moderate,DetectDataset_clean_v2/test/images/chanburi-thailand-11-april-2017-260nw-633128861__25c954302e50c824.jpg,DetectDataset_clean_v2_motion_blur/moderate/images/chanburi-thailand-11-april-2017-260nw-633128861__25c954302e50c824.png,640,640,7,7,45,25c954302e50c824c5e02ca0e3d7712bea88c71493cd6e92709e0ddded775c82,e39f9ffccf8ab904a142f27590478270dded429fbaf294b4670b26ca62ea31bb
moderate,DetectDataset_clean_v2/test/images/cherkasst-ukraina-june-17-2016white-260nw-457842415__281262b121be43c4.jpg,DetectDataset_clean_v2_motion_blur/moderate/images/cherkasst-ukraina-june-17-2016white-260nw-457842415__281262b121be43c4.png,640,640,7,7,135,281262b121be43c4c7cf8e4f1a767f760e63ef84b8899fe238a0b8a05acc9396,11ae5a6c7d6bfae2ab29128b12a994e63ffb3371363237ad4e95fae928ca286f
moderate,DetectDataset_clean_v2/test/images/chiang-mai-thailand-jan-23-260nw-446130538__8543d154c95fa7af.jpg,DetectDataset_clean_v2_motion_blur/moderate/images/chiang-mai-thailand-jan-23-260nw-446130538__8543d154c95fa7af.png,640,640,7,7,90,8543d154c95fa7af90f0d34a00aa8d0ffcfdaa5257fa728b6403e91e0af86a92,c0e2ca558b76563043d95ffe4b3eff736114354847ecfbc48e6236e112691028
moderate,DetectDataset_clean_v2/test/images/chiang-mai-thailand-october-13-260nw-501699415__ae59f9fcbac968db.jpg,DetectDataset_clean_v2_motion_blur/moderate/images/chiang-mai-thailand-october-13-260nw-501699415__ae59f9fcbac968db.png,640,640,7,7,90,ae59f9fcbac968db56ec416a7e60799b13bc0d578de7f315fea9d7da67aeafb3,f2e57d28460bce18e3cc2f6f51f05300c2a8e9a8a497eba0884f4cfdd1ce5476
moderate,DetectDataset_clean_v2/test/images/chiang-maithailand-july-11-2015-260nw-444993292__98d1325591bbd06b.jpg,DetectDataset_clean_v2_motion_blur/moderate/images/chiang-maithailand-july-11-2015-260nw-444993292__98d1325591bbd06b.png,640,640,7,7,135,98d1325591bbd06b730d40d385f8f9d9d4f45e3dda9d21ff6fbeadd534141fd8,10cb298073d66e5430d290d340f12fb2a087c04b577a1d09344974b0ec5455b7
moderate,DetectDataset_clean_v2/test/images/chon-buri-thailand-june-24-260nw-1124858261__6fc3753d5b7163cf.jpg,DetectDataset_clean_v2_motion_blur/moderate/images/chon-buri-thailand-june-24-260nw-1124858261__6fc3753d5b7163cf.png,640,640,7,7,45,6fc3753d5b7163cf57e803d7c756622d2810bf81df5f729fe970dbff23943f20,f51c83748f1a922f4351170d66ec9fd3a525958195b73f724cdea2a471fe254d
moderate,DetectDataset_clean_v2/test/images/chon-buri-thailand-june-24-260nw-1124858276__b2b14b2426bbedcd.jpg,DetectDataset_clean_v2_motion_blur/moderate/images/chon-buri-thailand-june-24-260nw-1124858276__b2b14b2426bbedcd.png,640,640,7,7,135,b2b14b2426bbedcd6148ff60e1f609a2487e6c5cf298a4eb45759ad844577e82,29e30e7d78d955a35e4faad1649dc2fb81a6acdb8955aed285a5464573879d03
moderate,DetectDataset_clean_v2/test/images/circa-february-1-2016-dji-260nw-370639601__fff5d46617241b47.jpg,DetectDataset_clean_v2_motion_blur/moderate/images/circa-february-1-2016-dji-260nw-370639601__fff5d46617241b47.png,640,640,7,7,90,fff5d46617241b479e551b5193cf4dbf253bf862bb6137f8dcf5304349fc34f0,1648101a12051fbe4bfc85fd22065a5ccca1ed2273b5c3f87ecd856c0cfbb6c7
moderate,DetectDataset_clean_v2/test/images/circa-january-27-2016-dji-260nw-369526988__9f741151df8392e7.jpg,DetectDataset_clean_v2_motion_blur/moderate/images/circa-january-27-2016-dji-260nw-369526988__9f741151df8392e7.png,640,640,7,7,45,9f741151df8392e724216d5c942b39b6befbe1c9b10e6e43dcb2b79c57829d1b,bae2c1abb77f1fcd7a30b73f261304bac10f7e24afc95f6b36c418cebe750140
moderate,DetectDataset_clean_v2/test/images/davao-city-2014-drone-hovers-260nw-732452323__55223a428f84d386.jpg,DetectDataset_clean_v2_motion_blur/moderate/images/davao-city-2014-drone-hovers-260nw-732452323__55223a428f84d386.png,640,640,7,7,45,55223a428f84d3861165ef7213cea254d260e4fdd432cd8cae6f4a9629813dd7,40e983626f95b177baeda3f6fa8598cd80626825b0147aaa2bdaa4573e3df360
moderate,DetectDataset_clean_v2/test/images/dji-mavic-air-flat-layout-260nw-1038880138__bb6cca070644543d.jpg,DetectDataset_clean_v2_motion_blur/moderate/images/dji-mavic-air-flat-layout-260nw-1038880138__bb6cca070644543d.png,640,640,7,7,0,bb6cca070644543d3856a248c7692c54d59c0f88e7fbaa927fb90762cb848202,e65d1de2a82e164e38d96fc0d7e4d63df56dcccafd418b6a4928561e7e1aa99b
moderate,DetectDataset_clean_v2/test/images/dji-mavic-pro-drone-moscow-260nw-1028056351__4cba3b8be9ace58a.jpg,DetectDataset_clean_v2_motion_blur/moderate/images/dji-mavic-pro-drone-moscow-260nw-1028056351__4cba3b8be9ace58a.png,640,640,7,7,45,4cba3b8be9ace58a6dc2e7c7314ed8ddd0cbb1d582c82efa1f056cb7e53427d8,ed65d7ad9e68920a8763a82dbe26e3ee6612f129cfdee96cb02dc3da824e516a
moderate,DetectDataset_clean_v2/test/images/dji-mavic-pro-drone-moscow-260nw-1049231243__323ba26119208ea0.jpg,DetectDataset_clean_v2_motion_blur/moderate/images/dji-mavic-pro-drone-moscow-260nw-1049231243__323ba26119208ea0.png,640,640,7,7,135,323ba26119208ea0891edef6396f0382f2f5b42d36cecd14ed037ae7c3245648,e60d5c53ee2ef6a8a0a4dbfe6da1ff9ae252b997d3742698803a86aaf3a7408e
moderate,DetectDataset_clean_v2/test/images/dji-mavic-pro-drone-riga-260nw-533974783__e1f90a7c3e4fe443.jpg,DetectDataset_clean_v2_motion_blur/moderate/images/dji-mavic-pro-drone-riga-260nw-533974783__e1f90a7c3e4fe443.png,640,640,7,7,135,e1f90a7c3e4fe4431ad58ff0b9b98cdf3d4b984c19bc74fbd021e0b1f50c7a2f,d47438b45342e9d55210319b4dff48cbb89f540e9b7d703258b7b2a8e29f7d1a
moderate,DetectDataset_clean_v2/test/images/dji-mavic-pro-drone-rigalatvia-260nw-533974279__8c877838625d01b4.jpg,DetectDataset_clean_v2_motion_blur/moderate/images/dji-mavic-pro-drone-rigalatvia-260nw-533974279__8c877838625d01b4.png,640,640,7,7,90,8c877838625d01b4483d138f7f33044b1903a1350cd087084088ee744c50f2bf,31a9739fd744921c66e4e0f15e92b539863787489c0a53b425335574254ccf49
moderate,DetectDataset_clean_v2/test/images/dji-mavic-pro-drone-rigalatvia-260nw-542803243__5d11946d91d1fb51.jpg,DetectDataset_clean_v2_motion_blur/moderate/images/dji-mavic-pro-drone-rigalatvia-260nw-542803243__5d11946d91d1fb51.png,640,640,7,7,90,5d11946d91d1fb519aaf865c11f0022171c8366a1a2739eba2e418d785861d8d,10aafe7ea9c32d5199ad9ebe2343e72ac90f33d59d62ba5a381a2bdf162bece9
moderate,DetectDataset_clean_v2/test/images/dji-mavic-pro-drone-rigalatvia-260nw-542803279__dee0832189e126b5.jpg,DetectDataset_clean_v2_motion_blur/moderate/images/dji-mavic-pro-drone-rigalatvia-260nw-542803279__dee0832189e126b5.png,640,640,7,7,45,dee0832189e126b56c667d990c1ff3e4db411591c42d2301b27a8fbf5ef1440f,59a2f11805780778f00e9c22ac2c0c3e6d02392bf3a0440a3c94628caf36e430
moderate,DetectDataset_clean_v2/test/images/dji-mavic-pro-flevoland-netherlands-260nw-1129344425__bb5461d141cbaf25.jpg,DetectDataset_clean_v2_motion_blur/moderate/images/dji-mavic-pro-flevoland-netherlands-260nw-1129344425__bb5461d141cbaf25.png,640,640,7,7,135,bb5461d141cbaf25c77db4831d8b01aa3f0b3f8f6ba114ffa6953e1239bf31e8,01e88a36758ffb15c6ee4cce05ebd44a3c62bdb66652e9dec938fb7ea92c49e6
moderate,DetectDataset_clean_v2/test/images/dji-phantom-4-pro-obsidian-260nw-1088925782__661eafd72bf5f4e5.jpg,DetectDataset_clean_v2_motion_blur/moderate/images/dji-phantom-4-pro-obsidian-260nw-1088925782__661eafd72bf5f4e5.png,640,640,7,7,135,661eafd72bf5f4e5c89119e3b8a6e7633981593be0fcf572223fa2cc22fc240a,1020e32052d435e84826e1a2215afed426718865c900897a84e01ab5b66d4bf0
moderate,DetectDataset_clean_v2/test/images/dji-phantom-4-pro-obsidian-260nw-1088928392__8a745befa63d5d23.jpg,DetectDataset_clean_v2_motion_blur/moderate/images/dji-phantom-4-pro-obsidian-260nw-1088928392__8a745befa63d5d23.png,640,640,7,7,90,8a745befa63d5d23686b870594380b4b7ad72d6ac2e0d7c1b77c02518f34f4a6,e5627dc1c50cad5fc7c18e388e2cdbbe23e898a7664830e720e51c98cb68b2e2
moderate,DetectDataset_clean_v2/test/images/dji-phantom-4-pro-obsidian-260nw-1088928398__1c3cfdee93b2ce32.jpg,DetectDataset_clean_v2_motion_blur/moderate/images/dji-phantom-4-pro-obsidian-260nw-1088928398__1c3cfdee93b2ce32.png,640,640,7,7,0,1c3cfdee93b2ce324b36735273cd63a5da9c800c50c7c4d630a8d51ac9c665d1,a1582d2439c25847f0af390cce335aac81561166bf7a4969172276aa26bdb93c
moderate,DetectDataset_clean_v2/test/images/dji-phantom-4-pro-obsidian-260nw-1088928416__d9317e14246eb296.jpg,DetectDataset_clean_v2_motion_blur/moderate/images/dji-phantom-4-pro-obsidian-260nw-1088928416__d9317e14246eb296.png,640,640,7,7,135,d9317e14246eb2967347bf5d2c2fab0430f74aaf61e2a548ec687005411dc04d,6554d6ff6391af79792d912156a6ea482f2aaaa569ce7bef30c3628569c0cb2a
moderate,DetectDataset_clean_v2/test/images/dji-phantom-4-pro-obsidian-260nw-1088928419__34f570daa8d456f9.jpg,DetectDataset_clean_v2_motion_blur/moderate/images/dji-phantom-4-pro-obsidian-260nw-1088928419__34f570daa8d456f9.png,640,640,7,7,135,34f570daa8d456f96c756034b2795931235b2bc6eacfd3dd2e799ee74fc21d4a,e89b5ddc2c97c2deb86aa3a6f1bb88d1e9f3a174fff460332947411427ee18de
moderate,DetectDataset_clean_v2/test/images/dji-phantom-4-pro-obsidian-260nw-1088928425__5a10e4306a1e40ee.jpg,DetectDataset_clean_v2_motion_blur/moderate/images/dji-phantom-4-pro-obsidian-260nw-1088928425__5a10e4306a1e40ee.png,640,640,7,7,90,5a10e4306a1e40ee7952fd2076ee08db24b189d4f9bb8f13a8dc581fbc093c38,44b685394f4e0aa45f22cc5797de7a0977f9a651c14cbfebfd14fddc6e3f4590
moderate,DetectDataset_clean_v2/test/images/drone-dji-mavic-air-hand-260nw-1050687485__464fbb4b52830829.jpg,DetectDataset_clean_v2_motion_blur/moderate/images/drone-dji-mavic-air-hand-260nw-1050687485__464fbb4b52830829.png,640,640,7,7,90,464fbb4b52830829a666087d6deef758e1d02166323ce5249377b9e223389f8a,d703303d509802c752f12d145d5bb31b99f98bf4ec154893c06ee93f5472fe8a
moderate,DetectDataset_clean_v2/test/images/drone-flight-260nw-508153975__ab10e479540bb977.jpg,DetectDataset_clean_v2_motion_blur/moderate/images/drone-flight-260nw-508153975__ab10e479540bb977.png,640,640,7,7,90,ab10e479540bb977bbfa005fe62b5da878b512280a82233de7ebeb8862343136,0e36a5e1c3fed1667aa7549e43235db4c382532ce9f8b4b6de1bbc28ca0afc2d
moderate,DetectDataset_clean_v2/test/images/drone-flight-260nw-508153996__13eb2cadcce46ba0.jpg,DetectDataset_clean_v2_motion_blur/moderate/images/drone-flight-260nw-508153996__13eb2cadcce46ba0.png,640,640,7,7,45,13eb2cadcce46ba042aa6a479a77ea8726ddcdb80a7738133193befe2db0b572,f442ee0e6445cf81b44a93e8cfad000f2d78ff8f610d9577c3766a1b085230ea
moderate,DetectDataset_clean_v2/test/images/drone-oversees-activity-firefighters-during-260nw-569066557__208d7d66013900f6.jpg,DetectDataset_clean_v2_motion_blur/moderate/images/drone-oversees-activity-firefighters-during-260nw-569066557__208d7d66013900f6.png,640,640,7,7,90,208d7d66013900f61e07611bff740e612ee105e88e02cfb9cec903041e7c1912,d865874061df516b112ef6b358ed59ea04bd04516c9173f738ed6a07171faa19
moderate,DetectDataset_clean_v2/test/images/drone-oversees-activity-firefighters-during-260nw-569066566__f95006d4b81f60c8.jpg,DetectDataset_clean_v2_motion_blur/moderate/images/drone-oversees-activity-firefighters-during-260nw-569066566__f95006d4b81f60c8.png,640,640,7,7,45,f95006d4b81f60c86aae6233e80d6774866e39d2987e1fe53422d6af4cd5a9d9,a120b6bf1b2249936c63e6293315ffa7bc5afb84d4e1d0b5e79e55ffbb5f1db6
moderate,DetectDataset_clean_v2/test/images/drone-quadcopter-dji-phantom-3-260nw-457625905__13716afd1088909e.jpg,DetectDataset_clean_v2_motion_blur/moderate/images/drone-quadcopter-dji-phantom-3-260nw-457625905__13716afd1088909e.png,640,640,7,7,135,13716afd1088909e3df5f27172d7195e2450d3219913d9fe5d09f392d1f5abe7,b0d5a80cb2492a0b5d861ccbc5c6a18cb4a8ffff270624674b85035e213ebd61
moderate,DetectDataset_clean_v2/test/images/drone-quadcopter-dji-phantom-4-260nw-1044882709__90fd1aad21291402.jpg,DetectDataset_clean_v2_motion_blur/moderate/images/drone-quadcopter-dji-phantom-4-260nw-1044882709__90fd1aad21291402.png,640,640,7,7,90,90fd1aad2129140256d9fa72bed548663916a168b198124ab854649e5739ea1b,cdadbc0eb07556733ffb04f6e3e8d65e5fdb7a64308842ede8057bfc1f7be1f2
moderate,DetectDataset_clean_v2/test/images/drone-quadrocopter-dji-phantom-3-260nw-1022380693__107b30c566ac0a61.jpg,DetectDataset_clean_v2_motion_blur/moderate/images/drone-quadrocopter-dji-phantom-3-260nw-1022380693__107b30c566ac0a61.png,640,640,7,7,0,107b30c566ac0a61e9b958f589ee8a6b8fa922236c522db71efc9dfcdda0c296,61c9117baa6fedad2e2c2d1c4adfdb41387a1a334cf2402a2ebbaf67c249422a
moderate,DetectDataset_clean_v2/test/images/east-mediterranean-29-sep-2017-260nw-724980712__53add50881084947.jpg,DetectDataset_clean_v2_motion_blur/moderate/images/east-mediterranean-29-sep-2017-260nw-724980712__53add50881084947.png,640,640,7,7,0,53add50881084947813d64c5fb94f762ee380c3266c9eb6c920970fd3de09f89,c89acfed54e6e43acaeda9edfbe74981841cd6f0167c1b02318cb927abbdf710
moderate,DetectDataset_clean_v2/test/images/estonia-tallinn-june-15-2018-260nw-1113744059__ce77bca02bb46cec.jpg,DetectDataset_clean_v2_motion_blur/moderate/images/estonia-tallinn-june-15-2018-260nw-1113744059__ce77bca02bb46cec.png,640,640,7,7,0,ce77bca02bb46cec277b7223ff20bdd917e8fd85e5b726942768058733735c3b,e03862ae515e2054b2888b370a9e12218b320e0827d27ad8554fea8b6c884a22
moderate,DetectDataset_clean_v2/test/images/flying-drone-near-amazing-waterfall-260nw-1132738232__f4fb7ccb32ff4f66.jpg,DetectDataset_clean_v2_motion_blur/moderate/images/flying-drone-near-amazing-waterfall-260nw-1132738232__f4fb7ccb32ff4f66.png,640,640,7,7,135,f4fb7ccb32ff4f662a1c84787c23394fd8b0c82f465d20a10b432410cc36881d,5a01943214a23431c8a7f3f1b3bbc574dcfb39f1bd54a8c0e1127c7371d0aa08
moderate,DetectDataset_clean_v2/test/images/flying-drone-near-amazing-waterfall-260nw-1132738238__9b1b79fe8b761f13.jpg,DetectDataset_clean_v2_motion_blur/moderate/images/flying-drone-near-amazing-waterfall-260nw-1132738238__9b1b79fe8b761f13.png,640,640,7,7,45,9b1b79fe8b761f13e153cf18b6d8de2791a28c78f9e66fc1db100b5bcc80d1a1,5a0097ca7233f034873d52437667302d945bcd10cf41a7e05c2c8686a00fd0f9
moderate,DetectDataset_clean_v2/test/images/fort-collins-co-usa-july-260nw-293921336__ee575748181c0977.jpg,DetectDataset_clean_v2_motion_blur/moderate/images/fort-collins-co-usa-july-260nw-293921336__ee575748181c0977.png,640,640,7,7,0,ee575748181c0977d9f5ed9b8f4bbf4a2986589d8a9f9c419bd0eddd211a743f,1c44c37f5bd115c1a6283c5055b8d2ba1bafa4e5545ccf1b1e1a924efcb699bd
moderate,DetectDataset_clean_v2/test/images/fort-collins-co-usa-june-260nw-292064300__a6c544a85a11cbb4.jpg,DetectDataset_clean_v2_motion_blur/moderate/images/fort-collins-co-usa-june-260nw-292064300__a6c544a85a11cbb4.png,640,640,7,7,90,a6c544a85a11cbb4b209a04bf739add7e968f94330fe9e2a0a20606dfca46722,3df496acba6cb21b997fdc7fb56a171aab5599fc6132672b61ac3de7a09dd7e8
moderate,DetectDataset_clean_v2/test/images/fort-collins-co-usa-march-260nw-261984065__a97498bf3be04007.jpg,DetectDataset_clean_v2_motion_blur/moderate/images/fort-collins-co-usa-march-260nw-261984065__a97498bf3be04007.png,640,640,7,7,45,a97498bf3be04007455067455c2f866c2b612a504d456edca1ba683c0df10b36,744bf5076b091336f9c359a1efffe841c2449810f6dd84bdefd5348fdd80f0c5
moderate,DetectDataset_clean_v2/test/images/fort-collins-co-usa-march-260nw-265211504__0f3c44673e2a16a1.jpg,DetectDataset_clean_v2_motion_blur/moderate/images/fort-collins-co-usa-march-260nw-265211504__0f3c44673e2a16a1.png,640,640,7,7,135,0f3c44673e2a16a1f3faea84b22ed711fcb1a52233fa8f3738315429c6f4b7a6,da97f9243a968a52da6e03f4f99ee9adeba83e7ffb3d27d76e469af0a13571b3
moderate,DetectDataset_clean_v2/test/images/fort-collins-co-usa-september-260nw-315185585__d50bdeb1cf9bb282.jpg,DetectDataset_clean_v2_motion_blur/moderate/images/fort-collins-co-usa-september-260nw-315185585__d50bdeb1cf9bb282.png,640,640,7,7,0,d50bdeb1cf9bb28249a713cedb271a8ada28411109df0dc4530b98992a7c3a2b,de0382fda9a0d24a91cc8bf5540b82690b9868403ddd29b4a148895d7ea75f84
moderate,DetectDataset_clean_v2/test/images/foto00117__3d697259bed4e8df.jpg,DetectDataset_clean_v2_motion_blur/moderate/images/foto00117__3d697259bed4e8df.png,640,640,7,7,135,3d697259bed4e8df282d37c890aceb2d4fc0a7f8bd351795401c06ab07f01013,9f448c54ed2b296090564b1dc6954f5e9b189ece67d95369f4214a7cd8c0b75b
moderate,DetectDataset_clean_v2/test/images/foto00117__a504436dfc3052b0.jpg,DetectDataset_clean_v2_motion_blur/moderate/images/foto00117__a504436dfc3052b0.png,640,640,7,7,90,a504436dfc3052b0ce99f5dbbcad4181c709f3e006df9b03d727d2d1b2b8b080,b58c03c674bd6e54ec35d7b3a299a158459b3383503ad0d9ba08104284c7ff6f
moderate,DetectDataset_clean_v2/test/images/foto00204__bd5c0eeb3baf1b92.jpg,DetectDataset_clean_v2_motion_blur/moderate/images/foto00204__bd5c0eeb3baf1b92.png,640,640,7,7,45,bd5c0eeb3baf1b9205192e4f59bedb555d96efc09b2dc309f0f67fdf9e0f3523,bfc1c841bc78c0e0b58f4cb22b7725fc2652bb21cca67fecc8eedc3caee8e8ba
moderate,DetectDataset_clean_v2/test/images/foto01074__d010af55661e02d8.jpg,DetectDataset_clean_v2_motion_blur/moderate/images/foto01074__d010af55661e02d8.png,640,640,7,7,45,d010af55661e02d8512f7e871cffe4f91d2c60cb2d9ffd80632a9c408e2aea39,4dc2e10d394c2f863fb36e097d96844bbb64f90ae0ced4aaba7d44d2ef9ecdd5
moderate,DetectDataset_clean_v2/test/images/foto01190__0b22a130fa968253.jpg,DetectDataset_clean_v2_motion_blur/moderate/images/foto01190__0b22a130fa968253.png,640,640,7,7,90,0b22a130fa968253ec4d9f6119e64304c132dc324a126aa1cc07d4e1a0f8fe6b,9a78ef5974e88cce4f4db5c11fa10ab7447c6b9050f4347075ad8d56caf9f9b3
moderate,DetectDataset_clean_v2/test/images/foto01190__6dfcc7d8b778322c.jpg,DetectDataset_clean_v2_motion_blur/moderate/images/foto01190__6dfcc7d8b778322c.png,640,640,7,7,135,6dfcc7d8b778322c90a55fd142ea7acf21f8c63b0271e99cc1f88adba867228b,64638088d4ff2346288efb65b82a04c364af15878016d7c7f9fecb71e56c7134
moderate,DetectDataset_clean_v2/test/images/foto01277__05716135b04e8634.jpg,DetectDataset_clean_v2_motion_blur/moderate/images/foto01277__05716135b04e8634.png,640,640,7,7,135,05716135b04e86344cb3837e17c60329ee3941dbfb2cfec29222ba22afb42f69,d683a2fc7e2ccc219fedef1de80f5a408017b0f27d9872bba7e2316aabc15b9e
moderate,DetectDataset_clean_v2/test/images/foto01277__f21e4d2970204ef6.jpg,DetectDataset_clean_v2_motion_blur/moderate/images/foto01277__f21e4d2970204ef6.png,640,640,7,7,0,f21e4d2970204ef644604b16bc077c3af4ff8f0ca10fddcc09a60f3968430bd4,f1fd237fb9271efd31bd3b60910b4fd00f1e760752bdd718d8d3c78e84658649
moderate,DetectDataset_clean_v2/test/images/foto01538__1d01cff28738b30e.jpg,DetectDataset_clean_v2_motion_blur/moderate/images/foto01538__1d01cff28738b30e.png,640,640,7,7,45,1d01cff28738b30ee6cc30a1d2078bae76fa32572db41d0100fede1c7e1f622b,09788c1438b5418e3a921132d16005c6e29c919c0188b6359b01c2335b9a68d0
moderate,DetectDataset_clean_v2/test/images/foto01538__cef5f4d614a0589c.jpg,DetectDataset_clean_v2_motion_blur/moderate/images/foto01538__cef5f4d614a0589c.png,640,640,7,7,135,cef5f4d614a0589ccfb3180266f1b7447dcdb80a394fdbf08f9ea933c37445c4,97aaac8a0a13a3db05ca618f6b1e463ec1664a101f66b204bbb1a6ceac900f73
moderate,DetectDataset_clean_v2/test/images/foto01683__58e0794fb90efead.jpg,DetectDataset_clean_v2_motion_blur/moderate/images/foto01683__58e0794fb90efead.png,640,640,7,7,135,58e0794fb90efead2bdedb50bc84fad121b698c01cc6a20d7a760d7186448545,5b2bba364cbab5bb311e9c5262fc05d5e629cd17935816e1a0fa6c7681d645b4
moderate,DetectDataset_clean_v2/test/images/foto01944__029c3fe0ec527218.jpg,DetectDataset_clean_v2_motion_blur/moderate/images/foto01944__029c3fe0ec527218.png,640,640,7,7,45,029c3fe0ec527218991e917940f7631a2792215de4620c6f2b5521614d6a4f51,a74b3a933aa7394fb49b6036219027647ef61018d579fb464710cafcc3eaf3f4
moderate,DetectDataset_clean_v2/test/images/foto04264__a663abfd64196536.jpg,DetectDataset_clean_v2_motion_blur/moderate/images/foto04264__a663abfd64196536.png,640,640,7,7,0,a663abfd64196536df619a38547698d4ddf72088bf8129654a5d25206ec58494,a5738efb2ba960420072d69d7f86587130a3932795ebe85f4e171abb0808e92a
moderate,DetectDataset_clean_v2/test/images/foto04496__c32af1085ae18aa9.jpg,DetectDataset_clean_v2_motion_blur/moderate/images/foto04496__c32af1085ae18aa9.png,640,640,7,7,45,c32af1085ae18aa9332856334bcc6cb5b06f3e97cc5ab2c0b2ee575d8fafe313,4a981a7203455d05f398c6eae1f19265268b3ab1f3d1190e47b2330493e54c3f
moderate,DetectDataset_clean_v2/test/images/foto04496__f81f5a665e380caa.jpg,DetectDataset_clean_v2_motion_blur/moderate/images/foto04496__f81f5a665e380caa.png,640,640,7,7,45,f81f5a665e380caab648a1d2ac6d40a7d2b7d23e48ae1a48f8b17a41f7e91605,5ee21135cb29db0389603308e2b88d2e40872e1153a0b2ea3f1f1bd242ac4e09
moderate,DetectDataset_clean_v2/test/images/foto04757__6c4a223a085688cf.jpg,DetectDataset_clean_v2_motion_blur/moderate/images/foto04757__6c4a223a085688cf.png,640,640,7,7,135,6c4a223a085688cf818137a223a772daea4b86102b2975c2b98f3cb5c5db7699,8642173c2ecaf9101492a9dab7be4eb9883bd061f715873ca05a50e65927cfec
moderate,DetectDataset_clean_v2/test/images/foto04757__964e2c4824ff9180.jpg,DetectDataset_clean_v2_motion_blur/moderate/images/foto04757__964e2c4824ff9180.png,640,640,7,7,0,964e2c4824ff9180ef6fd9308914b307ae3edf88bd1e8c7e84af673ea4445b63,a67d5bee9db86bfa7bbfd8a794d2f73ca7bef0fca867ebb5c550815ce0cb6f17
moderate,DetectDataset_clean_v2/test/images/foto04989__768b3832b78eb01b.jpg,DetectDataset_clean_v2_motion_blur/moderate/images/foto04989__768b3832b78eb01b.png,640,640,7,7,90,768b3832b78eb01b5dd484f89cb31bcad2fd85fb3c510ed7efd9d2308056aa0d,93149d71c94d85f02758d41131b4e0e5c00bdb3b8295071a6d45ed83367b029b
moderate,DetectDataset_clean_v2/test/images/foto04989__a1271db561db51ba.jpg,DetectDataset_clean_v2_motion_blur/moderate/images/foto04989__a1271db561db51ba.png,640,640,7,7,45,a1271db561db51ba0df90054be8387951e49a844c846ce9126390305ac8ae715,68d0d455645e513a2aee962b1612f5a65e1c4d09529da8337db17cf0ea90157a
moderate,DetectDataset_clean_v2/test/images/foto05018__dbc307809360125c.jpg,DetectDataset_clean_v2_motion_blur/moderate/images/foto05018__dbc307809360125c.png,640,640,7,7,0,dbc307809360125c265444acfe94cfb4bc5417097022eec39e807cd29efb2b2e,dcbd6af1ec694adb15dff7c458b1a68a71f8fc782f6cabcc6cc78ff02dcf140d
moderate,DetectDataset_clean_v2/test/images/foto05163__084d704188e2ebb8.jpg,DetectDataset_clean_v2_motion_blur/moderate/images/foto05163__084d704188e2ebb8.png,640,640,7,7,90,084d704188e2ebb8d8c5a9d5f9d39be285255950e7e326318eb08e132afd0cc4,0d49207c2342bfd990507db4450f0d423d922c385e5e6b27eefd1827250fd4cf
moderate,DetectDataset_clean_v2/test/images/foto05221__14bbc1606a006336.jpg,DetectDataset_clean_v2_motion_blur/moderate/images/foto05221__14bbc1606a006336.png,640,640,7,7,90,14bbc1606a006336cf0a9fccbd18c7ae7c8fb1c0aa20bb00194f2a3339f24b1b,ab53386cb97cad661cdf807a92f419fd04c1718d62e3ce359efcdfac057967fa
moderate,DetectDataset_clean_v2/test/images/foto05221__4c6d331816b24174.jpg,DetectDataset_clean_v2_motion_blur/moderate/images/foto05221__4c6d331816b24174.png,640,640,7,7,0,4c6d331816b24174e38dde5a7cf27571788d8f4cb26c35b5e7c9a4d7a46ab6e4,1baa09e410cd487315941c549721ef6660daf75f57d4e9feec54eb14618c603b
moderate,DetectDataset_clean_v2/test/images/foto05279__0f97f700259d48c1.jpg,DetectDataset_clean_v2_motion_blur/moderate/images/foto05279__0f97f700259d48c1.png,640,640,7,7,135,0f97f700259d48c1646edf9f6f870504de99fe1294a71552692f1290696ebd5f,3763721a0c00a18b3fd46846a05bcae6cee87db99ba7293e7936adac45d942fe
moderate,DetectDataset_clean_v2/test/images/foto05279__4f7855687131fe6d.jpg,DetectDataset_clean_v2_motion_blur/moderate/images/foto05279__4f7855687131fe6d.png,640,640,7,7,45,4f7855687131fe6d548fc42b1aa7c1c097bf0767aa22897e3e5637d1fe05f169,9aaa256467bc4a86ee2901e0d4dc8fa12bbd5ce9180ffdeae9424ab90959ecf2
moderate,DetectDataset_clean_v2/test/images/foto05540__48280508d81f3ce8.jpg,DetectDataset_clean_v2_motion_blur/moderate/images/foto05540__48280508d81f3ce8.png,640,640,7,7,90,48280508d81f3ce8401cbdba50f3c45732e54f9e5640f58d59349dea787edaa7,e71d86888500f163703989085414d9a883dd867c1aad5e7ac729ca30de544266
moderate,DetectDataset_clean_v2/test/images/foto05540__fead29b340f3a330.jpg,DetectDataset_clean_v2_motion_blur/moderate/images/foto05540__fead29b340f3a330.png,640,640,7,7,90,fead29b340f3a330d54826bad0c299c03094c629bf0f24ab3be6c5874e9584bb,f0da0a4b608d1f70f0ef3f50625b059a27569a95716d1e72d1bcb5a5c56b8341
moderate,DetectDataset_clean_v2/test/images/foto05627__7ee98977ef43f2af.jpg,DetectDataset_clean_v2_motion_blur/moderate/images/foto05627__7ee98977ef43f2af.png,640,640,7,7,45,7ee98977ef43f2af9bc6371604dd5acd8bcbebfc17f026633c3d661e22a53717,0f3edb05bf22630c99dfb464a0d15c8ecb05efa2ade3df9b58ab624d5164722b
moderate,DetectDataset_clean_v2/test/images/foto07367__396d697f1187815c.jpg,DetectDataset_clean_v2_motion_blur/moderate/images/foto07367__396d697f1187815c.png,640,640,7,7,135,396d697f1187815cc45124e797d0aa13e9b1ea93340ce8136b08e5b13baeddbe,cb3e32e214795907cd53aa9678f78962536e51363edc54312501e30eacee0f36
moderate,DetectDataset_clean_v2/test/images/foto07425__360266425e066f1d.jpg,DetectDataset_clean_v2_motion_blur/moderate/images/foto07425__360266425e066f1d.png,640,640,7,7,45,360266425e066f1dbabf86129271f7e0bcb165bc90a2e1cbe992fa027430e64a,522a2c3e463fa0aee5f100c613233899a105ccb3efa7d9bb53cb3c4f4f11e044
moderate,DetectDataset_clean_v2/test/images/foto07425__9f76e447ac327347.jpg,DetectDataset_clean_v2_motion_blur/moderate/images/foto07425__9f76e447ac327347.png,640,640,7,7,135,9f76e447ac327347b511ff5f65f102eb68b3d1a81fb986fec30e3cadc9c4a67b,f6d3b2c22cebdd058666f6189cd54443d9858142f6da42ffedd8ccad38f45f6f
moderate,DetectDataset_clean_v2/test/images/foto14385__8bd3540f0163b7fb.jpg,DetectDataset_clean_v2_motion_blur/moderate/images/foto14385__8bd3540f0163b7fb.png,640,640,7,7,0,8bd3540f0163b7fb67f3077639da1cf1c6b4bdb4621e4e600b2cc7d42ab9ab28,f2160beba867a8db7e6e7af2140528714176d71609aeaeebe875431ffd0573a3
moderate,DetectDataset_clean_v2/test/images/foto14385__f0fd90423ee4b076.jpg,DetectDataset_clean_v2_motion_blur/moderate/images/foto14385__f0fd90423ee4b076.png,640,640,7,7,45,f0fd90423ee4b076a771f80efe285b19966caf23f7a71b399eb117ea85336bfb,e2511aa1e69fc83077c5ab1630d0dd6d55e7dc3ab1c7f090d2a8def592e60c34
moderate,DetectDataset_clean_v2/test/images/foto14530__b60e0beaec728e99.jpg,DetectDataset_clean_v2_motion_blur/moderate/images/foto14530__b60e0beaec728e99.png,640,640,7,7,45,b60e0beaec728e99db9c0586c38e8f1a47f98225fbf382b760d25a5ec9139451,edb25d30aec9e61bb29d7c862a9f3699aacbd19e60ea42eb01687e835acdac42
moderate,DetectDataset_clean_v2/test/images/foto14559__782ab57c51a27b27.jpg,DetectDataset_clean_v2_motion_blur/moderate/images/foto14559__782ab57c51a27b27.png,640,640,7,7,90,782ab57c51a27b271d48ef49078fac05fd5ffaf3453caf7ab3893a8737faed86,0e696cc6ed647f56c7b28b7af8469fd3eb8195919700af3d6a6e8fbe8e123c6c
moderate,DetectDataset_clean_v2/test/images/foto14617__46dc6f4a70c4093d.jpg,DetectDataset_clean_v2_motion_blur/moderate/images/foto14617__46dc6f4a70c4093d.png,640,640,7,7,90,46dc6f4a70c4093d0057f06321bb5a8476344934942e95b1a3731392405770c0,c69898d6a688793a46e96fbe73154ad9cb324c179f7b00cf095bac4bb2ff6ef9
moderate,DetectDataset_clean_v2/test/images/foto15139__4d9ecf68d8a3eac5.jpg,DetectDataset_clean_v2_motion_blur/moderate/images/foto15139__4d9ecf68d8a3eac5.png,640,640,7,7,45,4d9ecf68d8a3eac51beeb87b59c8af1930f0a23900236cf5a739893455e3c49f,fbabc6613393182dec756d6b9c1500bf09f65b26495f27a498f5c4db40b8e3a0
moderate,DetectDataset_clean_v2/test/images/frame0152__c3b62649186446a0.jpg,DetectDataset_clean_v2_motion_blur/moderate/images/frame0152__c3b62649186446a0.png,640,640,7,7,45,c3b62649186446a0f445cb23fed6b24882b8edb3cdb963c0b3166840c1c7a252,21f5ea2401c14898b6f103f223bd96385673de547620ab6adb47bcb897d4b4e2
moderate,DetectDataset_clean_v2/test/images/frame0184__ae7d2cb45050a9b6.jpg,DetectDataset_clean_v2_motion_blur/moderate/images/frame0184__ae7d2cb45050a9b6.png,640,640,7,7,45,ae7d2cb45050a9b6cad152da0559d299a0e17bd09f0a443fd0a06795393bfbdb,d7e7974c39dd48da8065b1c7307a69d7cf84918c776871432867e3010b001329
moderate,DetectDataset_clean_v2/test/images/frame0188__04fb67b03d0151b9.jpg,DetectDataset_clean_v2_motion_blur/moderate/images/frame0188__04fb67b03d0151b9.png,640,640,7,7,0,04fb67b03d0151b9926cbd73621dd137851f8baf6106c9bf5aa43a1034ac1ea9,be306b357ff3edf06cb2662efa435d82e4f3703d974b05b47ff8c7ac190019f3
moderate,DetectDataset_clean_v2/test/images/frame0194__5daadb7e28e9c47b.jpg,DetectDataset_clean_v2_motion_blur/moderate/images/frame0194__5daadb7e28e9c47b.png,640,640,7,7,45,5daadb7e28e9c47b027f37840a78b4cba538ab7518d7bd197463157b1aaa74ef,91b2c0ffd19752c439e719dccd29237f7a67cb99a84a32a4a215e9301943ca79
moderate,DetectDataset_clean_v2/test/images/frame0197__863089edacdc77ba.jpg,DetectDataset_clean_v2_motion_blur/moderate/images/frame0197__863089edacdc77ba.png,640,640,7,7,90,863089edacdc77baca6ad17b50c7b30475e478d7a103e3fe5384dad63c6de751,078c7230b69b34f49b175ef8df4ef7b851f11cc09426aa52eff427d42fa06198
moderate,DetectDataset_clean_v2/test/images/frame0198__22aee97af5af0351.jpg,DetectDataset_clean_v2_motion_blur/moderate/images/frame0198__22aee97af5af0351.png,640,640,7,7,135,22aee97af5af03510df004869801ca9860fdc4ec394da75b400a1ad41e23ac9c,a6d2a4dfd3d685b0d4dd296c6b3d791a216802f54e76e0b959a13d764f7c2abf
moderate,DetectDataset_clean_v2/test/images/frame0202__42dc95cd628952f8.jpg,DetectDataset_clean_v2_motion_blur/moderate/images/frame0202__42dc95cd628952f8.png,640,640,7,7,135,42dc95cd628952f819b4046c9b9a7ab8fc34eca188343fef2864411613497aa4,640ccb1cc08abbbb5177fb3c88894d4bed8999cf4df5a2aa2d6c34c176e896cb
moderate,DetectDataset_clean_v2/test/images/frame0214__5ecf1756a2af23a2.jpg,DetectDataset_clean_v2_motion_blur/moderate/images/frame0214__5ecf1756a2af23a2.png,640,640,7,7,45,5ecf1756a2af23a237fa57736519f4db48f444991265b036397cc7c8b2a92414,adda7a6e955465a001d2d1a50a6a35d882c7e6f87a8c535fde148ac542fa1cbd
moderate,DetectDataset_clean_v2/test/images/frame0365__058598d419b31cc9.jpg,DetectDataset_clean_v2_motion_blur/moderate/images/frame0365__058598d419b31cc9.png,640,640,7,7,45,058598d419b31cc9ed869f7938aeecaa4e6eb13807b8146bae62f0a881b3b9ed,19335b20c9bbd8bcb7b5f3499ea44b518feb66fd50f3e8af3c2db7cf96585573
moderate,DetectDataset_clean_v2/test/images/name10__c8c5d0b4eb86c013.jpg,DetectDataset_clean_v2_motion_blur/moderate/images/name10__c8c5d0b4eb86c013.png,640,640,7,7,45,c8c5d0b4eb86c013778685e5f5c6164cce238d438886c9138d30c421dfef30e7,a01d771a31ce1fa6170a5a0b61ff3647b0670709c986f1afb10ac7c56d36819f
moderate,DetectDataset_clean_v2/test/images/name18__44fa8eea94ff983c.jpg,DetectDataset_clean_v2_motion_blur/moderate/images/name18__44fa8eea94ff983c.png,640,640,7,7,90,44fa8eea94ff983c011cc9c0e2071e390d73fec41eb377729b3f42f9cc705248,ed849609bbc9eddaa588476941df59b47940641acbb5d525adba13fa9a832d48
moderate,DetectDataset_clean_v2/test/images/name18__9e5425f89d479f32.jpg,DetectDataset_clean_v2_motion_blur/moderate/images/name18__9e5425f89d479f32.png,640,640,7,7,45,9e5425f89d479f32f6fa41c321fbe94df96f990a386145ed9591fb87734e3017,05246a0af4fdde7b0ba749b167a268646e2f549c4ac800fc2cd0d3e468abfd72
moderate,DetectDataset_clean_v2/test/images/name20__41a6080e3e628f68.jpg,DetectDataset_clean_v2_motion_blur/moderate/images/name20__41a6080e3e628f68.png,640,640,7,7,0,41a6080e3e628f68fc8722552bbf9df546dfb1ac45745aecd8790fb4aaecf57c,5636e20cbbbc84cde8cd207a4a69d6867956702d027d84ca37a71c616b1f921a
moderate,DetectDataset_clean_v2/test/images/name20__dd2f9486d02e8f67.jpg,DetectDataset_clean_v2_motion_blur/moderate/images/name20__dd2f9486d02e8f67.png,640,640,7,7,45,dd2f9486d02e8f672aa672d0ac8e26590a327a695c5663987b7329792ea67e33,f00582618ca3d03f47ebbf3200f9cff1fe000ec257a643f93e88ed4ed676e2f5
moderate,DetectDataset_clean_v2/test/images/name21__8312a7e4c09dd0e1.jpg,DetectDataset_clean_v2_motion_blur/moderate/images/name21__8312a7e4c09dd0e1.png,640,640,7,7,0,8312a7e4c09dd0e19f9cac51da93f4f4a62eaf19268bde82a5f07a7327908cc1,d8a6b1670c93d8827ec4d43f3f2fa4ff07b9b7690a8d28a8ba101fe3f274d06b
moderate,DetectDataset_clean_v2/test/images/name5__7d5b874bd15cc643.jpg,DetectDataset_clean_v2_motion_blur/moderate/images/name5__7d5b874bd15cc643.png,640,640,7,7,135,7d5b874bd15cc64311d01aa8dad1c985f54b20002b650e69a61ebbc9b7a31970,349d724e1a9cb487293dafa40cd9a5e56271efd1d3d6592604972548e4d75f27
moderate,DetectDataset_clean_v2/test/images/name6__c4b2208a56ce6286.jpg,DetectDataset_clean_v2_motion_blur/moderate/images/name6__c4b2208a56ce6286.png,640,640,7,7,45,c4b2208a56ce62861d9cb952403d76cd741615fa8b90f4e978145830bbda8ff8,bf8d521da7768bd0a26dd38fb6994b94dc0eadc82ff3182af6d4aab8c79e9496
moderate,DetectDataset_clean_v2/test/images/name6__da188e36a277a83b.jpg,DetectDataset_clean_v2_motion_blur/moderate/images/name6__da188e36a277a83b.png,640,640,7,7,0,da188e36a277a83b160b881a5ef385ed1ac20609ad77185799ecbcbee20e755a,c938d1f496755779238143191ec147732c5d8e5447db6cc233e48061421e1606
moderate,DetectDataset_clean_v2/test/images/pic_1032__cff54d60821402c5.jpg,DetectDataset_clean_v2_motion_blur/moderate/images/pic_1032__cff54d60821402c5.png,640,640,7,7,0,cff54d60821402c5ecd060525ca8913b7e074533c54e255bce59e0c0aa5a26b8,4eb2264556853cdc98d4c72cb1ccf0e84bcb8369467ab966fbcedf94a48711a1
moderate,DetectDataset_clean_v2/test/images/pic_1060__04a8d82bb09c2f0a.jpg,DetectDataset_clean_v2_motion_blur/moderate/images/pic_1060__04a8d82bb09c2f0a.png,640,640,7,7,45,04a8d82bb09c2f0a1a88526395e55e646cb06297157f75ae5329c6202ae89535,1fc405bb8fc20a316fb31e3ccdbe203cb30692ff6f0970b7107dafa3e3a9708f
moderate,DetectDataset_clean_v2/test/images/pic_1121__cb73c852b5d08105.jpg,DetectDataset_clean_v2_motion_blur/moderate/images/pic_1121__cb73c852b5d08105.png,640,640,7,7,0,cb73c852b5d08105856f0240263b0c364cdced7d517d38047250b27df5e9e9ac,de3d3a904c44deca9929c6556df6cfb1717c2da359fc18457959f8b1db0bb593
moderate,DetectDataset_clean_v2/test/images/pic_164__1fc840c5e08f9727.jpg,DetectDataset_clean_v2_motion_blur/moderate/images/pic_164__1fc840c5e08f9727.png,640,640,7,7,0,1fc840c5e08f97277727cc7bc12b07e10ef9c2f5f82890507ca9c3df63819b17,6d4207976dfb2cc2de539095afb59683cc0f8f4546f4b90472a87b5687789684
moderate,DetectDataset_clean_v2/test/images/pic_207__4850b7199afc650c.jpg,DetectDataset_clean_v2_motion_blur/moderate/images/pic_207__4850b7199afc650c.png,640,640,7,7,135,4850b7199afc650cc4372d546d9d64e5585b52a4c7485b4b283766cf84febd86,99593a17701b829d243cdd5c390fb1442055a2aa596b21c39879f97d8ebf3cdb
moderate,DetectDataset_clean_v2/test/images/pic_297__7d0da3b7a94e3887.jpg,DetectDataset_clean_v2_motion_blur/moderate/images/pic_297__7d0da3b7a94e3887.png,640,640,7,7,90,7d0da3b7a94e38874a5a3ff994c0fde03d7738dd72902ae8964d619f7dd957bf,5ef0b81955cad0df9b02f6451bd936d157c90c54e895d141184d8c800c4c5e45
moderate,DetectDataset_clean_v2/test/images/pic_338__941a59bbfffbe45e.jpg,DetectDataset_clean_v2_motion_blur/moderate/images/pic_338__941a59bbfffbe45e.png,640,640,7,7,90,941a59bbfffbe45e6aaac3f876f118f4ce52a505195b9431f622b04e9762c479,cab6a2a649ded2623464159bd4d468814403ab67b80891650276434aa4eb185f
moderate,DetectDataset_clean_v2/test/images/pic_344__6b18d1ab5b3b0c9a.jpg,DetectDataset_clean_v2_motion_blur/moderate/images/pic_344__6b18d1ab5b3b0c9a.png,640,640,7,7,45,6b18d1ab5b3b0c9aeec0a9576daaef7d389c1d215c459786e8c551f3711149dd,b7dd9dedc853284ec57049c219c5e229f0c32c7cfaf3c88f35ede0ebb850d51d
moderate,DetectDataset_clean_v2/test/images/pic_442__f9a08451595320ae.jpg,DetectDataset_clean_v2_motion_blur/moderate/images/pic_442__f9a08451595320ae.png,640,640,7,7,135,f9a08451595320aec9ba5f6fa26d567db857e967bed836c8d32e54d447b046fa,9e1c0e87effbdb704d40e864c61a366117861f429c115318735ea496213a946d
moderate,DetectDataset_clean_v2/test/images/pic_497__1eacbf616326c97d.jpg,DetectDataset_clean_v2_motion_blur/moderate/images/pic_497__1eacbf616326c97d.png,640,640,7,7,90,1eacbf616326c97d2d190064ded7d383b81033de86a004e60588e691aa2bcd9c,0df37738db6646e163cb10c103299f8cd5ca8be390e0c03976f11d9422e623cc
moderate,DetectDataset_clean_v2/test/images/pic_519__bfa154accb4ed48a.jpg,DetectDataset_clean_v2_motion_blur/moderate/images/pic_519__bfa154accb4ed48a.png,640,640,7,7,135,bfa154accb4ed48a1675954487b36a56a033eed8472b0848b43dc81d6b80cf86,8a784cfdf6e12ff098af03011138e40ecb36f913d08bfaf71d03d495b5889324
moderate,DetectDataset_clean_v2/test/images/pic_664__10ba41f28fdf3666.jpg,DetectDataset_clean_v2_motion_blur/moderate/images/pic_664__10ba41f28fdf3666.png,640,640,7,7,135,10ba41f28fdf3666e6fef3fadf357ac473f577e6662cd6f3ba7bf087b3429df8,b15c61619df6f48e6d911e6044cfe1bca77d9c838922b9bcea10a1135bb8ab75
moderate,DetectDataset_clean_v2/test/images/pic_677__a4b70f352e9e58bc.jpg,DetectDataset_clean_v2_motion_blur/moderate/images/pic_677__a4b70f352e9e58bc.png,640,640,7,7,0,a4b70f352e9e58bc4a786945dc9acabda4e88992249194b1603d4ac9806ef3ae,96edae7abb7995fa6a270738eed2c1338e7ac833957e2b4619f7beb44be47fe4
moderate,DetectDataset_clean_v2/test/images/pic_719__4ecd50d7fbdcfa75.jpg,DetectDataset_clean_v2_motion_blur/moderate/images/pic_719__4ecd50d7fbdcfa75.png,640,640,7,7,135,4ecd50d7fbdcfa7597273b33e141556f49703566dba1f77d1d5a998bb3a67337,9a7dee6c72134ba53d99407a122c62a8a5ad4e7e983a9538824317ce238cd586
moderate,DetectDataset_clean_v2/test/images/pic_749__8d37266c76a07afe.jpg,DetectDataset_clean_v2_motion_blur/moderate/images/pic_749__8d37266c76a07afe.png,640,640,7,7,45,8d37266c76a07afed9e85ecb57d48587f75814e64972206d2bd3f13b7b14a2b9,8d816997fc89324d7bfde755a9768be7836831687c83591b5490494ae5bb3d10
moderate,DetectDataset_clean_v2/test/images/pic_757__86939fccc3905611.jpg,DetectDataset_clean_v2_motion_blur/moderate/images/pic_757__86939fccc3905611.png,640,640,7,7,45,86939fccc3905611e8fcacdeb55408ac5a4dc14d37bef98e9e8f4da0b50b4807,8c89f038a51ab8748d0d812b8df89af365f562c0aae19820df439b871f70e036
moderate,DetectDataset_clean_v2/test/images/pic_761__cc4752a963a2b940.jpg,DetectDataset_clean_v2_motion_blur/moderate/images/pic_761__cc4752a963a2b940.png,640,640,7,7,45,cc4752a963a2b94094469dae53f91337a61d4a79230a35227c5805f84a392c23,f4dd76f15e4a412a01e5a2282f17c329de2ecdbc9775090f1895e79a8bc728b2
moderate,DetectDataset_clean_v2/test/images/pic_823__77ec075b9b9d8367.jpg,DetectDataset_clean_v2_motion_blur/moderate/images/pic_823__77ec075b9b9d8367.png,640,640,7,7,90,77ec075b9b9d836773b4c810c66db481627f5988d7ad68699c512d05f9ecb63b,76befad59b2cddda49938b1510cde85b39ad09ddea2df8aefc15c5285c58aa6d
moderate,DetectDataset_clean_v2/test/images/pic_905__115256e533c757cc.jpg,DetectDataset_clean_v2_motion_blur/moderate/images/pic_905__115256e533c757cc.png,640,640,7,7,135,115256e533c757cc91d72f1b8b6300017ca3bc6df8167e5b326deac5b06ebd73,97eec911949222ccfa52d6120e5813487c9483a0f9f32cf441314df823d7992c
moderate,DetectDataset_clean_v2/test/images/pic_909__6d57c76086ea623f.jpg,DetectDataset_clean_v2_motion_blur/moderate/images/pic_909__6d57c76086ea623f.png,640,640,7,7,45,6d57c76086ea623f0b2bfa16e9634b2c2c604f5c469f769e25cceb37677e4f83,e98361ddf50a498cccc115d6ab619f7d91e223fbd9fc03a2da91ae34c6951a46
moderate,DetectDataset_clean_v2/test/images/video101__2d2baa4c06984c08.jpg,DetectDataset_clean_v2_motion_blur/moderate/images/video101__2d2baa4c06984c08.png,640,640,7,7,90,2d2baa4c06984c0832d0c969b25dc52e51013da20d16cdc9935e530bce1f6fbb,fcf8123ef1a5b18769c17b90b41f3c55ad747d7f26eb2efd25ba7bb5b3c6dab9
moderate,DetectDataset_clean_v2/test/images/video101__b7b0b304e8f2d710.jpg,DetectDataset_clean_v2_motion_blur/moderate/images/video101__b7b0b304e8f2d710.png,640,640,7,7,90,b7b0b304e8f2d710432ef9de6e71d9902fae36464176bf417d5bf7eda7e630df,4a3d8df6750c3054df3ab4393ca45eb701a402947f41420d42c835fb7105716b
moderate,DetectDataset_clean_v2/test/images/video104__03bd8931420607a6.jpg,DetectDataset_clean_v2_motion_blur/moderate/images/video104__03bd8931420607a6.png,640,640,7,7,90,03bd8931420607a61a048b6324351b62773c87cf7bafcce1e103236d8ba97594,d9cee3481170853270c8799c8ea0de5b3e9aef72bfd63c4311b792285efbd45e
moderate,DetectDataset_clean_v2/test/images/video1093__5b8ef5719b604a9d.jpg,DetectDataset_clean_v2_motion_blur/moderate/images/video1093__5b8ef5719b604a9d.png,640,640,7,7,90,5b8ef5719b604a9da5d689dd1470d96ab0b63c9424f70a5e457192775eaad374,34da6e2f321db1411bc59d5186a9c4c6cf8d3b23edb0bbcb098feb429a2fc951
moderate,DetectDataset_clean_v2/test/images/video1093__8d918c06e4519c2e.jpg,DetectDataset_clean_v2_motion_blur/moderate/images/video1093__8d918c06e4519c2e.png,640,640,7,7,135,8d918c06e4519c2ea08ab75efabab15d4c95257151db318240be20573ed23ae5,4459cf796baa4ca0a6eb2d5c640a48d9f40fb4610f9d0de1edb1dda5a8104f6f
moderate,DetectDataset_clean_v2/test/images/video13179__bb2f00d521971eb7.jpg,DetectDataset_clean_v2_motion_blur/moderate/images/video13179__bb2f00d521971eb7.png,640,640,7,7,45,bb2f00d521971eb73cf25734a6687065769ce8c18aaccbdb28cff1fe04fa973b,243c0d284dce5aad4cebd85632ec88b43315fe7b2a433724c6d2ddbfb605347d
moderate,DetectDataset_clean_v2/test/images/video13182__6b0c31f842e95778.jpg,DetectDataset_clean_v2_motion_blur/moderate/images/video13182__6b0c31f842e95778.png,640,640,7,7,90,6b0c31f842e957784a774330eee4ae2cfe420ec21ae7f3d92889d3adf469704c,d125779e83308c128180e27f1ade0b8ee633bf386d099023c8a897cecae9c4d6
moderate,DetectDataset_clean_v2/test/images/video13192__01e1e9d182070845.jpg,DetectDataset_clean_v2_motion_blur/moderate/images/video13192__01e1e9d182070845.png,640,640,7,7,135,01e1e9d182070845b983b7c028273328ea5e086c1ab277f16eb7d159a7d779ef,ff2a0a29b2a157834d10097d49bda6888436d20c1d5abc8aa915a64dfd31b124
moderate,DetectDataset_clean_v2/test/images/video1342__680088a7b8879cb4.jpg,DetectDataset_clean_v2_motion_blur/moderate/images/video1342__680088a7b8879cb4.png,640,640,7,7,0,680088a7b8879cb4b5a1085a361c0e8753d23b6b55a08056c102ab5d3df100af,d3f94a3b5c4bb4118d3d7d9b4f8c3bbf4f401e0446208e6917f35d6189c8e00b
moderate,DetectDataset_clean_v2/test/images/video1345__198a64cb7af6cfdd.jpg,DetectDataset_clean_v2_motion_blur/moderate/images/video1345__198a64cb7af6cfdd.png,640,640,7,7,0,198a64cb7af6cfdd82de579a42cea3712abe091769d569b3f63749f2715171b3,7cc5361420e6892e7c10932f24b4fa2f864fde75a08cb6b9fafdd8ce2575eb5b
moderate,DetectDataset_clean_v2/test/images/video1358__65b0f970fa4d2007.jpg,DetectDataset_clean_v2_motion_blur/moderate/images/video1358__65b0f970fa4d2007.png,640,640,7,7,135,65b0f970fa4d20072aa5e591b881f03de682a4bd974c8de8c6073f9bda2a2832,0b7be0d8ff1896b35fea47822552b43a2fe617ea6615da1ba8f3517e528a0ae6
moderate,DetectDataset_clean_v2/test/images/video1362__f4b0a13efe8a9a48.jpg,DetectDataset_clean_v2_motion_blur/moderate/images/video1362__f4b0a13efe8a9a48.png,640,640,7,7,0,f4b0a13efe8a9a48c3db5dc3c3723818d1cf65783afced4ce075d94bcd4ea3df,148e732f4e8dc1e0f0910be84515e54e6fb60727e281deffc2a79e399a68a5d5
moderate,DetectDataset_clean_v2/test/images/video1373__f7b9dcb0775617e4.jpg,DetectDataset_clean_v2_motion_blur/moderate/images/video1373__f7b9dcb0775617e4.png,640,640,7,7,135,f7b9dcb0775617e4a56e201e5e76a81e0a1608907f12a1fb27bca3523b6ff4eb,5a15e448520eaa94fb8a0614a48c666730b4affc5d92ea1893d91277dcaf28b6
moderate,DetectDataset_clean_v2/test/images/video1374__6ac3d4baf1cb3c39.jpg,DetectDataset_clean_v2_motion_blur/moderate/images/video1374__6ac3d4baf1cb3c39.png,640,640,7,7,0,6ac3d4baf1cb3c39a6263e40e0a53536f75ca3ce81fdc4da18a8ea03eeb99e24,7a81ff70dbf188c4a78a5b06850ea7a8dd44a51a85ff2fdadea3d11f4b73be7c
moderate,DetectDataset_clean_v2/test/images/video1375__a2a17c833ac6fe18.jpg,DetectDataset_clean_v2_motion_blur/moderate/images/video1375__a2a17c833ac6fe18.png,640,640,7,7,90,a2a17c833ac6fe1883c1a4a825431790a372c1bbc998a3f4d359f2d865574e1b,e0124e16d8e60a59fd13214f0737955ab9e99559ad02bf7635bb80ee52bdb182
moderate,DetectDataset_clean_v2/test/images/video1375__e06aac4a9f0b92be.jpg,DetectDataset_clean_v2_motion_blur/moderate/images/video1375__e06aac4a9f0b92be.png,640,640,7,7,135,e06aac4a9f0b92be425c909375f84075a3ae0a9331ecd0ac869cc668dad7965a,44888fa0b5cd976498f8b59e0ac0088c8e6be721394d5c0a7a651326a9c69321
moderate,DetectDataset_clean_v2/test/images/video14_109__e10436844bab6d42.jpg,DetectDataset_clean_v2_motion_blur/moderate/images/video14_109__e10436844bab6d42.png,640,640,7,7,135,e10436844bab6d42ea5180bca09250843d8ccc67dd891c6ac525058dd44ee843,861ed3070a6044e5e4b23255f0b44c3bebb8e78cc8bab8e7197e0e3e9a71b968
moderate,DetectDataset_clean_v2/test/images/video14_115__1f6be58be08d940c.jpg,DetectDataset_clean_v2_motion_blur/moderate/images/video14_115__1f6be58be08d940c.png,640,640,7,7,0,1f6be58be08d940c019bc801a9b1ebc8abf231a84a60cd62db4a358c704a5ee1,866a42a8ce64fccb665aab1ff5b5ea6c416d3537bbfb1e6e5f0c87e71db1470c
moderate,DetectDataset_clean_v2/test/images/video14_116__9262a227b8483f48.jpg,DetectDataset_clean_v2_motion_blur/moderate/images/video14_116__9262a227b8483f48.png,640,640,7,7,45,9262a227b8483f48f66c05d8241290262c96477ff548d8d4839292cad1eeba6d,d097160d6ae037b6ec3448dedce6b300f2087cfdc46c87a977b00950d1074a23
moderate,DetectDataset_clean_v2/test/images/video14_120__1272ab049b79cc36.jpg,DetectDataset_clean_v2_motion_blur/moderate/images/video14_120__1272ab049b79cc36.png,640,640,7,7,90,1272ab049b79cc36298e022254697c25281d488fb15e24fc3cb2ade9cd52a0e9,bff6548103c47f5b5d06509adc2f1c7ba38a9680e3220d585a38ecaa4cce997d
moderate,DetectDataset_clean_v2/test/images/video14_130__3bd2745151de86ab.jpg,DetectDataset_clean_v2_motion_blur/moderate/images/video14_130__3bd2745151de86ab.png,640,640,7,7,45,3bd2745151de86ab8f74608b74f9ce0dbe933c8f9dbf05c52fd69821700f928f,5e955192b87a5822f4f4386ea7fd5a93416bfe1a0d1afb3c6ab4b2ab36017ef3
moderate,DetectDataset_clean_v2/test/images/video14_142__0e8f6fc478927996.jpg,DetectDataset_clean_v2_motion_blur/moderate/images/video14_142__0e8f6fc478927996.png,640,640,7,7,45,0e8f6fc4789279963d13b5d53bcea575e6ceb0b88d5ed1d4888c7f6c6f5719cf,75d33dbb044c87e9721d8fdbfe48cca021925ffb43b79209cd1c5a5a81a7dd39
moderate,DetectDataset_clean_v2/test/images/video14_142__ae8015946dec9dd5.jpg,DetectDataset_clean_v2_motion_blur/moderate/images/video14_142__ae8015946dec9dd5.png,640,640,7,7,135,ae8015946dec9dd503e669d5463f3066d7d62b8b3b3c83465c3f96339098c9ac,3b9b73382e35c4e929aacb594c7e35a888688e07f2b21886e06193ccbf582a9a
moderate,DetectDataset_clean_v2/test/images/video14_155__d086cdee6de7c9e7.jpg,DetectDataset_clean_v2_motion_blur/moderate/images/video14_155__d086cdee6de7c9e7.png,640,640,7,7,45,d086cdee6de7c9e7ed75ed6ee9d0bccf60c61ffdf1ef7daba0e31e9e59de74a9,8fea07aa972580b792352093f00bb79d7a23eabda49666b57155483ba57c1d46
moderate,DetectDataset_clean_v2/test/images/video14_162__805548057233c740.jpg,DetectDataset_clean_v2_motion_blur/moderate/images/video14_162__805548057233c740.png,640,640,7,7,90,805548057233c74046f8d831988a628aca4719010a8b9db4e7d036a7538c226a,dde04950a9ae0d637441874fd3608a0d739f941427f2e2ab27dd2ef5ad113d00
moderate,DetectDataset_clean_v2/test/images/video14_162__d7e88e72c8aabe9a.jpg,DetectDataset_clean_v2_motion_blur/moderate/images/video14_162__d7e88e72c8aabe9a.png,640,640,7,7,90,d7e88e72c8aabe9aa56571b256591e06ffb4cf47decaf1891d37d16f899dfd7c,99d300837e131c5a7fb18389e9f83dde332f134b3346fb39376250d68a3705e4
moderate,DetectDataset_clean_v2/test/images/video14_164__483583358e7e198b.jpg,DetectDataset_clean_v2_motion_blur/moderate/images/video14_164__483583358e7e198b.png,640,640,7,7,90,483583358e7e198b5c95861bdc437896113207454e7c25dcb8ecec2d11f750e5,453141ec1928c180cb4011e7cd7b3f395a52a1ae4a7dc5ca1ab880188f9b6e20
moderate,DetectDataset_clean_v2/test/images/video14_164__88ba591120e848a3.jpg,DetectDataset_clean_v2_motion_blur/moderate/images/video14_164__88ba591120e848a3.png,640,640,7,7,135,88ba591120e848a3cffca627a882798c429af024a5f2b1aeccc98dd251fcfd28,01d3a58daca6014eae5375259bb609307c0751a947ca5dc55a092afae63e1269
moderate,DetectDataset_clean_v2/test/images/video14_165__958b613c47d12f65.jpg,DetectDataset_clean_v2_motion_blur/moderate/images/video14_165__958b613c47d12f65.png,640,640,7,7,45,958b613c47d12f654cc92930ff18c6049fc5fc18e48cee9fdecbe1640bb260c4,0123c18001780e2007e48dfd964dad11d5c997afd5600c5bf13072f73f34b7f0
moderate,DetectDataset_clean_v2/test/images/video14_165__ba30960d57110e51.jpg,DetectDataset_clean_v2_motion_blur/moderate/images/video14_165__ba30960d57110e51.png,640,640,7,7,90,ba30960d57110e5117b29f64c5451f5e29b90a400b1a914d7ff0e9e910a6b061,88bf2c8934f6adf17929a08fca2801dc8e331ce5040e80c4ef7a620fa084eaf1
moderate,DetectDataset_clean_v2/test/images/video14_177__edde21a484dcc427.jpg,DetectDataset_clean_v2_motion_blur/moderate/images/video14_177__edde21a484dcc427.png,640,640,7,7,135,edde21a484dcc4275f37f489409ec1eb662bd217e0172cc85b8048401db898af,1b1b4afd8433f922a66befafb46f0eabe761132395b4e2e4d8d60cbb23d7f4eb
moderate,DetectDataset_clean_v2/test/images/video14_179__c0547804a42e1211.jpg,DetectDataset_clean_v2_motion_blur/moderate/images/video14_179__c0547804a42e1211.png,640,640,7,7,45,c0547804a42e12114205ab6cba57dc54e25526a4492556136a16f8880969cd5d,4c8846ead85be481d193b6417841725a875b757ddc1d9a7858dc34086700fd3f
moderate,DetectDataset_clean_v2/test/images/video14_179__f7af1d63adfd3616.jpg,DetectDataset_clean_v2_motion_blur/moderate/images/video14_179__f7af1d63adfd3616.png,640,640,7,7,0,f7af1d63adfd36162c8bdaba42ac41a32423241edc27f2896947d6f3dc91441d,8a5b10d45e4c8cffba2c20263ea7c553b3759f5154404832eb0baec88610bcb0
moderate,DetectDataset_clean_v2/test/images/video14_185__639e550152187a40.jpg,DetectDataset_clean_v2_motion_blur/moderate/images/video14_185__639e550152187a40.png,640,640,7,7,90,639e550152187a40b2ac625f442277b290991c6c07a90657adcc796aea57fcdc,f31b8e6a9077bfe5d1e75a3f93be0dba2d7d17cb294184f17f8330de32c1e071
moderate,DetectDataset_clean_v2/test/images/video14_185__80c97e3e168c400a.jpg,DetectDataset_clean_v2_motion_blur/moderate/images/video14_185__80c97e3e168c400a.png,640,640,7,7,135,80c97e3e168c400ac8814adee907abb6a5e43920899b5b0246d661094fbf0c57,c27933d521829076b354409d499c2ca0ffcb718ecc9ccba473ba34843980c912
moderate,DetectDataset_clean_v2/test/images/video14_188__2413ea03ade2e3d2.jpg,DetectDataset_clean_v2_motion_blur/moderate/images/video14_188__2413ea03ade2e3d2.png,640,640,7,7,45,2413ea03ade2e3d2f2dcb254140c47ccb9169fca762f89bee8800bc45804064e,228d6eed5b03f5c6ebd7eb2bcda710ac8ae20ab6334891a8f4577cc34847cf5c
moderate,DetectDataset_clean_v2/test/images/video14_191__01e46f150b309447.jpg,DetectDataset_clean_v2_motion_blur/moderate/images/video14_191__01e46f150b309447.png,640,640,7,7,0,01e46f150b3094475849166df2ecbf1ad471194c3ac4cfc7084002764287f5ea,c61d6e37503234eae055a040e8f7dcc6948a9645d9fd2a5770396a74bb5714bc
moderate,DetectDataset_clean_v2/test/images/video14_191__d59e9feddc09783a.jpg,DetectDataset_clean_v2_motion_blur/moderate/images/video14_191__d59e9feddc09783a.png,640,640,7,7,0,d59e9feddc09783a203aa2b3828c64c610ccd437a92114ea66916e064e5f28f5,5e6d994391f6889cd0986491bc709d5304c0eb4ac53b1083d988846c4ef5cf93
moderate,DetectDataset_clean_v2/test/images/video14_202__5b60171bcb3f8c64.jpg,DetectDataset_clean_v2_motion_blur/moderate/images/video14_202__5b60171bcb3f8c64.png,640,640,7,7,90,5b60171bcb3f8c64b80b8b76df2febe426e74adc749db57ba7e007901715f740,b46d0609cb6e4cc1c16874928ec126d53c544b3865a16c062aef7654394ea14b
moderate,DetectDataset_clean_v2/test/images/video14_207__968e3e654b7dd745.jpg,DetectDataset_clean_v2_motion_blur/moderate/images/video14_207__968e3e654b7dd745.png,640,640,7,7,45,968e3e654b7dd74592760c4d0cffc0e923324ab37d8232a21853288d3f51d109,78cf6f516e1293b1ce8355a7a927293c48731fcc9ecf5adad68fce685c29facf
moderate,DetectDataset_clean_v2/test/images/video14_40__0ebc1144b9023916.jpg,DetectDataset_clean_v2_motion_blur/moderate/images/video14_40__0ebc1144b9023916.png,640,640,7,7,90,0ebc1144b902391685a471c3963b61c248bd68b8e69f2d5c420c258c1a2c1649,72ed83600d302888b0d1708849fab624168f5e20b4d0541227bab664c30daf53
moderate,DetectDataset_clean_v2/test/images/video14_40__6e3623f5fe016fd1.jpg,DetectDataset_clean_v2_motion_blur/moderate/images/video14_40__6e3623f5fe016fd1.png,640,640,7,7,45,6e3623f5fe016fd1083d40ed71ae82fe353c86d024d0cacb8ec6fbaeaa17e876,2c0537acdcea0776a395127c5972022ab194ab9a3d7bf211204ce48919073309
moderate,DetectDataset_clean_v2/test/images/video14_42__17651b91bb6f7d97.jpg,DetectDataset_clean_v2_motion_blur/moderate/images/video14_42__17651b91bb6f7d97.png,640,640,7,7,135,17651b91bb6f7d97f99240deb1dbd9b69444da285e7222f1941a256847f2397c,444fcf2fde8096dbe8f6ee40e55b8af1bc5141fd78708cc4ed6323e4e357fd4c
moderate,DetectDataset_clean_v2/test/images/video14_52__44842a03c1f27e51.jpg,DetectDataset_clean_v2_motion_blur/moderate/images/video14_52__44842a03c1f27e51.png,640,640,7,7,45,44842a03c1f27e51b2a1f1435334bdd23c21f9766a3a12a25a48e54b652a0c7e,58692491cacb7580969054f4687c37f341b19f4534aee55513b0d30ed8f0586c
moderate,DetectDataset_clean_v2/test/images/video14_52__7ce50680b5c44624.jpg,DetectDataset_clean_v2_motion_blur/moderate/images/video14_52__7ce50680b5c44624.png,640,640,7,7,135,7ce50680b5c446240775f3ea1e4a4de2ca70f89100f2fa921df63c10ab479247,9ce448d31ecec81dd31a5c6a879e4c4ab1d53727ba91e9061bdfe0809259997b
moderate,DetectDataset_clean_v2/test/images/video14_53__97c2c8f2b91dfda0.jpg,DetectDataset_clean_v2_motion_blur/moderate/images/video14_53__97c2c8f2b91dfda0.png,640,640,7,7,45,97c2c8f2b91dfda0cda0b8555c19b1341917f4581e21cd417d4c3723e0ed2f18,3897ca5441b50b4b6540d3053209d95bb601b06ad9fc7ee53ad468ac10afd98b
moderate,DetectDataset_clean_v2/test/images/video14_53__c99c4282ff153596.jpg,DetectDataset_clean_v2_motion_blur/moderate/images/video14_53__c99c4282ff153596.png,640,640,7,7,45,c99c4282ff153596df8732505dcfebdbf42c82681545c6bad540b55a3a291f4c,f4997e6f7d04f7649f4aca5aff0df6d448cc3c1671876435f02900386aea8fb6
moderate,DetectDataset_clean_v2/test/images/video14_56__d10d70852d16efad.jpg,DetectDataset_clean_v2_motion_blur/moderate/images/video14_56__d10d70852d16efad.png,640,640,7,7,45,d10d70852d16efad70b215958f76680610031f28087d30066f7ab666b1719715,5f301582bf37bcc24f6af16be8f6243019a5cd23bad699a7aaf94b46632f04e3
moderate,DetectDataset_clean_v2/test/images/video14_59__3127d84b714c7e1e.jpg,DetectDataset_clean_v2_motion_blur/moderate/images/video14_59__3127d84b714c7e1e.png,640,640,7,7,45,3127d84b714c7e1e96e913e3f6b5ee4ad54ea190ea9c42cd72540fcec4282b17,3884f7dab545d5ba110c4f75582ea33b83f5ef4e6f870e2fee95b018df0b5882
moderate,DetectDataset_clean_v2/test/images/video14_59__87da9db9a94cb981.jpg,DetectDataset_clean_v2_motion_blur/moderate/images/video14_59__87da9db9a94cb981.png,640,640,7,7,135,87da9db9a94cb981e70c42f1f2f69c6cd90c9de397b5ddbc807a4642a77a0b58,4e72677448de214c68daa583e6a1a57aa00aa6f75e5c77da11393adf34a37eb6
moderate,DetectDataset_clean_v2/test/images/video14_60__408f5d275de53044.jpg,DetectDataset_clean_v2_motion_blur/moderate/images/video14_60__408f5d275de53044.png,640,640,7,7,90,408f5d275de5304444f1602cd6292cb7ee7f5acf1bd528d9619a14da3d40256e,77bf3eb39b979d9251395a6e152cb147ccde399aa4b3a3ab1b860d23472311b6
moderate,DetectDataset_clean_v2/test/images/video14_60__850226b6b24a9d0e.jpg,DetectDataset_clean_v2_motion_blur/moderate/images/video14_60__850226b6b24a9d0e.png,640,640,7,7,135,850226b6b24a9d0ea2d81d28cf6142183bb6c6dee0cfe3263ebc3bc96b126c38,44bb9090acc3458d64ecb82751cc11ac3d9f4e3e25ab003e9b39b82b50048746
moderate,DetectDataset_clean_v2/test/images/video14_64__8b35bb9b0be32482.jpg,DetectDataset_clean_v2_motion_blur/moderate/images/video14_64__8b35bb9b0be32482.png,640,640,7,7,45,8b35bb9b0be324827199df969b13ce72c6055320c63b6c81ecd63e7bfbba6d69,5ed3cb3e68e98b772beb13bfcd53dbf52669f326eb9e9ca0900d4dfde6911604
moderate,DetectDataset_clean_v2/test/images/video14_64__d2ef99884167903e.jpg,DetectDataset_clean_v2_motion_blur/moderate/images/video14_64__d2ef99884167903e.png,640,640,7,7,45,d2ef99884167903e3b1eae02102c3650057faafa983fc033c5928f7cc05de931,7912bb9903eedf78d3fd46e2453a7a4e01e9ef495cc9971a8b3a4d5be2d8d442
moderate,DetectDataset_clean_v2/test/images/video14_67__1efc409459ccd5bf.jpg,DetectDataset_clean_v2_motion_blur/moderate/images/video14_67__1efc409459ccd5bf.png,640,640,7,7,90,1efc409459ccd5bf9ae7e84bb8d335833a710c8919c55b10f88e2be336a555ed,f8319c6b1499c4839f2d4dc32f84ba5119c270e6be25abd8b2472d43de916802
moderate,DetectDataset_clean_v2/test/images/video14_67__3438a17eead24604.jpg,DetectDataset_clean_v2_motion_blur/moderate/images/video14_67__3438a17eead24604.png,640,640,7,7,90,3438a17eead24604a3ff86a4a45f41b432552717c78e54a4983b5a9052c0b79e,0d9c9811be91f497383b1380e459c9242f142be014a0e78583987951809a5ea5
moderate,DetectDataset_clean_v2/test/images/video14_68__13f6cdba54edc2f7.jpg,DetectDataset_clean_v2_motion_blur/moderate/images/video14_68__13f6cdba54edc2f7.png,640,640,7,7,0,13f6cdba54edc2f72317ad2f7cce416e9bdbf6f086ac4bf0351a933e9b559784,b5572a251b6ac57755bb091e38c126d633904b02450c7fcdd822b7d2bee8fec7
moderate,DetectDataset_clean_v2/test/images/video14_74__c369559b02616243.jpg,DetectDataset_clean_v2_motion_blur/moderate/images/video14_74__c369559b02616243.png,640,640,7,7,45,c369559b026162436243a5be9af88871fdb67a5bad12e6e9dbba04062f54a704,522535d83a6f28f7fc45c1a1848ec8f9ae9c54af90a4bc02f7059d06caa071d6
moderate,DetectDataset_clean_v2/test/images/video14_74__d9dce9a56299ef9a.jpg,DetectDataset_clean_v2_motion_blur/moderate/images/video14_74__d9dce9a56299ef9a.png,640,640,7,7,0,d9dce9a56299ef9ae48fd885592e8c5ed9bf04ee7614cdf1a94277d5afb69330,cb276463411ec504c38e64f23265837519a3905ffbe5d67b0522421153d7b8cc
moderate,DetectDataset_clean_v2/test/images/video14_86__8ad1a968a4896626.jpg,DetectDataset_clean_v2_motion_blur/moderate/images/video14_86__8ad1a968a4896626.png,640,640,7,7,135,8ad1a968a4896626d68b33b359505848db5274d081b0ab861896e574e58b7351,03824c27cdb74c30b895c3b79ea044d3db5fdf38e1292fb091dd5e3c3f2692fd
moderate,DetectDataset_clean_v2/test/images/video14_86__f4d6bbce6fa674d8.jpg,DetectDataset_clean_v2_motion_blur/moderate/images/video14_86__f4d6bbce6fa674d8.png,640,640,7,7,90,f4d6bbce6fa674d8ece79f357216ff12d94f2c9656a117f3c8f3c1f99056d132,4c161277054a7ddaa40d388a4076e653fce185b2312f6edef1ab4482077e2538
moderate,DetectDataset_clean_v2/test/images/video14__52d9e42eb6133b3d.jpg,DetectDataset_clean_v2_motion_blur/moderate/images/video14__52d9e42eb6133b3d.png,640,640,7,7,90,52d9e42eb6133b3deafbf32a2b43492ed1259f45774bc02c30fcadc1fca8a3ea,3c401b8ce8b52195f49cf69af14263c89ade1252dac42778047dcd91ca35b94c
moderate,DetectDataset_clean_v2/test/images/video14__90b10a64243901d1.jpg,DetectDataset_clean_v2_motion_blur/moderate/images/video14__90b10a64243901d1.png,640,640,7,7,135,90b10a64243901d1bf3c6921cc4b9797588309724fda448859408d0b3dc5916b,5b20475f274f48801d61791107bec7cc5fca4eb10e501885c2bf4f19a35082b1
moderate,DetectDataset_clean_v2/test/images/video15_305__6e2f5ca1fa8e7411.jpg,DetectDataset_clean_v2_motion_blur/moderate/images/video15_305__6e2f5ca1fa8e7411.png,640,640,7,7,90,6e2f5ca1fa8e7411a37c90c5dd51eb91046bb8196ff280d7f3edd13f436182a2,53fdaa2dc0c66508ff304c5064a506fe1c678b2b7308657dd048fef376afc309
moderate,DetectDataset_clean_v2/test/images/video15_305__b79c3cf4211f741e.jpg,DetectDataset_clean_v2_motion_blur/moderate/images/video15_305__b79c3cf4211f741e.png,640,640,7,7,135,b79c3cf4211f741e6c1f99a01170b5eccc4d66622f44a2451340a11c96c89568,267aa46f540bd0525223f027772e61240ae035aa6e3fb1cf4df0e4896f5ace62
moderate,DetectDataset_clean_v2/test/images/video15_330__5dc53f589f3c7a36.jpg,DetectDataset_clean_v2_motion_blur/moderate/images/video15_330__5dc53f589f3c7a36.png,640,640,7,7,135,5dc53f589f3c7a364473047a13930b6480847849ff8ae4f09383b7a254a0094b,0da2e9594331f1948072727d3a87010d0736914f63df1480dd3dd6eafe6d19a4
moderate,DetectDataset_clean_v2/test/images/video15_338__6b9689d7489f0c33.jpg,DetectDataset_clean_v2_motion_blur/moderate/images/video15_338__6b9689d7489f0c33.png,640,640,7,7,45,6b9689d7489f0c334d1252eeaba07007eeb6f4856ff9cdcaecc0ce9d082bd29b,e26d1152d003f58eafe95b6a596489280337377656cc2624553c25526cdbfab2
moderate,DetectDataset_clean_v2/test/images/video15_339__9dd1f7c1ede6bddb.jpg,DetectDataset_clean_v2_motion_blur/moderate/images/video15_339__9dd1f7c1ede6bddb.png,640,640,7,7,45,9dd1f7c1ede6bddb8301a880d79969f241fc7480b9e49b65f804184f6786c694,b7c6e27686477d1e45f0bc4a45c13d29dae0f93d00ecced6c5d8f23bf0f8f868
moderate,DetectDataset_clean_v2/test/images/video15_341__10e4dc88f1b2f002.jpg,DetectDataset_clean_v2_motion_blur/moderate/images/video15_341__10e4dc88f1b2f002.png,640,640,7,7,0,10e4dc88f1b2f002387356745d85ff29f67e8eaa65e66e00bc39bc4ade33c3b8,0e774678b5e3c1db1c674c8158666bb6df49743863f8c4849fea2741f6797617
moderate,DetectDataset_clean_v2/test/images/video15_341__c8e03a31ea05f2a4.jpg,DetectDataset_clean_v2_motion_blur/moderate/images/video15_341__c8e03a31ea05f2a4.png,640,640,7,7,90,c8e03a31ea05f2a4d60200ce9202eddc57e04aab5478e85c6bd0b53ee07c47e0,d27f6796c64f38c79bb975f69729dc2cf7a15d4e590f484adfe7723ffeb51be0
moderate,DetectDataset_clean_v2/test/images/video15_342__9a87eedc8a1fba3c.jpg,DetectDataset_clean_v2_motion_blur/moderate/images/video15_342__9a87eedc8a1fba3c.png,640,640,7,7,135,9a87eedc8a1fba3ca9319c6ef5433d68e026abd88d06ed498513cc668e9f8864,dfb0cbb39c8c008acd1748c64f569d886fd95f92439175c97a03510368c7c20d
moderate,DetectDataset_clean_v2/test/images/video15_346__024c0a2ed19a3933.jpg,DetectDataset_clean_v2_motion_blur/moderate/images/video15_346__024c0a2ed19a3933.png,640,640,7,7,135,024c0a2ed19a39331569c5f6bfb278ed99116049d475041779d433ade97f2f37,cf799074d0c9732f912654ae7b1997594192543b29ae57ca57dbf9144ae70840
moderate,DetectDataset_clean_v2/test/images/video15_348__413268ea8bc67cac.jpg,DetectDataset_clean_v2_motion_blur/moderate/images/video15_348__413268ea8bc67cac.png,640,640,7,7,135,413268ea8bc67cacfac4686107453bfa365081f9831707e34d2edd22b0be6c02,5d11e1370b1a4b8e4381f0753b5db9fad0e19e32d9c97e140ad4bd2d37dda7bb
moderate,DetectDataset_clean_v2/test/images/video15_349__fe83591f035f7f9d.jpg,DetectDataset_clean_v2_motion_blur/moderate/images/video15_349__fe83591f035f7f9d.png,640,640,7,7,90,fe83591f035f7f9db66a3f9c225e76e53bdbc513db6111f915b68b917ee98d9e,c451273bbe097b7407e96b4756cd489bc404fad766d23c823e59c07b8bb911b6
moderate,DetectDataset_clean_v2/test/images/video15_367__3764663a7c1b5b5b.jpg,DetectDataset_clean_v2_motion_blur/moderate/images/video15_367__3764663a7c1b5b5b.png,640,640,7,7,90,3764663a7c1b5b5b8901292e4aaebad46baae0f1bfc7460cc54ccf32860e42b0,3109f23443dd04e43de45659ead04dfea2d3547a4e6cfd98f3801daef4defcbe
moderate,DetectDataset_clean_v2/test/images/video15_371__25ca97d281bf1030.jpg,DetectDataset_clean_v2_motion_blur/moderate/images/video15_371__25ca97d281bf1030.png,640,640,7,7,0,25ca97d281bf1030fdfaff6873bc9cbc2633ce83d6a2302468c36149e188c0a0,3060b3b59972363c8583f72f9a46c8727bdfa34466edb55c95774571c02003b1
moderate,DetectDataset_clean_v2/test/images/video15_386__9c94b60d2c9e1197.jpg,DetectDataset_clean_v2_motion_blur/moderate/images/video15_386__9c94b60d2c9e1197.png,640,640,7,7,90,9c94b60d2c9e119790173f14e6b74c82c79172a6310050a90ff15377b5b9a265,f1a04e84c2a74673d5285eaaf99788ef5484ba556f30366380e34e7a8575fce4
moderate,DetectDataset_clean_v2/test/images/video15_411__69b36d85180a782e.jpg,DetectDataset_clean_v2_motion_blur/moderate/images/video15_411__69b36d85180a782e.png,640,640,7,7,45,69b36d85180a782e78b5663f63a754ca29d544f444d20a25682ecae2bea32b25,fb7c522c83b7eb8f6e25c26aa9dd318b59c056d4beeb4a56033b3f24343d3906
moderate,DetectDataset_clean_v2/test/images/video15_415__0488ea314f0beb3a.jpg,DetectDataset_clean_v2_motion_blur/moderate/images/video15_415__0488ea314f0beb3a.png,640,640,7,7,45,0488ea314f0beb3a5e0ec2122a6fab8181ee1d50bd89c2b009011bf05089e43a,3451bcdd83f18550057931c5aec4f5e4785c6ee16bb25d470979eda402d377e4
moderate,DetectDataset_clean_v2/test/images/video15_419__2fbb3a8a0715ff28.jpg,DetectDataset_clean_v2_motion_blur/moderate/images/video15_419__2fbb3a8a0715ff28.png,640,640,7,7,45,2fbb3a8a0715ff2819f3edf772c95c18666153573e2468ee5b6e763d0b935ff1,001fd4b2e35014b5e91f52045c428fc1690d6e47a21bbcba01764a7fa01550dc
moderate,DetectDataset_clean_v2/test/images/video15_436__ee6142e24cb10292.jpg,DetectDataset_clean_v2_motion_blur/moderate/images/video15_436__ee6142e24cb10292.png,640,640,7,7,135,ee6142e24cb102926117f482e818e5929667466fc7ef56c96a6140a7875502b2,1ccf63a38160ca8b0386e110d0881a725e22e540d12714aa1c43c988f0de2565
moderate,DetectDataset_clean_v2/test/images/video15_438__5b2112a89935da12.jpg,DetectDataset_clean_v2_motion_blur/moderate/images/video15_438__5b2112a89935da12.png,640,640,7,7,135,5b2112a89935da12714d1520f8f4d9a8bf4b1e9d07b3c3caf3d9340db437407f,d8f574694fb1d5b8d581f75caea38f3634b30370fcbf15f644b96e9970409e2e
moderate,DetectDataset_clean_v2/test/images/video15_441__d711611e1271a230.jpg,DetectDataset_clean_v2_motion_blur/moderate/images/video15_441__d711611e1271a230.png,640,640,7,7,135,d711611e1271a23082c1410f5353e72723918477f8e7f27317d2f7635994a2e9,fb2819e170ac437c228f451be9d4e6ee22bca25a3ae1933346610ad07292179b
moderate,DetectDataset_clean_v2/test/images/video15_476__92eaac958b3307f5.jpg,DetectDataset_clean_v2_motion_blur/moderate/images/video15_476__92eaac958b3307f5.png,640,640,7,7,135,92eaac958b3307f5cc407d12ac6d2624a72dc10fd7a296e953bece1bc0549039,1b08c826a2355e432d38cca8b723da3b441f5e089b2fc7cce97dc83cfdaa7943
moderate,DetectDataset_clean_v2/test/images/video16_108__535f32215dc632bc.jpg,DetectDataset_clean_v2_motion_blur/moderate/images/video16_108__535f32215dc632bc.png,640,640,7,7,45,535f32215dc632bc462986cb8e85ad78dffc09752a1bc4cc8cef87300dc5df64,0c6af489ca2caf1faeaab7a3c5fe72d53b725543fd9b5397aea8e79087aa81cc
moderate,DetectDataset_clean_v2/test/images/video16_121__608e1b7a1c62cc44.jpg,DetectDataset_clean_v2_motion_blur/moderate/images/video16_121__608e1b7a1c62cc44.png,640,640,7,7,0,608e1b7a1c62cc44aea96058a0540382f6f52d2c87856aab19911b0f8d6542c8,969b135a7902493ad279ef5382d85df0efbddca40b1ff271393c9ba14c7b0a74
moderate,DetectDataset_clean_v2/test/images/video16_121__c69a7e2cd6286c37.jpg,DetectDataset_clean_v2_motion_blur/moderate/images/video16_121__c69a7e2cd6286c37.png,640,640,7,7,135,c69a7e2cd6286c3735eb137835a2536c1fc3ca3656e0bd0154d1565f3945ca63,48f71206c709f62b259abff7d87ed85194dbd41414f891b605905fb4958ce538
moderate,DetectDataset_clean_v2/test/images/video16_134__6bc9551e08a679d8.jpg,DetectDataset_clean_v2_motion_blur/moderate/images/video16_134__6bc9551e08a679d8.png,640,640,7,7,0,6bc9551e08a679d83e7a2f8388e3304b46faee4ede31696584968223c791b42f,fc023d2b16248597ff831aa06f2a9f1fdae0d38c8a32ab23b316bbf745c1c108
moderate,DetectDataset_clean_v2/test/images/video16_142__ad9e48caf4e1cb76.jpg,DetectDataset_clean_v2_motion_blur/moderate/images/video16_142__ad9e48caf4e1cb76.png,640,640,7,7,90,ad9e48caf4e1cb76090ea7199514ce9c340f084998da9942ce90390b1b094a86,50b65b975da3e9f01d15e9712ce3fdd72788a84b5496299716489812c0fa20ae
moderate,DetectDataset_clean_v2/test/images/video16_142__d32d8a4ad750a564.jpg,DetectDataset_clean_v2_motion_blur/moderate/images/video16_142__d32d8a4ad750a564.png,640,640,7,7,0,d32d8a4ad750a56487a851e46befdf36eff0e432ffd24a06fc20402c37d58060,bb78dae1739c05909a3a434ab70a29323f0fded120ac17854992e2e550b0e500
moderate,DetectDataset_clean_v2/test/images/video16_162__8cb7c5871b7f1db9.jpg,DetectDataset_clean_v2_motion_blur/moderate/images/video16_162__8cb7c5871b7f1db9.png,640,640,7,7,135,8cb7c5871b7f1db9a24ff3846cea6639d83733e04680feb2e40e8873edaa9c04,213c6e0d440151242e645aab07b4c5ad723659a6e51e41560e0cf105d06792d2
moderate,DetectDataset_clean_v2/test/images/video16_162__cf3836b5f99c7058.jpg,DetectDataset_clean_v2_motion_blur/moderate/images/video16_162__cf3836b5f99c7058.png,640,640,7,7,135,cf3836b5f99c70581ff24d1f345870acac56cd624c88cef300c3832cdbdc4dfe,0626ea8906196c5c344f838a149b0f9ea386b37962e86c0e5c6828911af9ce4e
moderate,DetectDataset_clean_v2/test/images/video16_171__0b4e851169a91462.jpg,DetectDataset_clean_v2_motion_blur/moderate/images/video16_171__0b4e851169a91462.png,640,640,7,7,0,0b4e851169a914625a3e9ddda552648391cf2888e2f969d168e359332f1da728,420dc48cd6fb891af76d7cf02330f6fd6c88368a847c3c6825fc64cd061a4242
moderate,DetectDataset_clean_v2/test/images/video16_203__0ff5b505bbcce167.jpg,DetectDataset_clean_v2_motion_blur/moderate/images/video16_203__0ff5b505bbcce167.png,640,640,7,7,0,0ff5b505bbcce1672ea47c6a975d03d207d0ccba91c8ad9f48fa86c5b5174efd,85fefc5a2c55a396b849dc2042c681cbe062f38e9be6f78838cd649b4198cf83
moderate,DetectDataset_clean_v2/test/images/video16_203__84930ddbb346fa03.jpg,DetectDataset_clean_v2_motion_blur/moderate/images/video16_203__84930ddbb346fa03.png,640,640,7,7,135,84930ddbb346fa03b9a65ca01135cf2029c6a0683c4161b9085fc1fb424ecbe2,4c949c407a2642309b453a834a7c158f4c8465d06ab943476376c3ef043db71f
moderate,DetectDataset_clean_v2/test/images/video16_208__858fef7a0b86e61e.jpg,DetectDataset_clean_v2_motion_blur/moderate/images/video16_208__858fef7a0b86e61e.png,640,640,7,7,45,858fef7a0b86e61e126f6ebfdcd93ae78e0e682a00dad866881fb282a820d1cd,6397b5104566ec2774cfc7616faf0ea17fbafafd5cbcf437b7a3a4399cc815ec
moderate,DetectDataset_clean_v2/test/images/video16_210__c6b4bdc8d592f444.jpg,DetectDataset_clean_v2_motion_blur/moderate/images/video16_210__c6b4bdc8d592f444.png,640,640,7,7,90,c6b4bdc8d592f4446d29221f0b2555887ddb584c82c6d18a73893471e917e994,776e878418464e49c2a7100524410525252abd28be85a26fe54f63b937a957ea
moderate,DetectDataset_clean_v2/test/images/video16_210__f1627cc2588852a9.jpg,DetectDataset_clean_v2_motion_blur/moderate/images/video16_210__f1627cc2588852a9.png,640,640,7,7,90,f1627cc2588852a974f0cfcc83110f6161be691d24f400aee366ddd57349e63e,690e291da3e8bc03b1c2d9e0b7459a752e589aa78c681dec2b9a938ff3d07ad5
moderate,DetectDataset_clean_v2/test/images/video16_218__ed6f19213b7ad69a.jpg,DetectDataset_clean_v2_motion_blur/moderate/images/video16_218__ed6f19213b7ad69a.png,640,640,7,7,90,ed6f19213b7ad69ad702136bb1e8b311affe631b0930b206d89fbdde05e9672c,7460d1cad2f515df0819c334dbc33607f3eaae9fd92123e2a810275a9ac1495c
moderate,DetectDataset_clean_v2/test/images/video16_220__62671ef3b4399b54.jpg,DetectDataset_clean_v2_motion_blur/moderate/images/video16_220__62671ef3b4399b54.png,640,640,7,7,90,62671ef3b4399b5491fbcf44936aeded29fbb51c3503fc29edc5a4568094c259,38398760abee8afdf6a43947b704d13c4b0cd5b74932f766568a3227ca02f90f
moderate,DetectDataset_clean_v2/test/images/video16_220__ade661d03a166a77.jpg,DetectDataset_clean_v2_motion_blur/moderate/images/video16_220__ade661d03a166a77.png,640,640,7,7,45,ade661d03a166a77dc3c0219803a407bbca13e10354a5bacbfdaa4a8b002b4b2,54439f187d569d91b977bd409ebfa4df8569331feb93c5ac577247a3b3657315
moderate,DetectDataset_clean_v2/test/images/video16_221__8b3f6aa80fa7086f.jpg,DetectDataset_clean_v2_motion_blur/moderate/images/video16_221__8b3f6aa80fa7086f.png,640,640,7,7,0,8b3f6aa80fa7086f324e0424fc9bc4e13f39369f9aa73cde8db97312c0311742,453243554b2e57ff8778116da83c944204c49c3ef16888bb6b55d9e0e919e3c7
moderate,DetectDataset_clean_v2/test/images/video16_221__d3032cd204704c89.jpg,DetectDataset_clean_v2_motion_blur/moderate/images/video16_221__d3032cd204704c89.png,640,640,7,7,45,d3032cd204704c8953dc613c7cc48b8fcdd01ba524e58603c177b74e48456d4d,b8ffd24cdd7a5dec550d8b5f40aac1878fc250aa5b19802a77ea0f7e82ba6ca8
moderate,DetectDataset_clean_v2/test/images/video16_227__17f7cc75d1ff143a.jpg,DetectDataset_clean_v2_motion_blur/moderate/images/video16_227__17f7cc75d1ff143a.png,640,640,7,7,90,17f7cc75d1ff143a72546e587d9f43019c79da7d46ac2c0b1a3f38b4eb4f38da,a9f8f3b3f49f2841f065bc900c7b11df7916dc95ee7e741c48e97b222061e07a
moderate,DetectDataset_clean_v2/test/images/video16_227__f0f6422c3569866b.jpg,DetectDataset_clean_v2_motion_blur/moderate/images/video16_227__f0f6422c3569866b.png,640,640,7,7,45,f0f6422c3569866b3669fd1a8b742d35a62ca4b8ecd6cc7e6f64732cbb9a87af,adb284a251b2657eb6003b3b542d17c51e8b9c2f678016fbcc20683044e0955e
moderate,DetectDataset_clean_v2/test/images/video16_229__93ce7227ed7d7aab.jpg,DetectDataset_clean_v2_motion_blur/moderate/images/video16_229__93ce7227ed7d7aab.png,640,640,7,7,45,93ce7227ed7d7aab55dddfe27fca5bbdd875aafc01e2535be7251229811e4c2b,ba8c7f0e2f4770730766be6cca41312b888217c2b5bce7bb62862b6a43159045
moderate,DetectDataset_clean_v2/test/images/video16_230__059e9a2598411e1b.jpg,DetectDataset_clean_v2_motion_blur/moderate/images/video16_230__059e9a2598411e1b.png,640,640,7,7,135,059e9a2598411e1bf2d4902d110462849d985a67ed6dce8940b6d2a9e1bb40f9,5102b9865d4aa01cb34f2f137b7ce2ae76af7d259a4e6e299af63fd0a5e9efa8
moderate,DetectDataset_clean_v2/test/images/video16_230__d13a566980521a23.jpg,DetectDataset_clean_v2_motion_blur/moderate/images/video16_230__d13a566980521a23.png,640,640,7,7,0,d13a566980521a23314f4b555731d24557f0080afab459833488efef00881641,4c7bdb0507a26b0fe66770a63ecd78c60e1a5eb46c7083d7c5c86a7527ff5379
moderate,DetectDataset_clean_v2/test/images/video16_237__191e7182428874ff.jpg,DetectDataset_clean_v2_motion_blur/moderate/images/video16_237__191e7182428874ff.png,640,640,7,7,45,191e7182428874ffbf5a911e545070e20c396a4356618e34922207d0e70a49d6,fb25c9df3efdf299d65c7db07a33e7acfa196ace2a0a243176e2ea16e26ed5ae
moderate,DetectDataset_clean_v2/test/images/video16_237__e18981a572108e8c.jpg,DetectDataset_clean_v2_motion_blur/moderate/images/video16_237__e18981a572108e8c.png,640,640,7,7,90,e18981a572108e8c7aafaaa403cec3529b2f89a104e6f28d1edcb1aa1843473a,5b410ddc2a68182fb46ce1446a9b159a7fdb4ec1548a791c727abdaa7df32cc1
moderate,DetectDataset_clean_v2/test/images/video16_239__127e586a70ece58e.jpg,DetectDataset_clean_v2_motion_blur/moderate/images/video16_239__127e586a70ece58e.png,640,640,7,7,0,127e586a70ece58ebddc9ebce1d6e1fd1e6200277671644e2feca586d1bb9b3b,678b44ea921b06167f693c8a195d7aa349274007522632decfce9604ea4879c2
moderate,DetectDataset_clean_v2/test/images/video16_239__775124c2cc4e5753.jpg,DetectDataset_clean_v2_motion_blur/moderate/images/video16_239__775124c2cc4e5753.png,640,640,7,7,135,775124c2cc4e57535facd6e9a5ef679a8cd5ae584fe3ceb5965d0c569cb8a288,7e077f5934353b4be8b5de31e41f36ba2d86272498bf10bb366f52fe47f9e31d
moderate,DetectDataset_clean_v2/test/images/video16_247__89cd804b50a67424.jpg,DetectDataset_clean_v2_motion_blur/moderate/images/video16_247__89cd804b50a67424.png,640,640,7,7,135,89cd804b50a67424c6bd8018e21771fae74b012577e4113a1f65d1204febf12a,fd7930c899f1551cf458d23c2a9f420265eca163d93245ea7334ff2e9ee7fd9e
moderate,DetectDataset_clean_v2/test/images/video16_249__d25bcef439e43e5a.jpg,DetectDataset_clean_v2_motion_blur/moderate/images/video16_249__d25bcef439e43e5a.png,640,640,7,7,0,d25bcef439e43e5aae8cd300a5cf9c3efc3fbc581c1edfbdded3cc44a680d1a4,8dbcfe4f17c1c9bb2aebcfcd7fac90c99a39f46ad155161c541e6f51d175d178
moderate,DetectDataset_clean_v2/test/images/video16_257__b315e3cc8190354e.jpg,DetectDataset_clean_v2_motion_blur/moderate/images/video16_257__b315e3cc8190354e.png,640,640,7,7,45,b315e3cc8190354efa840e6a1b846a5cd3bb374ea6195f9cd0d4a03e9b9f72c4,12ce3a84bc623158612e989a65219309af2b603219c9f053f1787b35debf1250
moderate,DetectDataset_clean_v2/test/images/video16_259__1404a2bd2c06976f.jpg,DetectDataset_clean_v2_motion_blur/moderate/images/video16_259__1404a2bd2c06976f.png,640,640,7,7,90,1404a2bd2c06976f7c005a2e388ca003bac33c5192e3573a1abdda0f50c085c2,c62e72712eebb209924c05c8bb6ff9cd50d978c1cdd128cc5ad8a8b3ab309a55
moderate,DetectDataset_clean_v2/test/images/video16_326__25c6dab1624ad7c4.jpg,DetectDataset_clean_v2_motion_blur/moderate/images/video16_326__25c6dab1624ad7c4.png,640,640,7,7,0,25c6dab1624ad7c4de1f0e9edd9a7a741f8c08d29a9cc1d06be34ff6c7449cdd,1ccea36feb23e55051fb1ab739492d1498a09d21385fcd38c13920da0a02077e
moderate,DetectDataset_clean_v2/test/images/video16_328__8f9e8dd5580707ac.jpg,DetectDataset_clean_v2_motion_blur/moderate/images/video16_328__8f9e8dd5580707ac.png,640,640,7,7,135,8f9e8dd5580707ac2a719c2f0c004896f99a3b7c33175609206a6dfb57e3f7ae,921ba11f398c085ab55c2a91f787f4055f916cffe5b363d6d3db67f306f972b7
moderate,DetectDataset_clean_v2/test/images/video16_338__de8c9c20990d511c.jpg,DetectDataset_clean_v2_motion_blur/moderate/images/video16_338__de8c9c20990d511c.png,640,640,7,7,0,de8c9c20990d511c44f6284e3fef8edb55bf2c42eed01e311bfe33c6a5f66867,cf63b91b9da90726aa7cf689e7e278c15d27064d928509940af12ce2c925db49
moderate,DetectDataset_clean_v2/test/images/video16_349__eb8ea8e33e03ecd6.jpg,DetectDataset_clean_v2_motion_blur/moderate/images/video16_349__eb8ea8e33e03ecd6.png,640,640,7,7,45,eb8ea8e33e03ecd6e7403ec51b3c8eb5ef3a3a4ed900cabc9018b32ed8ce5804,bf3f7a03653c016138c5e88e0eb2130343915a32682bfcf20dda3c85356b3848
moderate,DetectDataset_clean_v2/test/images/video16_350__5d4edaed865e4692.jpg,DetectDataset_clean_v2_motion_blur/moderate/images/video16_350__5d4edaed865e4692.png,640,640,7,7,45,5d4edaed865e469215caa51be92b24144cb4c8b579e40a41875445cf605b8b1c,92c155e69468f810ddaf60789399655b59012616a46e9bc589f64d94fdafea16
moderate,DetectDataset_clean_v2/test/images/video16_354__56f88952189b7021.jpg,DetectDataset_clean_v2_motion_blur/moderate/images/video16_354__56f88952189b7021.png,640,640,7,7,45,56f88952189b7021d3c01b5b7bcb1c4882ac35e90521005810f9025e7269e175,f90035433ad4f50c7536a100b064b2aa3d40ab8b64068cfaeb6003e5fab43bda
moderate,DetectDataset_clean_v2/test/images/video16_354__93ca3489170f0e44.jpg,DetectDataset_clean_v2_motion_blur/moderate/images/video16_354__93ca3489170f0e44.png,640,640,7,7,135,93ca3489170f0e444ab6ce1732c18ee03a25e343716a21c10d920168344af27c,b4e2f0f32fdf8f2aec86d8ea679c36b219cefa6a61e27371ca8a42d8c1e7dc15
moderate,DetectDataset_clean_v2/test/images/video16_356__d300f191052cdef7.jpg,DetectDataset_clean_v2_motion_blur/moderate/images/video16_356__d300f191052cdef7.png,640,640,7,7,0,d300f191052cdef76be89983f178a5fb8c28dd4666f33a5c0ee8aa1b8062d991,fd147f967c9a4f40beafa23770867b0237555c008e8816380a67578fc23feb3b
moderate,DetectDataset_clean_v2/test/images/video16_363__81a11899c48f2cf4.jpg,DetectDataset_clean_v2_motion_blur/moderate/images/video16_363__81a11899c48f2cf4.png,640,640,7,7,45,81a11899c48f2cf4c90984864b3b9581399ea48c34f51f73ebc37be1c479daab,139e5f2dcda5f1b34de3868414cfb42d27fe5ef4d740fd52f3e0d8495a45b1d1
moderate,DetectDataset_clean_v2/test/images/video16_365__74c2c41beaad6c92.jpg,DetectDataset_clean_v2_motion_blur/moderate/images/video16_365__74c2c41beaad6c92.png,640,640,7,7,0,74c2c41beaad6c92c11114744ba0120f9d556241d20650764dd4fa638d735345,8a2d9188ae530b6bd4586a1ae370a0b61b5d18a126e86c085fdd463d448ee1c5
moderate,DetectDataset_clean_v2/test/images/video16_374__51e150af5f6d27ce.jpg,DetectDataset_clean_v2_motion_blur/moderate/images/video16_374__51e150af5f6d27ce.png,640,640,7,7,135,51e150af5f6d27ceb93928f4c5dcc12894fcd46d0f0669d7e71e172e337c7dd9,24b2c881596ce5be66eceaa694db6c01ccd3d9cc83223ac4829267d78bba9ceb
moderate,DetectDataset_clean_v2/test/images/video16_374__edeed6f1a32d02f7.jpg,DetectDataset_clean_v2_motion_blur/moderate/images/video16_374__edeed6f1a32d02f7.png,640,640,7,7,45,edeed6f1a32d02f70648daac8d0d15aadb05caf6aefa85ea5cec4d6c7a301eb0,42dcdcdbcbaa3c4e7123cf9ed04ad7e04394df46e8488ce553b67c60660bedf2
moderate,DetectDataset_clean_v2/test/images/video16_376__2cd033978f35e2e9.jpg,DetectDataset_clean_v2_motion_blur/moderate/images/video16_376__2cd033978f35e2e9.png,640,640,7,7,0,2cd033978f35e2e99b9c318b71663012eb2d8b7fd6cdfb9583f1a5cf868bc795,13b2a98943218117ffcc399d36afaae96bd7ac385a400c12585d02eaa547b994
moderate,DetectDataset_clean_v2/test/images/video16_377__a842370fee9af029.jpg,DetectDataset_clean_v2_motion_blur/moderate/images/video16_377__a842370fee9af029.png,640,640,7,7,45,a842370fee9af02905cc590b84fd236c2f75d5d0687f2ec76cc94a241a5a3412,9ab843af627637759bbf337cf1f7ea18b48a8eb0076a848f6d633fedf7b86b69
moderate,DetectDataset_clean_v2/test/images/video16_377__c16b8f95f84e5d02.jpg,DetectDataset_clean_v2_motion_blur/moderate/images/video16_377__c16b8f95f84e5d02.png,640,640,7,7,45,c16b8f95f84e5d024c6bb865d59a5d2a95dc62e7cfe641c0592fa5e395fa6a2d,9b07a790d848b8dab36a9c6dd82f54bca022c52071a34a344ce982476fe9898f
moderate,DetectDataset_clean_v2/test/images/video16_383__dbd828490a25aabb.jpg,DetectDataset_clean_v2_motion_blur/moderate/images/video16_383__dbd828490a25aabb.png,640,640,7,7,90,dbd828490a25aabb9c31ee45cc51d3446f42dc0b2ac635993e62fcf764d54ecf,00d1d6e43b631cd7e6f11a29338f0c66ac3e35574571a6c4eb9fb319a89d6df2
moderate,DetectDataset_clean_v2/test/images/video16_388__35d205e045dc12de.jpg,DetectDataset_clean_v2_motion_blur/moderate/images/video16_388__35d205e045dc12de.png,640,640,7,7,45,35d205e045dc12de5c95d6980adef6d32940fbdcbfe285248332cc15451f7192,4b325f628f4f8f8125c59bc0fc2c247448724d0263a635c8ed7fca2db0809366
moderate,DetectDataset_clean_v2/test/images/video16_388__d48be18491621b02.jpg,DetectDataset_clean_v2_motion_blur/moderate/images/video16_388__d48be18491621b02.png,640,640,7,7,45,d48be18491621b027e9646a3d4d3ccf58fe53a236966297284707ef4701202bf,cb11ecf6e0bc98b12849524a9be7f2cd0ca62ada50d013d75da87d05b4f5a3b1
moderate,DetectDataset_clean_v2/test/images/video16_408__743a42e73964fe48.jpg,DetectDataset_clean_v2_motion_blur/moderate/images/video16_408__743a42e73964fe48.png,640,640,7,7,90,743a42e73964fe48fabcac98c45d8a03b2493c09f813157c5a2905eca9a838bc,af21b4caa2e5025ae20348e55ca12a98acf622241d6e1f3819d67441efeeefb2
moderate,DetectDataset_clean_v2/test/images/video16_408__e6db778f8907523a.jpg,DetectDataset_clean_v2_motion_blur/moderate/images/video16_408__e6db778f8907523a.png,640,640,7,7,0,e6db778f8907523ad70dc29ac037f0e88c96f3bc98f67d05e5dd5b1711e1e6de,d2dd437b3e1d1f11a6f579db23d6661e039adce0e36c25b7c4bd2366b315cba9
moderate,DetectDataset_clean_v2/test/images/video16_453__c10eeab514799863.jpg,DetectDataset_clean_v2_motion_blur/moderate/images/video16_453__c10eeab514799863.png,640,640,7,7,45,c10eeab514799863927570b42f335ca1f7dd1676de0f7c4ad9b9cde4c650165e,f67dd7b5c455984a0ca369588de8cae8ae762bda502df1a42a00245d764bec0d
moderate,DetectDataset_clean_v2/test/images/video16_466__e53f4f5816c7af54.jpg,DetectDataset_clean_v2_motion_blur/moderate/images/video16_466__e53f4f5816c7af54.png,640,640,7,7,45,e53f4f5816c7af5479e7bec8003ec4d153c96c90a0daf8d16eee18270e6fffc1,37269d556ba204e16c52a74c3e131a20eb6e44281e69c75c61caab9b1efaee59
moderate,DetectDataset_clean_v2/test/images/video16_471__94d7094ad6234383.jpg,DetectDataset_clean_v2_motion_blur/moderate/images/video16_471__94d7094ad6234383.png,640,640,7,7,0,94d7094ad62343830acd7a56719b57a8cfb740524ae280201f631a3de1327485,22acab8bd3316c26e2747d3ca8e6cd9b742873e83c79ec8c61e3dec6b44c1f5f
moderate,DetectDataset_clean_v2/test/images/video16_471__de16601aa4414d5a.jpg,DetectDataset_clean_v2_motion_blur/moderate/images/video16_471__de16601aa4414d5a.png,640,640,7,7,90,de16601aa4414d5ada426ec5ed0bc5ae31029569f169f621754dc82f16650850,9cf9e1c8cbd1972abfae40734773f7323867c036158368e06cf8b0a1e17293e7
moderate,DetectDataset_clean_v2/test/images/video16_476__26a369013edc7573.jpg,DetectDataset_clean_v2_motion_blur/moderate/images/video16_476__26a369013edc7573.png,640,640,7,7,45,26a369013edc7573b24f493721071dba277e62f1bf3cae696ede220a5a3f75a2,7dd478064e39feb5815f447f81be9cb913f7d398ee6f9526a61cded83a04155a
moderate,DetectDataset_clean_v2/test/images/video16_480__8b69490ee2b2b90e.jpg,DetectDataset_clean_v2_motion_blur/moderate/images/video16_480__8b69490ee2b2b90e.png,640,640,7,7,90,8b69490ee2b2b90e148d4c37cb5e36c0b755f5d6fe05433dee7cdc8eae498e1c,ffb20294a093fe9bf02669af60b59f3b3d4a4e7791ab9000bc215069d494fbce
moderate,DetectDataset_clean_v2/test/images/video16_485__467a6e01d5ea6533.jpg,DetectDataset_clean_v2_motion_blur/moderate/images/video16_485__467a6e01d5ea6533.png,640,640,7,7,135,467a6e01d5ea65330b89433ac876fb3931f5a314806568f5514102d01c699f10,3988798dd1ca17ece39d8f8bdd796c253132697baa7eb07b53bd99ad4d8dd517
moderate,DetectDataset_clean_v2/test/images/video16_495__f3e354c0e2f4b0c6.jpg,DetectDataset_clean_v2_motion_blur/moderate/images/video16_495__f3e354c0e2f4b0c6.png,640,640,7,7,0,f3e354c0e2f4b0c642a41515d4a0ad4d005c87923c4be6d01fbb5bb4d4385687,e37f0d5fd7c1b201b397dc8d6637b731d3a9c4c3d0deedf25bceb4df12fbda0c
moderate,DetectDataset_clean_v2/test/images/video16_496__ead63763037ca457.jpg,DetectDataset_clean_v2_motion_blur/moderate/images/video16_496__ead63763037ca457.png,640,640,7,7,0,ead63763037ca457e1c8d7521d3baf3a4a8f2236892422fbe80ca5899b069552,e32e767fbd87ef4e0ec13eaf6a26a7353ad124399b571d867c9c9ae9d6e672fe
moderate,DetectDataset_clean_v2/test/images/video16_498__7b43163807476dd7.jpg,DetectDataset_clean_v2_motion_blur/moderate/images/video16_498__7b43163807476dd7.png,640,640,7,7,45,7b43163807476dd7397c70b347b944fcb1443e5b53ea344c7f2ebcd7c03d3398,9d20ddec47b0ab7c7dfe8303313d0497e7c28d084b3a5226f74fae7490cb7a49
moderate,DetectDataset_clean_v2/test/images/video16_502__67c9c2febe2c1240.jpg,DetectDataset_clean_v2_motion_blur/moderate/images/video16_502__67c9c2febe2c1240.png,640,640,7,7,90,67c9c2febe2c1240ff1c56ff2f89ed911a5cc37a1db8c4fbe1c50071da2ed351,2eb0321bdcd3584a71fa7d31697d5d1d83254d07c867bca4bfdd78023e4e6e07
moderate,DetectDataset_clean_v2/test/images/video16_502__73ae32fa3997833c.jpg,DetectDataset_clean_v2_motion_blur/moderate/images/video16_502__73ae32fa3997833c.png,640,640,7,7,45,73ae32fa3997833cedd96426f0398d1a231a5d98feac1d42dd38cf06af7c0dff,bda2a40a1bc888d5a09631b8d72267b0e35732f322224ddfcd3df83808ab32a5
moderate,DetectDataset_clean_v2/test/images/video16_527__56318fe36e954934.jpg,DetectDataset_clean_v2_motion_blur/moderate/images/video16_527__56318fe36e954934.png,640,640,7,7,45,56318fe36e954934b861e6450daf540bad168cda13120b38682ca8a8f2cc83ee,3ed1a181642983b86c0b6fe6a8555e423c4b1e3a6fd0a6759df16b06d24f8d20
moderate,DetectDataset_clean_v2/test/images/video16_543__9c4b3e86f552f9fd.jpg,DetectDataset_clean_v2_motion_blur/moderate/images/video16_543__9c4b3e86f552f9fd.png,640,640,7,7,45,9c4b3e86f552f9fd7da56dab0b94e11b98df9f0122ad4b0405bec4759c7344fb,52a3da6116c72815853954a0da61b60b423c4d7c163e8d0ea6941a22c5fead5d
moderate,DetectDataset_clean_v2/test/images/video16_543__cfe5d4d26c1e04a2.jpg,DetectDataset_clean_v2_motion_blur/moderate/images/video16_543__cfe5d4d26c1e04a2.png,640,640,7,7,135,cfe5d4d26c1e04a2b628c157f839b36f6c04be50c7b626f612452e2fa12a7b67,50b8c278e37d2fa0af8e9ad839ad8975de6a1532a047dde627d9050619aa0b1b
moderate,DetectDataset_clean_v2/test/images/video16_546__ee808f7e679bfdba.jpg,DetectDataset_clean_v2_motion_blur/moderate/images/video16_546__ee808f7e679bfdba.png,640,640,7,7,90,ee808f7e679bfdba8c7a36618e96e919bfdef08e965e65b1960ffe3ec328908a,dfb7041829642e9a95f057d4d6cd59d29b3879fc724833084b46d9bcc4c88b7c
moderate,DetectDataset_clean_v2/test/images/video16_562__19204d7e10951a1a.jpg,DetectDataset_clean_v2_motion_blur/moderate/images/video16_562__19204d7e10951a1a.png,640,640,7,7,90,19204d7e10951a1a54ffb6cc09e5b4bc516b1ffff6e0853975de514d69763a11,762e0ce43d802d73cc40a9f6adb358f3d115e6d4207a20afb89423b51dbca63e
moderate,DetectDataset_clean_v2/test/images/video16_567__f831a8a659f75b15.jpg,DetectDataset_clean_v2_motion_blur/moderate/images/video16_567__f831a8a659f75b15.png,640,640,7,7,45,f831a8a659f75b15412c34a1664cf6cdfc7294ef11a637b4d9d4ef866c4a7712,40a222286397799eb83157bf5c826ca2cd600d96c0b260fcd9e00bfe4cf82406
moderate,DetectDataset_clean_v2/test/images/video16_575__1a9c808d83b0148d.jpg,DetectDataset_clean_v2_motion_blur/moderate/images/video16_575__1a9c808d83b0148d.png,640,640,7,7,135,1a9c808d83b0148d6f3cd2b92950e33645d83e4e8572242fa97bb15589afd05a,889a0f1f1f1eb27f83236593b6657af9d3d24db035d9d0de46f72e6501d7b0f0
moderate,DetectDataset_clean_v2/test/images/video16_576__6c8e5fc08d7fa350.jpg,DetectDataset_clean_v2_motion_blur/moderate/images/video16_576__6c8e5fc08d7fa350.png,640,640,7,7,0,6c8e5fc08d7fa3502a88918a8043c815f4147747528007a7d328310c5341c5a5,0494adbc91b3f0c671f1045d6f2fff85c27b2986291e94ecf3904fc63035a387
moderate,DetectDataset_clean_v2/test/images/video16_577__0127225817230293.jpg,DetectDataset_clean_v2_motion_blur/moderate/images/video16_577__0127225817230293.png,640,640,7,7,0,01272258172302935ea272b51499bbe88d7f279f7e21c0a2ce1b61c3fa7f7162,16043b7adcd57d51027b9f2b67c90fc8ef86e977d565bad477f31bef89f64fe7
moderate,DetectDataset_clean_v2/test/images/video16_577__9b01cde40d225e83.jpg,DetectDataset_clean_v2_motion_blur/moderate/images/video16_577__9b01cde40d225e83.png,640,640,7,7,0,9b01cde40d225e833281bb1e278b86ad0eb173be5ea9e24940d3efe20f53943b,36dd8fc732ba928886cb25067f6d88ed1c1f9f0dc74a95c756b5b397e3bbd742
moderate,DetectDataset_clean_v2/test/images/video16_646__5b1be803b9185c2a.jpg,DetectDataset_clean_v2_motion_blur/moderate/images/video16_646__5b1be803b9185c2a.png,640,640,7,7,45,5b1be803b9185c2a86b60a7ffcce4f7aee8ccfdce1508aa606a23c71af7bb4d1,ea8113ca201ababc6fd8a1aaf8a4730ecabd6cc56793631392a148ad4e7fb248
moderate,DetectDataset_clean_v2/test/images/video16_651__740fbfb451d3b211.jpg,DetectDataset_clean_v2_motion_blur/moderate/images/video16_651__740fbfb451d3b211.png,640,640,7,7,135,740fbfb451d3b21154295a3f7ad7619b86f25b74ccd888cb7abd6983702d154e,08314c276f70c7a86dd4cc44e260f49e6981a64aec0d0e6bb1b20cf3863954e6
moderate,DetectDataset_clean_v2/test/images/video16_679__d24fa9e5cc679730.jpg,DetectDataset_clean_v2_motion_blur/moderate/images/video16_679__d24fa9e5cc679730.png,640,640,7,7,135,d24fa9e5cc679730088d9f46e258133fde325fc7290a4a6e676501b84c1b9fe9,970853048a62895a0a7cf4aee77309b0eafc5546f8cb56350d6ac20e27c79d14
moderate,DetectDataset_clean_v2/test/images/video16_687__39c81423687cdc95.jpg,DetectDataset_clean_v2_motion_blur/moderate/images/video16_687__39c81423687cdc95.png,640,640,7,7,90,39c81423687cdc956cd152a2eef014cb0b181dce11ce9cff5f59ed73ec40f803,3498e8ede51521c8a98d1b9b5c177f9d8a4b89a2b3bc0a934ade460a91e0909e
moderate,DetectDataset_clean_v2/test/images/video16_687__a8fb2e13dae8c009.jpg,DetectDataset_clean_v2_motion_blur/moderate/images/video16_687__a8fb2e13dae8c009.png,640,640,7,7,135,a8fb2e13dae8c009de00f4a4bf72baaab5d255c7dd58bd939e694f75176e5078,f23fd6039818dc30cb2b2cd98564c87e22bd0757314bc08561029e64e1f165ef
moderate,DetectDataset_clean_v2/test/images/video16_691__59c63cd2b5c99942.jpg,DetectDataset_clean_v2_motion_blur/moderate/images/video16_691__59c63cd2b5c99942.png,640,640,7,7,135,59c63cd2b5c99942d3ebe0c8a1dd98e2d9d32aa08434a44f13da6647c866253e,bf3ae7524a3bba0e329c1bed26f557bd421d2f283126c4b31bd522edbf671007
moderate,DetectDataset_clean_v2/test/images/video16_691__729375e0d8534a72.jpg,DetectDataset_clean_v2_motion_blur/moderate/images/video16_691__729375e0d8534a72.png,640,640,7,7,0,729375e0d8534a725f37510a6c3fca77e9b5975b1866d1847367958c24ac6917,2d11a8a27314f47dc6b8ef6a373fa4997a2b46ce1a7039f8b1324b87bee1eb29
moderate,DetectDataset_clean_v2/test/images/video16_728__9bf9b95769d70056.jpg,DetectDataset_clean_v2_motion_blur/moderate/images/video16_728__9bf9b95769d70056.png,640,640,7,7,90,9bf9b95769d70056a83229385b2f7d41c8827b481afe28f42bae406d078f4b8d,88ed6f781031d76a11db9890f52fadcfe2ccbd22acebe6af3e00ce6a4b4be089
moderate,DetectDataset_clean_v2/test/images/video16_83__e6c2d66b76cfc75e.jpg,DetectDataset_clean_v2_motion_blur/moderate/images/video16_83__e6c2d66b76cfc75e.png,640,640,7,7,45,e6c2d66b76cfc75e1a52a5dfd79eed8137b58cd8410192165ae1a43fa81b0e2b,4102998db94267dfccb5ae1053d18a7742041d23fef706f340b8f8fb23c54c02
moderate,DetectDataset_clean_v2/test/images/video16_83__fa8bfa7b1c0efc61.jpg,DetectDataset_clean_v2_motion_blur/moderate/images/video16_83__fa8bfa7b1c0efc61.png,640,640,7,7,0,fa8bfa7b1c0efc61a8ab9ae6e75e2b348ade35a7f816c6288d81a62e91322239,361262dc0443a595fe222c8245d2a63372fed00fadb194836ba106a3039643e0
moderate,DetectDataset_clean_v2/test/images/video16_85__03eaec22677fa33d.jpg,DetectDataset_clean_v2_motion_blur/moderate/images/video16_85__03eaec22677fa33d.png,640,640,7,7,0,03eaec22677fa33d9617215439c27174c9aaae754585d328d7193f2434c3e489,3f165c2fce39dd501dbdad6c5e2b6f2f5af2e44eb550c3381523f0c82c384bf8
moderate,DetectDataset_clean_v2/test/images/video16_95__bc51f05dd0af76ee.jpg,DetectDataset_clean_v2_motion_blur/moderate/images/video16_95__bc51f05dd0af76ee.png,640,640,7,7,45,bc51f05dd0af76eedf0c4c7bd339d070820f905700f240220e1ac0d2f7cb6f83,a99055798ee9b7a624bf5cd422db445ea64e84c69494af96b2329aea40ff1553
moderate,DetectDataset_clean_v2/test/images/video16_96__846836c0e9f2e6b5.jpg,DetectDataset_clean_v2_motion_blur/moderate/images/video16_96__846836c0e9f2e6b5.png,640,640,7,7,135,846836c0e9f2e6b5cba2226625df7260ef7cfcf522524f222a74ccec78f4db6f,ccd6816d3da44467eca30156b85e14edd130e0fbac42c14338e1f3c5832f78a6
moderate,DetectDataset_clean_v2/test/images/video16_98__1ac59800b180ebfd.jpg,DetectDataset_clean_v2_motion_blur/moderate/images/video16_98__1ac59800b180ebfd.png,640,640,7,7,135,1ac59800b180ebfdbf3ea83bfdac46f66622650d0063255b5edcaad2276bad44,d81e7f27774c0bc888941746a7418388d6d2eb871b39b442264e5c0b86d8b3d2
moderate,DetectDataset_clean_v2/test/images/video17_1001__354db9a8b80726f9.jpg,DetectDataset_clean_v2_motion_blur/moderate/images/video17_1001__354db9a8b80726f9.png,640,640,7,7,0,354db9a8b80726f9dff19dae507a9063206d18a23ab3f251aba868f4a789771c,e3ff5b8be7f07a3881a0dd5859d65aee20044f998f3dc1e717a3b85987ee38d9
moderate,DetectDataset_clean_v2/test/images/video17_1027__019377d2a315891a.jpg,DetectDataset_clean_v2_motion_blur/moderate/images/video17_1027__019377d2a315891a.png,640,640,7,7,90,019377d2a315891ae5d181b71a3b0c2f34576fe1723473667f43e0cc950c666f,0ec7b18a923efba44f69b0d19d5f6d497844d8a4e16e6a985e6e758613e05cbd
moderate,DetectDataset_clean_v2/test/images/video17_1027__4967f48ee4a1ee97.jpg,DetectDataset_clean_v2_motion_blur/moderate/images/video17_1027__4967f48ee4a1ee97.png,640,640,7,7,0,4967f48ee4a1ee97d2afd7460f3ebfa9012d38f7953a3e0a3ef2e633873e893c,7f320e52c14b31bde3c645273f93e03caf8f2c03f920a45cc40ff43a7b578887
moderate,DetectDataset_clean_v2/test/images/video17_1030__44b2872c28da5f8c.jpg,DetectDataset_clean_v2_motion_blur/moderate/images/video17_1030__44b2872c28da5f8c.png,640,640,7,7,0,44b2872c28da5f8cbef85d0546e4c58e3e92fb71a2aa3211afad5fc439e36829,5999c0fb44a66f924222f3bed177187d549082a18bf112d2c44720c71c1a5424
moderate,DetectDataset_clean_v2/test/images/video17_1047__90b10dbbb3404b70.jpg,DetectDataset_clean_v2_motion_blur/moderate/images/video17_1047__90b10dbbb3404b70.png,640,640,7,7,45,90b10dbbb3404b70b25ec5a363b3eb234ba3e05e9c5f3dec075b5381de2f0a2c,726077c0cf8d38d8a37936cb8c050b3dff7cb433bf5e8203890f5194a434a19a
moderate,DetectDataset_clean_v2/test/images/video17_1050__9270337491d39e7f.jpg,DetectDataset_clean_v2_motion_blur/moderate/images/video17_1050__9270337491d39e7f.png,640,640,7,7,135,9270337491d39e7fbc8eb29d568ea1b8b81daf1f745a9d2944221ab126bb11cc,39030dfa2c2e691f818633fc39f881d9352ae7d3844d3563f9e4efedb3a28021
moderate,DetectDataset_clean_v2/test/images/video17_1054__5e56d971fedce41a.jpg,DetectDataset_clean_v2_motion_blur/moderate/images/video17_1054__5e56d971fedce41a.png,640,640,7,7,0,5e56d971fedce41a8aad1c42724a0efadf4433efd951eb0cfd4688ddde46a715,f00d1358f5b9286d4a2b0c4afb3476f7706aeaf48c8503e341e6b8cbbb4a347f
moderate,DetectDataset_clean_v2/test/images/video17_1054__986023daaddc1f90.jpg,DetectDataset_clean_v2_motion_blur/moderate/images/video17_1054__986023daaddc1f90.png,640,640,7,7,45,986023daaddc1f903874bb33aeb26a463897516fa17986dbc1343c660bb52b77,2a0f8ff38663636e08b5d94e155a36b92f0f10207b26c371c3f44a1afa6ac27d
moderate,DetectDataset_clean_v2/test/images/video17_106__6dcaab643a68c6c7.jpg,DetectDataset_clean_v2_motion_blur/moderate/images/video17_106__6dcaab643a68c6c7.png,640,640,7,7,90,6dcaab643a68c6c756853f244c8466e99907273e15c19d00977506f02be5bcb7,ba11a346e6c63da5dc906479b73fc94f6fe5bea4f26c223afa9ce62121b5acfb
moderate,DetectDataset_clean_v2/test/images/video17_107__056b3681cdccd82c.jpg,DetectDataset_clean_v2_motion_blur/moderate/images/video17_107__056b3681cdccd82c.png,640,640,7,7,90,056b3681cdccd82cd23b60fe498b6bdd0f5760419df515ad305322921941e93e,297b29c740b6a1f85631d8b45bb402dd1438bddf76e7ae28ea29d6893788ba6f
moderate,DetectDataset_clean_v2/test/images/video17_107__92cd27e7479ea7e5.jpg,DetectDataset_clean_v2_motion_blur/moderate/images/video17_107__92cd27e7479ea7e5.png,640,640,7,7,90,92cd27e7479ea7e53aa98e89db6091ca1101a34e7d3af4c5a8ea719957c57b8d,b156602e28be3efc901757f6c89225808f013fd530b8d1f20fa83e58960953c5
moderate,DetectDataset_clean_v2/test/images/video17_1099__3e4af73ab5027431.jpg,DetectDataset_clean_v2_motion_blur/moderate/images/video17_1099__3e4af73ab5027431.png,640,640,7,7,90,3e4af73ab502743108231c7c74061e88889a5ae4a1380ebed42fc20d9b68928e,ed95751f406a64c44b2214be8d4d0ae98c0b8da27284396740f3ecbda481d2f8
moderate,DetectDataset_clean_v2/test/images/video17_1117__13d3c27098f49648.jpg,DetectDataset_clean_v2_motion_blur/moderate/images/video17_1117__13d3c27098f49648.png,640,640,7,7,90,13d3c27098f49648a7081bed2ff5178386b5fc7259fda4f3eaa865e6d9a00ed3,45a63f4f22beec5b004e745967129451be08691d06fd246cb61dfd819a4fe706
moderate,DetectDataset_clean_v2/test/images/video17_1117__4fd962fbcd7f9944.jpg,DetectDataset_clean_v2_motion_blur/moderate/images/video17_1117__4fd962fbcd7f9944.png,640,640,7,7,0,4fd962fbcd7f9944d6503165685b36764ed59d0667fa95e0bb62031badb6b065,bad72a03ab435c0829197fdf3958b4b6caf99e18f87e57065970ad20185633db
moderate,DetectDataset_clean_v2/test/images/video17_1131__8c14007f64715d5d.jpg,DetectDataset_clean_v2_motion_blur/moderate/images/video17_1131__8c14007f64715d5d.png,640,640,7,7,45,8c14007f64715d5d3cf7260914c8aa2c44395f1f241c5ef29fb89fd67d8cdd8d,aa053b06f1ca7d99344f84c99dcc867a98f4af96301e5cd2454622ef01d716c7
moderate,DetectDataset_clean_v2/test/images/video17_1156__1ce724042eb1270b.jpg,DetectDataset_clean_v2_motion_blur/moderate/images/video17_1156__1ce724042eb1270b.png,640,640,7,7,0,1ce724042eb1270b5f9902534f30f1efbc0bfcc510d5b177418248f0ae3aa37a,47247012548baa2296d60c3e852b9835c1926565f0752f147bdcca9436b884f7
moderate,DetectDataset_clean_v2/test/images/video17_1156__5c522f064b37be3e.jpg,DetectDataset_clean_v2_motion_blur/moderate/images/video17_1156__5c522f064b37be3e.png,640,640,7,7,0,5c522f064b37be3ec183993c31f4842aca681ae56421da508ebf4da976e1a9dd,58cb583cbc92468de60913cf14389365db21805aba3611ddc0d5b65107f5f21a
moderate,DetectDataset_clean_v2/test/images/video17_115__83924624c528216d.jpg,DetectDataset_clean_v2_motion_blur/moderate/images/video17_115__83924624c528216d.png,640,640,7,7,135,83924624c528216dca105ea47fd7877511c3fe4346de5cc092a32c0a9af8624e,c03e69ed91bfb98bfb06df181085d692739d853faacc115e2fdc82dc469c1915
moderate,DetectDataset_clean_v2/test/images/video17_120__5336d824d5c622d9.jpg,DetectDataset_clean_v2_motion_blur/moderate/images/video17_120__5336d824d5c622d9.png,640,640,7,7,90,5336d824d5c622d96097d2a32ca83a86b57a314d5bd04600c0eda7ffb398c12f,f9b43d21b3339e6f175a99e43d1f5b9c79b1a94b5c326f042e4cebd427c8a47b
moderate,DetectDataset_clean_v2/test/images/video17_120__e5d59bcd7f43e6cb.jpg,DetectDataset_clean_v2_motion_blur/moderate/images/video17_120__e5d59bcd7f43e6cb.png,640,640,7,7,90,e5d59bcd7f43e6cb77f9af2f16a42c2c5aa2c8c003f87d9b106c9aef4df65edb,3a0ec0334d0987af09455341f29f932eb39cae77935b85e99e0dcce1e0472cdf
moderate,DetectDataset_clean_v2/test/images/video17_1236__2ca635c8f5e835c7.jpg,DetectDataset_clean_v2_motion_blur/moderate/images/video17_1236__2ca635c8f5e835c7.png,640,640,7,7,45,2ca635c8f5e835c7a2f2720083e63fa799bd18079074cc6b8c3c326de8d4d769,fb1135831c7ce9149b6026b2c3c6d6b1fbcf234bdfdb2003bb8a5da58c63a379
moderate,DetectDataset_clean_v2/test/images/video17_1259__e07a62a685ec7e00.jpg,DetectDataset_clean_v2_motion_blur/moderate/images/video17_1259__e07a62a685ec7e00.png,640,640,7,7,0,e07a62a685ec7e00257ab6d0aafca45101b008c78917beb7acc025bfeea134ca,2452453193e5e2b541a48067a3784f7015fd547fe4af7deadcaf16eabcc2a39a
moderate,DetectDataset_clean_v2/test/images/video17_1265__aa0dde9c6026d4b6.jpg,DetectDataset_clean_v2_motion_blur/moderate/images/video17_1265__aa0dde9c6026d4b6.png,640,640,7,7,90,aa0dde9c6026d4b6b8ed609676567b1741ea2999e8c80a1dcc1a2e26fef52990,1493645cad214b5fd955d51670b1b18eae43fc8fe42925d177428e1650bcf1f4
moderate,DetectDataset_clean_v2/test/images/video17_128__6b7455890396c2ab.jpg,DetectDataset_clean_v2_motion_blur/moderate/images/video17_128__6b7455890396c2ab.png,640,640,7,7,0,6b7455890396c2abdee5e1ffdfc9de790c7cf633d967dc188ebc0fa70f7e7120,140ce6515202a0ee72704a5a2a7491c77ed3f22ed7177ec87cc020b6a013c2af
moderate,DetectDataset_clean_v2/test/images/video17_128__ff6221c242d3408f.jpg,DetectDataset_clean_v2_motion_blur/moderate/images/video17_128__ff6221c242d3408f.png,640,640,7,7,45,ff6221c242d3408f4b928788f6d885339841b9a6823f9774398a7a24c101d6d5,41fbf053aab95040c55a6a5e403a0628a071a490a5ea2b99e73c6c9002f23467
moderate,DetectDataset_clean_v2/test/images/video17_129__3a2df7bc87803c37.jpg,DetectDataset_clean_v2_motion_blur/moderate/images/video17_129__3a2df7bc87803c37.png,640,640,7,7,0,3a2df7bc87803c379b835429d4a806e48485e729dece6c8984136c6f50ed2aa1,e046ce75284b8a984a572765903dd7446a9c1455ca82613f38587810e10b2a54
moderate,DetectDataset_clean_v2/test/images/video17_130__fb0b1acd48bb070e.jpg,DetectDataset_clean_v2_motion_blur/moderate/images/video17_130__fb0b1acd48bb070e.png,640,640,7,7,45,fb0b1acd48bb070ee3082c4eaf29bd7cd128cf565b972d938972c15459b1c877,9961a4bb28b6484496ed979a99c9015fd4b8ab8975137d4db6b2720da6db0a14
moderate,DetectDataset_clean_v2/test/images/video17_146__e86d0aaa615e4daf.jpg,DetectDataset_clean_v2_motion_blur/moderate/images/video17_146__e86d0aaa615e4daf.png,640,640,7,7,90,e86d0aaa615e4dafb587bd350b2c2c439a3533da6818a94cfe46125c253161d9,a54716ff009e138ebfee41fcb907c343494b022c002bebde88309423b1a7a72b
moderate,DetectDataset_clean_v2/test/images/video17_147__18c21ae21ee90fb5.jpg,DetectDataset_clean_v2_motion_blur/moderate/images/video17_147__18c21ae21ee90fb5.png,640,640,7,7,135,18c21ae21ee90fb5d6f430547c59fa9a4eb3212185e3d657763cd8aa665e6448,45214c1b444b02e878a7be0a39ac0b49c5ad652d5711651d72895a758a7c4c8f
moderate,DetectDataset_clean_v2/test/images/video17_147__3ec8cd9a58c57706.jpg,DetectDataset_clean_v2_motion_blur/moderate/images/video17_147__3ec8cd9a58c57706.png,640,640,7,7,45,3ec8cd9a58c57706bcc97ddcb89ab3d3fdb649b72f85b2fd216b30d6fbd26bd8,c6f8a67c7679449b5d3c6096ca72b4477499feab72290fb04737853d939460ed
moderate,DetectDataset_clean_v2/test/images/video17_149__96644893c3b46b1f.jpg,DetectDataset_clean_v2_motion_blur/moderate/images/video17_149__96644893c3b46b1f.png,640,640,7,7,135,96644893c3b46b1f65edb1790863406ba311b9b5bf0794baf408f20732072744,db453fa395b9052a3569a99662a83ae2edba706baccdd3d61de473513c193e63
moderate,DetectDataset_clean_v2/test/images/video17_150__4a88bbdacb9182ea.jpg,DetectDataset_clean_v2_motion_blur/moderate/images/video17_150__4a88bbdacb9182ea.png,640,640,7,7,0,4a88bbdacb9182ea125a8dea4cd32bb08d6d5921e43c83b007decc6e78e5234e,03d13002fb003fb703983b5405af87e60df67b4594282a114483a14e1127bbb0
moderate,DetectDataset_clean_v2/test/images/video17_178__21a3d4ef3789e162.jpg,DetectDataset_clean_v2_motion_blur/moderate/images/video17_178__21a3d4ef3789e162.png,640,640,7,7,0,21a3d4ef3789e16250eb6532c91a97db4db42fcf6e9ebda06f56e45cbdefc63d,d74337548a708a2f083cd6f2718a623ac72e4eed1def841d89ae49216161d0a1
moderate,DetectDataset_clean_v2/test/images/video17_178__3fcf0ada715b787c.jpg,DetectDataset_clean_v2_motion_blur/moderate/images/video17_178__3fcf0ada715b787c.png,640,640,7,7,90,3fcf0ada715b787cb8b213a71e14e35268aeb7c3ad9da5552b29af2156aa2725,8707109b4a0e03179485e24886901b26169bcbc5e0aa1b747d83538eedbc5359
moderate,DetectDataset_clean_v2/test/images/video17_193__584fe8124c5c27d4.jpg,DetectDataset_clean_v2_motion_blur/moderate/images/video17_193__584fe8124c5c27d4.png,640,640,7,7,0,584fe8124c5c27d47692ec4041d88210a4ed6525ce801c66ca80931fdad19514,0370bba0e6df7e9beb3369b7a4f3261e9cdc4617f7355aa8ea311b05a9ab62a6
moderate,DetectDataset_clean_v2/test/images/video17_193__c0c49d340c359895.jpg,DetectDataset_clean_v2_motion_blur/moderate/images/video17_193__c0c49d340c359895.png,640,640,7,7,135,c0c49d340c359895b7c02077988dc8065c5b332afc79f8c703bbd1565543ec6f,3ceef00f66fd49c34052922b16152c04d280c82adc0066164d00d7704f62512e
moderate,DetectDataset_clean_v2/test/images/video17_194__c862e390504748b0.jpg,DetectDataset_clean_v2_motion_blur/moderate/images/video17_194__c862e390504748b0.png,640,640,7,7,0,c862e390504748b09477dacb120a5a4428eed7c4d8f444f48d804e85e3670810,7a533f07dd76c884cc73b9d665c25f788bee0add77eefc5ace1998498bf3e63a
moderate,DetectDataset_clean_v2/test/images/video17_196__0bd801ef80e0e6d2.jpg,DetectDataset_clean_v2_motion_blur/moderate/images/video17_196__0bd801ef80e0e6d2.png,640,640,7,7,135,0bd801ef80e0e6d26486245827f91d96f94958d8696af68ae7184acfa7e6317e,4be5f130dcbbacc527346f5997861145c129bff724cf805f5800d284e597db5b
moderate,DetectDataset_clean_v2/test/images/video17_196__73202e77dee63d6e.jpg,DetectDataset_clean_v2_motion_blur/moderate/images/video17_196__73202e77dee63d6e.png,640,640,7,7,135,73202e77dee63d6efb648b19f19d59e9045d30fbd47530a2b6d015f9b7655dd9,bff79bca19deefd49bdd2010f56a9c2fcb2f8f96d7d7dc29d83dca4f59f5a177
moderate,DetectDataset_clean_v2/test/images/video17_197__3212148a8e9f81c0.jpg,DetectDataset_clean_v2_motion_blur/moderate/images/video17_197__3212148a8e9f81c0.png,640,640,7,7,135,3212148a8e9f81c04397c2befdfff1e80197a1b0338ad9fe04803a8a19475429,8dc3d100a33c4e53c6395e39f2a49a8e705fb4b3a19b929077532e917ee2c749
moderate,DetectDataset_clean_v2/test/images/video17_200__30347ce88472cef4.jpg,DetectDataset_clean_v2_motion_blur/moderate/images/video17_200__30347ce88472cef4.png,640,640,7,7,135,30347ce88472cef4318890b37aecad49f0505da9f92d24b97f0d646e2374ef38,ded99737f99272c6223078ba18b66e1edb5ce173529afe1f37513d000f7ed3e7
moderate,DetectDataset_clean_v2/test/images/video17_299__3e62f4ad5eb5f6c1.jpg,DetectDataset_clean_v2_motion_blur/moderate/images/video17_299__3e62f4ad5eb5f6c1.png,640,640,7,7,90,3e62f4ad5eb5f6c1a97b6b212832d96fefcf27da71dbb9c463c88b2b58ee4b70,b3dad3d7f709fc27a3a24fea8c471be44aa80f2fb6cb25f8beb32431b33b5942
moderate,DetectDataset_clean_v2/test/images/video17_302__509a60833c788f4d.jpg,DetectDataset_clean_v2_motion_blur/moderate/images/video17_302__509a60833c788f4d.png,640,640,7,7,0,509a60833c788f4dc855b3705b2caf528d59604151e0c352ac88d5f7c7c99bcd,e688d46f2f26983b3cc62f3793b9bead353120034455bf635b262f2218919df4
moderate,DetectDataset_clean_v2/test/images/video17_302__8deb330769901903.jpg,DetectDataset_clean_v2_motion_blur/moderate/images/video17_302__8deb330769901903.png,640,640,7,7,135,8deb330769901903f6e56fbc75ad0409e1f4cd9bba112c5085b6a718dade06fe,5682aaa1e640f3320415f2d6bfb256a04be03c66737c25acd237f00da951a788
moderate,DetectDataset_clean_v2/test/images/video17_304__b7011f87dd5744ca.jpg,DetectDataset_clean_v2_motion_blur/moderate/images/video17_304__b7011f87dd5744ca.png,640,640,7,7,0,b7011f87dd5744ca20ec25b311863a0a8433d274bfa0b622d7f7a3d510831384,d07fff85826b6b5e3b1015e33a8bce0993c370a11b988142ebb6ea4062a53b8e
moderate,DetectDataset_clean_v2/test/images/video17_304__bdff45a7e6e4426e.jpg,DetectDataset_clean_v2_motion_blur/moderate/images/video17_304__bdff45a7e6e4426e.png,640,640,7,7,90,bdff45a7e6e4426e5ad4f1b75cb3bc2b3bf2c483a15613fbb7d1eefc9ba610bf,f61a8db5e0bc94539977e286232a4a7287e9e250c8bf894d14313f75747e4125
moderate,DetectDataset_clean_v2/test/images/video17_420__05630d509c03d99e.jpg,DetectDataset_clean_v2_motion_blur/moderate/images/video17_420__05630d509c03d99e.png,640,640,7,7,135,05630d509c03d99e51d4fd34d04b680227e5d1c15654e601ffb4db01c292f221,0282350e751dfd6184bd5a16e4123e2d921c385be01efb707039eeb7ed029a9c
moderate,DetectDataset_clean_v2/test/images/video17_420__fae5a4971f4ac8ba.jpg,DetectDataset_clean_v2_motion_blur/moderate/images/video17_420__fae5a4971f4ac8ba.png,640,640,7,7,90,fae5a4971f4ac8ba860a26945edecdababb463a5635c2e5fcb2f5a1b5dadbe69,4df3265c2ca4132ffe8ecf1beeee65d676617c6cd3b80fd6a7e9e92b414d3f80
moderate,DetectDataset_clean_v2/test/images/video17_424__287b89e9a9913428.jpg,DetectDataset_clean_v2_motion_blur/moderate/images/video17_424__287b89e9a9913428.png,640,640,7,7,0,287b89e9a9913428ba353a8c55144e2d8de452e442dd3b37025014ad9d56b2ce,435250840bf04f734f1a828bf52644fe897b9bad38a2460a0af5dbd90569d563
moderate,DetectDataset_clean_v2/test/images/video17_604__2d6280674beae50e.jpg,DetectDataset_clean_v2_motion_blur/moderate/images/video17_604__2d6280674beae50e.png,640,640,7,7,0,2d6280674beae50e3db6bec4e5b60a30b5cf55196ebdb223466abe6c18375a9d,9f1d8b624a11c57997a77d2a1dc54a15e724e70ac8c2d3b306accf3f36c10439
moderate,DetectDataset_clean_v2/test/images/video17_615__da2cb3fea2706d49.jpg,DetectDataset_clean_v2_motion_blur/moderate/images/video17_615__da2cb3fea2706d49.png,640,640,7,7,45,da2cb3fea2706d4914e201654f978ff43d75cde2aefa3fb69971cba689cd21cf,8d4fce103b78186767b59e872a95499d8be12cc9e7603b1abac50dfad573f929
moderate,DetectDataset_clean_v2/test/images/video17_616__4192ce35c2d857d1.jpg,DetectDataset_clean_v2_motion_blur/moderate/images/video17_616__4192ce35c2d857d1.png,640,640,7,7,135,4192ce35c2d857d1c27b5bdd3b01d6857385c28febd21408918546afa7f935f0,d304d0e8758f82e90bc0e466f7482f31d77b27b887470dc2e3e45a51fb87e2fc
moderate,DetectDataset_clean_v2/test/images/video17_616__9c2d27a38152f0d5.jpg,DetectDataset_clean_v2_motion_blur/moderate/images/video17_616__9c2d27a38152f0d5.png,640,640,7,7,90,9c2d27a38152f0d5a3607ab7c6b0f29dc1c84bcdff733baf2f799feb7b6974de,c9ccb43a0144e46154f23bf3dce358f1ba8e370efb237b934e5b4b7e4b8b9778
moderate,DetectDataset_clean_v2/test/images/video17_617__3eaeca95f83604d7.jpg,DetectDataset_clean_v2_motion_blur/moderate/images/video17_617__3eaeca95f83604d7.png,640,640,7,7,135,3eaeca95f83604d7c05149fbdde6f4c346134f814031e48f2010dce713730ad4,e83d5a2a1a8d75402842b2f0480881d7f9a12f4b823b79feede7739c37acfc40
moderate,DetectDataset_clean_v2/test/images/video17_621__02c2db91ba0195d4.jpg,DetectDataset_clean_v2_motion_blur/moderate/images/video17_621__02c2db91ba0195d4.png,640,640,7,7,135,02c2db91ba0195d49cfff48ce5b590af7c21dfd449498ca3d8f3c1ac3ed0fca4,3533771de0cb3459dc35320fbbec69e1abf735fb2f93e5ba74c540b28b733285
moderate,DetectDataset_clean_v2/test/images/video17_621__4d0a29a971996a25.jpg,DetectDataset_clean_v2_motion_blur/moderate/images/video17_621__4d0a29a971996a25.png,640,640,7,7,135,4d0a29a971996a25e8fe5382ffe9fedcbf75d879854d2bf7b60249f68cdcf418,962edb46aa99afe413e92ba2148d30b9c43812b290f92ec902f1433686d38985
moderate,DetectDataset_clean_v2/test/images/video17_622__9c288d1a245292dd.jpg,DetectDataset_clean_v2_motion_blur/moderate/images/video17_622__9c288d1a245292dd.png,640,640,7,7,90,9c288d1a245292ddac404b6d6b3b59038127617b8432f76d592a687697c416d3,379f3fcfe4adb85c471725550a62cd3036b5c1bc72d9bfdfefb10bd4056f0c29
moderate,DetectDataset_clean_v2/test/images/video17_669__818e86ce159c70ab.jpg,DetectDataset_clean_v2_motion_blur/moderate/images/video17_669__818e86ce159c70ab.png,640,640,7,7,0,818e86ce159c70ab9180715cecc4a3c0ab73c8b8af452ad7c32533a1eaab5e30,94bc3207bc406c2f7443d4e1b51866c0825c30ced7e13ab8561eb8a7d49d06b4
moderate,DetectDataset_clean_v2/test/images/video17_670__7fe775841cb837e5.jpg,DetectDataset_clean_v2_motion_blur/moderate/images/video17_670__7fe775841cb837e5.png,640,640,7,7,0,7fe775841cb837e5eab8bf5139341ead39ffdbdee6bc395df5cbf1466f1b1094,bd3966164ad85c32c68db7344edf8c7d2bd751ba908d589001f910cfe59ecdbc
moderate,DetectDataset_clean_v2/test/images/video17_673__6b5c9670fbfbdf60.jpg,DetectDataset_clean_v2_motion_blur/moderate/images/video17_673__6b5c9670fbfbdf60.png,640,640,7,7,135,6b5c9670fbfbdf60cc75cbd17c74241095afd0a3c7f1fdb77c53eae98dd8bba3,a0c37b320469443c109d3b65e76925dd335d5f0dc06ce0530e0785b2f4558e84
moderate,DetectDataset_clean_v2/test/images/video17_673__d4e2ee438f13e437.jpg,DetectDataset_clean_v2_motion_blur/moderate/images/video17_673__d4e2ee438f13e437.png,640,640,7,7,45,d4e2ee438f13e4370b7342a59fdb83be17bdf0c253a061ce8846f0770fcc87af,adbb8d22b7c69950fa571fa8a25b2478d82ebf94f3e5be10356e8587cb9d5623
moderate,DetectDataset_clean_v2/test/images/video17_721__19b96be71645a78d.jpg,DetectDataset_clean_v2_motion_blur/moderate/images/video17_721__19b96be71645a78d.png,640,640,7,7,45,19b96be71645a78dd451a33bd938adf27dbd4c5d660a81956483c8783a826391,7ce6a2e032c6506addd1ec9182fdabde4b60042efc38298789de84fd46a36127
moderate,DetectDataset_clean_v2/test/images/video17_735__b11ae209538b535c.jpg,DetectDataset_clean_v2_motion_blur/moderate/images/video17_735__b11ae209538b535c.png,640,640,7,7,0,b11ae209538b535c207146ae61cb490d4ff0073a2bcfcd22bc4e8910af9e9d0a,53b5279d4846e5808a31ce44b19cafb993ef4d6e0e030fb3ae2dbdd6919000b0
moderate,DetectDataset_clean_v2/test/images/video17_746__604079d4b7227c12.jpg,DetectDataset_clean_v2_motion_blur/moderate/images/video17_746__604079d4b7227c12.png,640,640,7,7,135,604079d4b7227c12339c6ab45288eeeec995e66d881931c2796566671b4173bd,e6f57a49c5a8c53a35ade9964732e3ed3bad273a62129735978a0bf6dfcc8520
moderate,DetectDataset_clean_v2/test/images/video17_746__8f500ac2c2f4d3e3.jpg,DetectDataset_clean_v2_motion_blur/moderate/images/video17_746__8f500ac2c2f4d3e3.png,640,640,7,7,135,8f500ac2c2f4d3e3d41b76d0af623fd5297c43422e7c26422fda7d81fda8510c,777c2393a196f1c445606ec2be243d1cd49a35716fd479bdf5fabd431e06839a
moderate,DetectDataset_clean_v2/test/images/video17_748__799be49da76e0dbe.jpg,DetectDataset_clean_v2_motion_blur/moderate/images/video17_748__799be49da76e0dbe.png,640,640,7,7,0,799be49da76e0dbe1ac83826e3c4c15540afee1d7a6976bd21f02cc5e94c6038,05e84e337046ad29f71aef36a97ef7a07d421720473331fc5bc055555372c814
moderate,DetectDataset_clean_v2/test/images/video17_776__e31427483b294cfb.jpg,DetectDataset_clean_v2_motion_blur/moderate/images/video17_776__e31427483b294cfb.png,640,640,7,7,45,e31427483b294cfb22db6a07672d993d6787c8ad4ba51e678d0c48cb40ed131a,37b5980e2151dfb4afd551789db7a857a5caad9130497f6dba349527f09d5c5d
moderate,DetectDataset_clean_v2/test/images/video17_777__324da7a519dcde39.jpg,DetectDataset_clean_v2_motion_blur/moderate/images/video17_777__324da7a519dcde39.png,640,640,7,7,45,324da7a519dcde3982cf91da0557f1472ae27b25f361bda6e6a4234c076a6ad3,ae03e208c34e16537f52ec70ecb15042c75c552e819cb90eb8fef586ef91013f
moderate,DetectDataset_clean_v2/test/images/video17_801__d96196b71afc9298.jpg,DetectDataset_clean_v2_motion_blur/moderate/images/video17_801__d96196b71afc9298.png,640,640,7,7,0,d96196b71afc9298d8564c63c87603a15400d663775f28b127e2ed7097289b57,d901f573da69a42d1dbe136daec1b2ac0b78f1425702b28423ae1fec96ac8bb0
moderate,DetectDataset_clean_v2/test/images/video17_819__21baaa6da4a12cf6.jpg,DetectDataset_clean_v2_motion_blur/moderate/images/video17_819__21baaa6da4a12cf6.png,640,640,7,7,0,21baaa6da4a12cf6ae54f437b169be608a31a8c26426ca99e17d1fc2cbac722d,8a004d843ec9f41ed5e4ee630acf8d668d599f01204a63d50a8391c7084a2dd0
moderate,DetectDataset_clean_v2/test/images/video17_819__4432b3a1c0a4082c.jpg,DetectDataset_clean_v2_motion_blur/moderate/images/video17_819__4432b3a1c0a4082c.png,640,640,7,7,90,4432b3a1c0a4082c31876c81c93e334ebd1b9baf3edc7958aa89694133348fe4,327acbc1cba3a58ab48b3cc590194987bc2e0cf09a6afebd8e5a4d572e5cd23d
moderate,DetectDataset_clean_v2/test/images/video17_825__04c3aaf797778150.jpg,DetectDataset_clean_v2_motion_blur/moderate/images/video17_825__04c3aaf797778150.png,640,640,7,7,135,04c3aaf797778150b9192955b68996c19b9a8c2d2bcb30c7453be3fbe9cbd62c,031062d7b8a9b838016746df91f062161443835364ad2b9d7f9aacc881ae63a4
moderate,DetectDataset_clean_v2/test/images/video17_825__142873c5d4672138.jpg,DetectDataset_clean_v2_motion_blur/moderate/images/video17_825__142873c5d4672138.png,640,640,7,7,0,142873c5d4672138c3777de9189d97e52f67c0bc05b5bfb51ec2b61b45b9b524,d76ee627740309b6f163989b9d924369453f23ecd78671a0eb23d83fad35e7cf
moderate,DetectDataset_clean_v2/test/images/video17_830__9e5d55aee6c39069.jpg,DetectDataset_clean_v2_motion_blur/moderate/images/video17_830__9e5d55aee6c39069.png,640,640,7,7,45,9e5d55aee6c390691939706e5b09ee95f8d41db901d5c7d531270c8d7038d70f,b25e82c973ce6394c38cd0346f71328b04256c6f05e07af8b2db409fd1f5fed6
moderate,DetectDataset_clean_v2/test/images/video17_830__fd9d3bd2b882b251.jpg,DetectDataset_clean_v2_motion_blur/moderate/images/video17_830__fd9d3bd2b882b251.png,640,640,7,7,0,fd9d3bd2b882b251e694e2bb453d74bc1eba49c8ce10f49839321f9cb01201aa,611d9ac56bfe548f081342dd0cb429811ed6f58085aadb81c005dcbb30d8782a
moderate,DetectDataset_clean_v2/test/images/video17_831__ea6970ca95e7c69a.jpg,DetectDataset_clean_v2_motion_blur/moderate/images/video17_831__ea6970ca95e7c69a.png,640,640,7,7,90,ea6970ca95e7c69a76e5af563a93f5ed8681d6f928775ef0a36961da24bfc17f,fb987edef2bbc6d94bbe6af0a4bfc16c7296879862826db79add8cfd302b3739
moderate,DetectDataset_clean_v2/test/images/video17_833__134b8bc3282a9471.jpg,DetectDataset_clean_v2_motion_blur/moderate/images/video17_833__134b8bc3282a9471.png,640,640,7,7,90,134b8bc3282a9471a2a58524bd4a85011c10c75edfdae7faa4c6b093eec26a80,0160db01b02e7d243346c350d91d740efd0315adfc02b61490fe1f1dfbe35152
moderate,DetectDataset_clean_v2/test/images/video17_833__9d4e400226bdd1e5.jpg,DetectDataset_clean_v2_motion_blur/moderate/images/video17_833__9d4e400226bdd1e5.png,640,640,7,7,0,9d4e400226bdd1e53caeee6f8013ae6942317ef65ddaba78a1199638697059b0,d1b06438a8bde33760f01ff06a53624251780b6287e1e1edf8430225676118f9
moderate,DetectDataset_clean_v2/test/images/video17_836__c0c2d74090ba5ae1.jpg,DetectDataset_clean_v2_motion_blur/moderate/images/video17_836__c0c2d74090ba5ae1.png,640,640,7,7,135,c0c2d74090ba5ae1acc3f69ba40cdfd38c2c9c7d3d5d04e775c6f12cdf3a03ed,624d6b89ce9615fc2b6c00690e9553295a584a3ef7c89ac1720ffae0148d32ed
moderate,DetectDataset_clean_v2/test/images/video17_836__faee838c996ca43b.jpg,DetectDataset_clean_v2_motion_blur/moderate/images/video17_836__faee838c996ca43b.png,640,640,7,7,90,faee838c996ca43b89438a1d147286b6b20169bc4afe5647426b684236530563,75e3cd8796a2196e12014b6e56098ad474136e253202879fb3a02797b736b0f1
moderate,DetectDataset_clean_v2/test/images/video17_838__bf3f7e6b6e948d94.jpg,DetectDataset_clean_v2_motion_blur/moderate/images/video17_838__bf3f7e6b6e948d94.png,640,640,7,7,90,bf3f7e6b6e948d946634255b6a16e9a61ecdf6b48d8d61c532e4a38ab007c2ad,f89e034e7895f0b5725eadcbded137a16e53d07b49372f5a092c5265b6be1cf1
moderate,DetectDataset_clean_v2/test/images/video17_885__6271d394d2c68984.jpg,DetectDataset_clean_v2_motion_blur/moderate/images/video17_885__6271d394d2c68984.png,640,640,7,7,0,6271d394d2c689842d6453e12c254dccd31459d8b42958082f8841fe0896d783,4e978c894f214da7432d56320580d1e7a55cc8db920e397577b37063761c65f5
moderate,DetectDataset_clean_v2/test/images/video17_885__bcfd1a9fa884a1f5.jpg,DetectDataset_clean_v2_motion_blur/moderate/images/video17_885__bcfd1a9fa884a1f5.png,640,640,7,7,0,bcfd1a9fa884a1f5a4d216220c4c993c1b531019dee49c464ccf94bf57e27f6f,5b0827b31b79880e053c825731a4735b465b2149a4d75d74e7501cd366780133
moderate,DetectDataset_clean_v2/test/images/video17_897__19e6db94c1e70382.jpg,DetectDataset_clean_v2_motion_blur/moderate/images/video17_897__19e6db94c1e70382.png,640,640,7,7,45,19e6db94c1e7038277ef83433336b8175281f05b4a4d721747ab12951131f41c,3b783400c0e43d595d83594203ffebad2f2705b1573799b31847727e681ce1b5
moderate,DetectDataset_clean_v2/test/images/video17_897__eeb5a0f71c4ef3d2.jpg,DetectDataset_clean_v2_motion_blur/moderate/images/video17_897__eeb5a0f71c4ef3d2.png,640,640,7,7,135,eeb5a0f71c4ef3d2f6470d730e38493e24b963071361fbf3bdbd22693dd2dae7,06133ab6494933ed8bb02f8b662b0811a4518016123165b8c4e4419caaa00148
moderate,DetectDataset_clean_v2/test/images/video17_89__be243e40a8f23845.jpg,DetectDataset_clean_v2_motion_blur/moderate/images/video17_89__be243e40a8f23845.png,640,640,7,7,135,be243e40a8f2384511362cd2c85baa6a207d2601f620033948f4e9c939f88057,fae76d03c8d144aceebc55c7ef2994ded757de8f2489e82d3693669e4c307af9
moderate,DetectDataset_clean_v2/test/images/video17_91__8c97155465aac7e1.jpg,DetectDataset_clean_v2_motion_blur/moderate/images/video17_91__8c97155465aac7e1.png,640,640,7,7,45,8c97155465aac7e161663261e0edc83bbe5af254a2ddf548a5c5602b5fea8801,430796e581139839531c152e06b9739b538e07312706e65cb2f2fa3c545deca1
moderate,DetectDataset_clean_v2/test/images/video17_91__ff9e35f21a2e00ce.jpg,DetectDataset_clean_v2_motion_blur/moderate/images/video17_91__ff9e35f21a2e00ce.png,640,640,7,7,45,ff9e35f21a2e00ceaa9b48ab5368b4ca09694030214d702d6088cce9218dba33,4c5dfb2997fe0a79798a0863226296726585d9ca5e5f1df5e2f3217eaeede86b
moderate,DetectDataset_clean_v2/test/images/video17_942__5cc1169138141adb.jpg,DetectDataset_clean_v2_motion_blur/moderate/images/video17_942__5cc1169138141adb.png,640,640,7,7,45,5cc1169138141adb407831e268b63e3cf3ad6453524f9fb5effb59e3602f8f0c,51f39b9c267fb52fe44a092fe4013c82ff5e022f12252e7a966b7f620bc338ff
moderate,DetectDataset_clean_v2/test/images/video17_942__ad8bd3b389bb99e8.jpg,DetectDataset_clean_v2_motion_blur/moderate/images/video17_942__ad8bd3b389bb99e8.png,640,640,7,7,135,ad8bd3b389bb99e83e5d21f32fbc18c9a0bb4e4d5c603bc8da40916746e858e4,42c68bf0319835bd4112f0784abd185ede5d8d003b37260889367616b0a2a873
moderate,DetectDataset_clean_v2/test/images/video17_948__76086f481edaf5d1.jpg,DetectDataset_clean_v2_motion_blur/moderate/images/video17_948__76086f481edaf5d1.png,640,640,7,7,135,76086f481edaf5d1703f4fc84936b1a91efa6d89055cb9ba5ae99978ada43c28,9ab643777987049e5f747bd0e1a2d1498bd3d987598cd0fdd9a7f389ca0ba184
moderate,DetectDataset_clean_v2/test/images/video17_951__9106d97744fbad55.jpg,DetectDataset_clean_v2_motion_blur/moderate/images/video17_951__9106d97744fbad55.png,640,640,7,7,45,9106d97744fbad55dc48e0123e2bad3eb672e5f4d299b08409d35bf7fb35eeaf,b831cba2c2144898afce872e0b5ce44abd7a9062efec7cdf7d48d2db1e7431d5
moderate,DetectDataset_clean_v2/test/images/video17_951__afbb7e7776af5c2d.jpg,DetectDataset_clean_v2_motion_blur/moderate/images/video17_951__afbb7e7776af5c2d.png,640,640,7,7,135,afbb7e7776af5c2d876053b3f4e1eedc19cce455be56e3162ff305c76a129932,347cd6acc66302d3316b93d587033fdaf3a9af67254bbd99bddcf9e065ddce2b
moderate,DetectDataset_clean_v2/test/images/video17_955__9d4bb7f9af09e794.jpg,DetectDataset_clean_v2_motion_blur/moderate/images/video17_955__9d4bb7f9af09e794.png,640,640,7,7,135,9d4bb7f9af09e7946f6d767a2e1811e038ab9963c2aa9cb1b637ab262e603d9b,6b6efbf0cee431d03713a8318408f97fe41dc7b4b090971e9640e845cabd24b2
moderate,DetectDataset_clean_v2/test/images/video17_962__070379c26e8ae4af.jpg,DetectDataset_clean_v2_motion_blur/moderate/images/video17_962__070379c26e8ae4af.png,640,640,7,7,0,070379c26e8ae4af12e4384b03432c8edb63af370170bbe77ccd3b623c6cac65,27c74266c19794c209474a5995d0015b9bda556edaf840f8303ae1bb03d6fdd8
moderate,DetectDataset_clean_v2/test/images/video17_977__15ca101720b953a2.jpg,DetectDataset_clean_v2_motion_blur/moderate/images/video17_977__15ca101720b953a2.png,640,640,7,7,90,15ca101720b953a26bc8d078a5ca7d8148945d2f9abbe0c1e5c0a491bbbacb5a,58ad040d07d2814db86f6c881e8b0fcb29490f1f22db1160a3fbe2815b4af1d8
moderate,DetectDataset_clean_v2/test/images/video17_97__462fd0c3acc91fcf.jpg,DetectDataset_clean_v2_motion_blur/moderate/images/video17_97__462fd0c3acc91fcf.png,640,640,7,7,135,462fd0c3acc91fcf5c8212268d229653a71b050bfb9c4a46485db74694bf8748,560ea8300afb994be1463b016b17978ba658678975fc5ebe8aa829432cb0eeeb
moderate,DetectDataset_clean_v2/test/images/video17_981__1d9a3d643d774755.jpg,DetectDataset_clean_v2_motion_blur/moderate/images/video17_981__1d9a3d643d774755.png,640,640,7,7,90,1d9a3d643d774755963af38cc829b81bb049e5233b7e44a5593ea4e46dd8e30c,33d61c88f5d4ebcf669c092d7a4259bb635f7734ec77834e298cdbbeac194eba
moderate,DetectDataset_clean_v2/test/images/video17_981__3d78574afa2760ba.jpg,DetectDataset_clean_v2_motion_blur/moderate/images/video17_981__3d78574afa2760ba.png,640,640,7,7,45,3d78574afa2760ba75ad349f981f7a3c1aa1b6bc3a6d5b8dd736fcd633b7c3e2,3c8700082704f83f67b0339407c38df791cb7496925462b7c14403faf95716c5
moderate,DetectDataset_clean_v2/test/images/video17_986__c883c8d4a5f10c3d.jpg,DetectDataset_clean_v2_motion_blur/moderate/images/video17_986__c883c8d4a5f10c3d.png,640,640,7,7,135,c883c8d4a5f10c3d7bb039e9b6ed3893c4833298a524f3765640404cc026418b,9dfef6acb0838491108209a4f14a86e1d3eb10f4c3e742e42cefce90a1102ab6
moderate,DetectDataset_clean_v2/test/images/video17_986__f0f6168cceab6ce8.jpg,DetectDataset_clean_v2_motion_blur/moderate/images/video17_986__f0f6168cceab6ce8.png,640,640,7,7,45,f0f6168cceab6ce893f44180a929272aa240483da91d92d81cedabcdccfd89ca,9ec997bf0ae594875ff528c278da5faecba62050f05fb1ba62ef867bc68039f1
moderate,DetectDataset_clean_v2/test/images/video17_993__5d25cae397d52307.jpg,DetectDataset_clean_v2_motion_blur/moderate/images/video17_993__5d25cae397d52307.png,640,640,7,7,90,5d25cae397d52307633c9b487509615251ea664de18dcc5c2f7415e12bc1ff0a,a0301177c08f087835b6f1182a3cb3d0359d36884eaccd022413895a65bd7a8a
moderate,DetectDataset_clean_v2/test/images/video17_994__0a3780648946c35f.jpg,DetectDataset_clean_v2_motion_blur/moderate/images/video17_994__0a3780648946c35f.png,640,640,7,7,0,0a3780648946c35f6e8ca669f591a19046454932ee98843c102b1d167f922952,ac9cd4470f2cf7b6181d71da37e71acbadf60a5868a6eac9ce43b54cb8cd655d
moderate,DetectDataset_clean_v2/test/images/video17_999__a8d49db41cd8c8cb.jpg,DetectDataset_clean_v2_motion_blur/moderate/images/video17_999__a8d49db41cd8c8cb.png,640,640,7,7,90,a8d49db41cd8c8cb37a839e51d828e889b1c54369b6bc22dac497a4367c2ea88,c5ac51da7744f78e64fb08a92e68b43ecd0831dcfb7375d0d8a7aaa4086accbc
moderate,DetectDataset_clean_v2/test/images/video18_1026__39d120271ef0d699.jpg,DetectDataset_clean_v2_motion_blur/moderate/images/video18_1026__39d120271ef0d699.png,640,640,7,7,0,39d120271ef0d699f1430fd4cf975371237cecf27e065b05e86cdd897cef69fa,46902b5a87833a4d414da97abe26f8f232b483831dfcc2511464549a29f17e01
moderate,DetectDataset_clean_v2/test/images/video18_1026__ae72a45c5f12fdab.jpg,DetectDataset_clean_v2_motion_blur/moderate/images/video18_1026__ae72a45c5f12fdab.png,640,640,7,7,90,ae72a45c5f12fdaba32ccb4e30f134d78d94e3d4fe9269e1331c3459e15bf4e0,f269349a94013b0b2d4d1e52f519eba96b6a882e40ab976c631dfeeeaeb6f4e5
moderate,DetectDataset_clean_v2/test/images/video18_1028__feb8b05798105d4b.jpg,DetectDataset_clean_v2_motion_blur/moderate/images/video18_1028__feb8b05798105d4b.png,640,640,7,7,45,feb8b05798105d4b63b05e2dc58516960dee9f819884b01870a522d847213500,c75b35ba78bc7d2189d1eb8a3b16e939782409ec06b79f5d9c7acee47f8599a8
moderate,DetectDataset_clean_v2/test/images/video18_1061__306d6cd7f70ebe66.jpg,DetectDataset_clean_v2_motion_blur/moderate/images/video18_1061__306d6cd7f70ebe66.png,640,640,7,7,135,306d6cd7f70ebe6640b5f92e3ae295549a1ada362376bf0b3fce7c0f05d26672,1f7ef726cbcf902f6826f174c2e080fd73e038edc9916213e6a0925e36586bac
moderate,DetectDataset_clean_v2/test/images/video18_1061__e903af097f387993.jpg,DetectDataset_clean_v2_motion_blur/moderate/images/video18_1061__e903af097f387993.png,640,640,7,7,45,e903af097f387993db605b986352eadaf4ad70dd9148c44a19407157f64fa141,f12e7c7f898d404f6b1b7a04f0e9735fa5b16f3d5df2bf7258f3931352b078f0
moderate,DetectDataset_clean_v2/test/images/video18_1072__ee073ceab82cb893.jpg,DetectDataset_clean_v2_motion_blur/moderate/images/video18_1072__ee073ceab82cb893.png,640,640,7,7,0,ee073ceab82cb89310629f8b1e650f76a05250a5c307853a0a2bc1a7d84fd651,ce8c3f489d9eb8e4fe8999117faa9929e2ae9b923fae0152137f48420e081c72
moderate,DetectDataset_clean_v2/test/images/video18_1080__788b0dc1f7ca9c5c.jpg,DetectDataset_clean_v2_motion_blur/moderate/images/video18_1080__788b0dc1f7ca9c5c.png,640,640,7,7,135,788b0dc1f7ca9c5cabff3fd6622aedbe0be7414299f05a15e8ca4f831c5f0f88,d09c66d82d3078ae456722d87969338518ee1a799c6214c962277f54f0787585
moderate,DetectDataset_clean_v2/test/images/video18_1093__f7b1a02f4f01c550.jpg,DetectDataset_clean_v2_motion_blur/moderate/images/video18_1093__f7b1a02f4f01c550.png,640,640,7,7,0,f7b1a02f4f01c550a7fe76e73f21b5389f3b1f89f090710d05351ffcdf49cbf5,10e21d673b991e5b3749e013b38c302ce683dd00015f210be32da67ef5a4047f
moderate,DetectDataset_clean_v2/test/images/video18_1095__71f8ed9e36da59f7.jpg,DetectDataset_clean_v2_motion_blur/moderate/images/video18_1095__71f8ed9e36da59f7.png,640,640,7,7,135,71f8ed9e36da59f713a60243dc80cc0a152153990ecef730947fc9d22e77100c,8810f1f97f17724636333aea5b4cf08bc4e908aaa594ab88229327c2fc2e09ae
moderate,DetectDataset_clean_v2/test/images/video18_1100__49c5902287959a0d.jpg,DetectDataset_clean_v2_motion_blur/moderate/images/video18_1100__49c5902287959a0d.png,640,640,7,7,90,49c5902287959a0df611303b667d09c4fdf28663af2bd800c01575ba498127a4,fb212673a00e01ab9e3a34632eaddd470afad38d752817c8ab0570fdadac518f
moderate,DetectDataset_clean_v2/test/images/video18_1112__ad06043e4c1914d8.jpg,DetectDataset_clean_v2_motion_blur/moderate/images/video18_1112__ad06043e4c1914d8.png,640,640,7,7,0,ad06043e4c1914d87f3278f44857e1e38745e15123c91a4fd1fc329b2e0a1dfd,330ee418e28963323a76b386d4034b6310416ed9996461153ac05a289e47c0af
moderate,DetectDataset_clean_v2/test/images/video18_1119__6b2de9a3df1586ed.jpg,DetectDataset_clean_v2_motion_blur/moderate/images/video18_1119__6b2de9a3df1586ed.png,640,640,7,7,135,6b2de9a3df1586eda0828ffa4f56864493f4fba3364dba9943256e663f2a6ca5,cf54e367795c327df30a27c58f1768076ed4723fa74d898d056816f1e657637b
moderate,DetectDataset_clean_v2/test/images/video18_1119__e0f1d45c7456fe0f.jpg,DetectDataset_clean_v2_motion_blur/moderate/images/video18_1119__e0f1d45c7456fe0f.png,640,640,7,7,90,e0f1d45c7456fe0f4792387581083643b16a356273b551f8f883190b43f988fe,f72c10537231ddaa391f55b084ad0bb12669c3b7aed10da30446f745fc148399
moderate,DetectDataset_clean_v2/test/images/video18_1124__f664761a8a08d1e6.jpg,DetectDataset_clean_v2_motion_blur/moderate/images/video18_1124__f664761a8a08d1e6.png,640,640,7,7,135,f664761a8a08d1e6a77efe155cf318a58cc026ffdc8cae8e2f0adc0cb89971cc,6d366de592cb59c4649f228e0b1192bdba31273e30bb8cffaac19849de677411
moderate,DetectDataset_clean_v2/test/images/video18_1125__b8dc2d4dc36316a2.jpg,DetectDataset_clean_v2_motion_blur/moderate/images/video18_1125__b8dc2d4dc36316a2.png,640,640,7,7,45,b8dc2d4dc36316a25beb8c47e94fe7fd4cc84cbb01279a473a74dbdd4dd58404,d792fc0f01c667f4270cc522018c17ed2c3de6da00cb7c0128f25ce568de9a15
moderate,DetectDataset_clean_v2/test/images/video18_1130__dd561497b08a73fa.jpg,DetectDataset_clean_v2_motion_blur/moderate/images/video18_1130__dd561497b08a73fa.png,640,640,7,7,135,dd561497b08a73fa57c0388feaf2345d0f7e5fc13830c03e9ef63638727facde,b29e7131324c8fddb953d22922d3ec611052fd0d73e6194c1209fc808eaa6322
moderate,DetectDataset_clean_v2/test/images/video18_1133__89fe9833fccf2535.jpg,DetectDataset_clean_v2_motion_blur/moderate/images/video18_1133__89fe9833fccf2535.png,640,640,7,7,45,89fe9833fccf25354a303cf6c9dc2a59824693203af297e21e8a972f8c0b6a34,7843f9daeaf4b22eab797c789d78b3a49ab17cab3a40d4c5abfe3ed761e0e887
moderate,DetectDataset_clean_v2/test/images/video18_1236__3dcfabb637055e1a.jpg,DetectDataset_clean_v2_motion_blur/moderate/images/video18_1236__3dcfabb637055e1a.png,640,640,7,7,90,3dcfabb637055e1a44d76b6aec47880b36e96a1ab090106d240885c8af1a20b8,24894f806f0660ffb6993382a6e2cc758b21522bf662dd9d5fdb3d43c92d394c
moderate,DetectDataset_clean_v2/test/images/video18_1252__a662e99629705082.jpg,DetectDataset_clean_v2_motion_blur/moderate/images/video18_1252__a662e99629705082.png,640,640,7,7,0,a662e99629705082b2e7bd40a4158227f295e6c19416a9fc0c15986941c02b6e,fa227c4ce33fa5f1ae3334dce1d4ea2eff836fec0e132e0e6c9c7fba2ea4c622
moderate,DetectDataset_clean_v2/test/images/video18_1253__0886bc5249548637.jpg,DetectDataset_clean_v2_motion_blur/moderate/images/video18_1253__0886bc5249548637.png,640,640,7,7,45,0886bc52495486376562477a97f1caa607ad2a8e3e7d5f9f1040b9fbca33fcc7,48f71e63cf0ebf3610058757d043690c8df149976fadbc8624e88ab0f5fea31a
moderate,DetectDataset_clean_v2/test/images/video18_126__b165bc3e43996d0e.jpg,DetectDataset_clean_v2_motion_blur/moderate/images/video18_126__b165bc3e43996d0e.png,640,640,7,7,90,b165bc3e43996d0e2013e6a54cc17a4f3c991b2e1294dbd94870b55b753e0138,5f01db6d836aae47bec182f4e4c1d9e567cfa523cf8274ef7a7e2b6f54ee0198
moderate,DetectDataset_clean_v2/test/images/video18_1270__ab6784c4a48ce2e6.jpg,DetectDataset_clean_v2_motion_blur/moderate/images/video18_1270__ab6784c4a48ce2e6.png,640,640,7,7,0,ab6784c4a48ce2e69467e91a9bd18157141ebcecb49d34b0062957e0a0b27298,9e6ef07ee11c8c3badc26df27cb7e835b71079129cc6693ca40eea00f7c8f86c
moderate,DetectDataset_clean_v2/test/images/video18_1275__96fc7d25955d8f41.jpg,DetectDataset_clean_v2_motion_blur/moderate/images/video18_1275__96fc7d25955d8f41.png,640,640,7,7,135,96fc7d25955d8f41bf0c246b86b415ee6853c55cdd200d91bdb0ad2362f52cac,74b6fd00014b6cb25c3636e11f88e24c5de5559854ec7664632e53e8a94300e9
moderate,DetectDataset_clean_v2/test/images/video18_1281__83038ebec0fb93e0.jpg,DetectDataset_clean_v2_motion_blur/moderate/images/video18_1281__83038ebec0fb93e0.png,640,640,7,7,45,83038ebec0fb93e07e626683cc47510be1762aa19e9e0c4c607d1a4c5037de57,b27cd50bfd69bb4a41457a876f8a5ffeb6c28854b0a73284a3ee331090872032
moderate,DetectDataset_clean_v2/test/images/video18_1286__2d1a991adfdac585.jpg,DetectDataset_clean_v2_motion_blur/moderate/images/video18_1286__2d1a991adfdac585.png,640,640,7,7,135,2d1a991adfdac5857bd78971bc307f4b0131f64d11d6d62c74064ceb3d4572e5,870c2eee1e5f666ae88e85fd1e986e6bb82da2c4f42e73bb2f2a2a8c5c28c5a8
moderate,DetectDataset_clean_v2/test/images/video18_1289__2b05850d8325650e.jpg,DetectDataset_clean_v2_motion_blur/moderate/images/video18_1289__2b05850d8325650e.png,640,640,7,7,90,2b05850d8325650ea48d6ac1bc5345b98abb74ba5bf244c692e03a9b81c8bfe3,45238c927a43db712d1e5a908e41b043b74a59378e417026d27d5e65bfd6cbda
moderate,DetectDataset_clean_v2/test/images/video18_128__527a11f03f2b2009.jpg,DetectDataset_clean_v2_motion_blur/moderate/images/video18_128__527a11f03f2b2009.png,640,640,7,7,0,527a11f03f2b2009a9e3f41cf0c16768ec2e06356ba5e65d4a6b387b3f3aa5eb,8009eb8964e7a2d43c48aacf03183298ef8b15e2cd3938aa4ac75740177ae4c3
moderate,DetectDataset_clean_v2/test/images/video18_1290__b5a84a89f1293a01.jpg,DetectDataset_clean_v2_motion_blur/moderate/images/video18_1290__b5a84a89f1293a01.png,640,640,7,7,45,b5a84a89f1293a01379765153d0cd9e8e0bd2d64d1c97981f6ee6d89c79c58bc,321ec89bf60c55171324db3584fc84b8582954c4d9457de59a94fde9ed0168df
moderate,DetectDataset_clean_v2/test/images/video18_1297__72db96795911f44f.jpg,DetectDataset_clean_v2_motion_blur/moderate/images/video18_1297__72db96795911f44f.png,640,640,7,7,0,72db96795911f44f25c98980d9cb4417f9b1c0df8cf5cdc68268a9ce270e1a9d,75b97cca82e6af27139b65ee37ff52090793e4a9954f3947bfec3a4675955558
moderate,DetectDataset_clean_v2/test/images/video18_1309__262c17308b5b745d.jpg,DetectDataset_clean_v2_motion_blur/moderate/images/video18_1309__262c17308b5b745d.png,640,640,7,7,45,262c17308b5b745d6e8060446e33cced5e638eaca54d562635380189438b671f,e2347f527952e9909531970c67b6f083bb22ac7e3d92d48c0721f7d1bce7bd03
moderate,DetectDataset_clean_v2/test/images/video18_1309__e89c9d0fce6f492c.jpg,DetectDataset_clean_v2_motion_blur/moderate/images/video18_1309__e89c9d0fce6f492c.png,640,640,7,7,90,e89c9d0fce6f492cb076fb9b2fda262df62819f46ed07f400bcd0b6c8313dce5,76e801022a6c13fccfde7a5c99149c2b40b21af01120a437155561b277ef67bf
moderate,DetectDataset_clean_v2/test/images/video18_1316__07966dc86c75a157.jpg,DetectDataset_clean_v2_motion_blur/moderate/images/video18_1316__07966dc86c75a157.png,640,640,7,7,90,07966dc86c75a1577ad531dba0bb4737bbe8883d7d1865f6e2641de98caadcfb,50d5d2e089ab0b9c5d58881cc7fe4e6c2ebf4dbbd3e40087dcb6d2cdb1dcf1f8
moderate,DetectDataset_clean_v2/test/images/video18_1316__34df50a38a660770.jpg,DetectDataset_clean_v2_motion_blur/moderate/images/video18_1316__34df50a38a660770.png,640,640,7,7,90,34df50a38a660770d5615cdffea401b95d4fedb9c3def12b75134d7c358578cf,73fd3140d36d66f2b48336a92e8ba6c425c74d961ba4974b5666911963094f86
moderate,DetectDataset_clean_v2/test/images/video18_1318__68f62218bbf55b4e.jpg,DetectDataset_clean_v2_motion_blur/moderate/images/video18_1318__68f62218bbf55b4e.png,640,640,7,7,0,68f62218bbf55b4e715f78cd09c68b63b724b6f5486d435545d2f6c7d80a3fdb,b4b23b3e48fc4feef98bfd7cfb839a3ad730e4001075b585050c10fc5f695668
moderate,DetectDataset_clean_v2/test/images/video18_1323__755ee959bb862866.jpg,DetectDataset_clean_v2_motion_blur/moderate/images/video18_1323__755ee959bb862866.png,640,640,7,7,45,755ee959bb86286630caa4a8225b727919bbc9a3271be4b9f62b3fbd6d2e7819,9f5f634a9249ac3f26f4464d1433b6503884a444a6b716336b966b858a97ed68
moderate,DetectDataset_clean_v2/test/images/video18_1333__b42d0431c5e4e419.jpg,DetectDataset_clean_v2_motion_blur/moderate/images/video18_1333__b42d0431c5e4e419.png,640,640,7,7,90,b42d0431c5e4e419111847d19027f3a9a81f63e72485717dbad45e23c674b138,a0b572d364b4f760f7999ba6f321ef996f1b0732e6226e280f05fc30702f3149
moderate,DetectDataset_clean_v2/test/images/video18_1333__be1d68763e16930a.jpg,DetectDataset_clean_v2_motion_blur/moderate/images/video18_1333__be1d68763e16930a.png,640,640,7,7,135,be1d68763e16930acdc1ab6114809cf5492b9a465c1f1771bf741422f98bc993,ebcbe6aeb6fa1438db3b60d53e45f684aab3a786bcf39c8da6320b3f2ac338d6
moderate,DetectDataset_clean_v2/test/images/video18_1337__3bbe1300bcc23bcb.jpg,DetectDataset_clean_v2_motion_blur/moderate/images/video18_1337__3bbe1300bcc23bcb.png,640,640,7,7,0,3bbe1300bcc23bcbb21e01bdea1f9611bdd572d5333a609742867b86f9405763,891d5949079d47880a8b40c85e93c1e47c5c4c88af6abf0027b7ee309db506cd
moderate,DetectDataset_clean_v2/test/images/video18_1342__de979f065bf0be39.jpg,DetectDataset_clean_v2_motion_blur/moderate/images/video18_1342__de979f065bf0be39.png,640,640,7,7,45,de979f065bf0be396aba74d6465884e4edf64a6fe6150e3cfb849e84612f1b4d,eca65deae4c5f4c42b5139c9f6062034b90c07ffa2d5622395613081f3350417
moderate,DetectDataset_clean_v2/test/images/video18_1345__30a3017196bf8756.jpg,DetectDataset_clean_v2_motion_blur/moderate/images/video18_1345__30a3017196bf8756.png,640,640,7,7,90,30a3017196bf8756e7cc6acb711fb0e2c47aff47fc5e6bf21742455d5e8ea977,b5d5a1de28524797e70427351caeae9d8fa0f2f4d89a1a15636e38d1488fcd46
moderate,DetectDataset_clean_v2/test/images/video18_1349__697d8ec793177f43.jpg,DetectDataset_clean_v2_motion_blur/moderate/images/video18_1349__697d8ec793177f43.png,640,640,7,7,0,697d8ec793177f43e0d193fd9eaa8fec9cb29f818e06d4506d4be2b66e2845c6,f7035d711f6c7de3edffb444e4b92118c8f61ed91456a77df845644c8acade75
moderate,DetectDataset_clean_v2/test/images/video18_1349__fd7d50856d8036ae.jpg,DetectDataset_clean_v2_motion_blur/moderate/images/video18_1349__fd7d50856d8036ae.png,640,640,7,7,135,fd7d50856d8036aef1979edc52df272799fe5d7c2a375004eda2dccb0586fdf9,4a9a670e5ca381b91900797b2a014ab07728ab79eabab0f74cfc584cb4b2ad6f
moderate,DetectDataset_clean_v2/test/images/video18_1355__ea1708a8785b7c55.jpg,DetectDataset_clean_v2_motion_blur/moderate/images/video18_1355__ea1708a8785b7c55.png,640,640,7,7,135,ea1708a8785b7c55f1a71a0f1384142a15db759acb4fb62f11241de763daa05a,09bb9369b4daaa6f90e739e9c454a3cfb1eda6f450da0ced7aac6acb6a4f363a
moderate,DetectDataset_clean_v2/test/images/video18_1357__5b420d87feb2e97f.jpg,DetectDataset_clean_v2_motion_blur/moderate/images/video18_1357__5b420d87feb2e97f.png,640,640,7,7,90,5b420d87feb2e97f6bfaff23b33f5caba3b4a0400c2979916d65ec60874666e9,8ed8956ee3fe33ba4d4cea8248d1bbe3406c4ae416d8ce4ee31803eb24786321
moderate,DetectDataset_clean_v2/test/images/video18_1379__cad9e6eb661708b2.jpg,DetectDataset_clean_v2_motion_blur/moderate/images/video18_1379__cad9e6eb661708b2.png,640,640,7,7,135,cad9e6eb661708b2b2cf3639a4a9ee0bafd765cec561c0c4a2cdefcf8e915d6a,fa5d6af6ce003019cf7065c3f740f4095167c209ee26d29c9eb223ab6f8f1b96
moderate,DetectDataset_clean_v2/test/images/video18_1390__e6a98b7f84984cd0.jpg,DetectDataset_clean_v2_motion_blur/moderate/images/video18_1390__e6a98b7f84984cd0.png,640,640,7,7,0,e6a98b7f84984cd0a13c973bc4dfe78760988c1ec50d54cf09855fe206db963a,12492ce7278d02fedaa143b1cf12050ae1938af51eafccef82d35318cef98208
moderate,DetectDataset_clean_v2/test/images/video18_1404__e3349acef6977d17.jpg,DetectDataset_clean_v2_motion_blur/moderate/images/video18_1404__e3349acef6977d17.png,640,640,7,7,0,e3349acef6977d170ba785e24214fe0e70e32c531c44ae1d518c9e289f512585,a092e24ab31a3f173b587cd5252fe882d8cd7dd9127b15ba0dbd937900eb832b
moderate,DetectDataset_clean_v2/test/images/video18_1405__5e634f399217466f.jpg,DetectDataset_clean_v2_motion_blur/moderate/images/video18_1405__5e634f399217466f.png,640,640,7,7,90,5e634f399217466fbecea19bcfbd965ced13a63518cf6fa544e661913f614098,ccead7b5851f375ae4aa1fa00400ef8d580601beb1cc4c1eae05625f9599ab76
moderate,DetectDataset_clean_v2/test/images/video18_1413__bdf4397bd7b0b562.jpg,DetectDataset_clean_v2_motion_blur/moderate/images/video18_1413__bdf4397bd7b0b562.png,640,640,7,7,0,bdf4397bd7b0b562bb78e713db9e6931db45ff8e8624e91e7adf6612366cf8eb,3cb7c6828e6abf90fa36499403849e4dfd2ecba302ebfa7bdc79d5ddb12c716c
moderate,DetectDataset_clean_v2/test/images/video18_1414__504aa97cb7b7fc86.jpg,DetectDataset_clean_v2_motion_blur/moderate/images/video18_1414__504aa97cb7b7fc86.png,640,640,7,7,90,504aa97cb7b7fc868308d193a016cca6f68b84f21a7befef43099d250367c6ef,4c79ebc073c0aad79d25e48a6c7c2c93632d27940629f126d16d868f7cfb889a
moderate,DetectDataset_clean_v2/test/images/video18_1414__f82c69b64cd30fec.jpg,DetectDataset_clean_v2_motion_blur/moderate/images/video18_1414__f82c69b64cd30fec.png,640,640,7,7,135,f82c69b64cd30feca1a1d53b16dfba09650b5fd6a073698274b91ce0678e6367,0afa25623c91c111902cda57006a674f9bcd6ddc1bfd388fad253248acee6319
moderate,DetectDataset_clean_v2/test/images/video18_1438__b8b2c2c95a6136ef.jpg,DetectDataset_clean_v2_motion_blur/moderate/images/video18_1438__b8b2c2c95a6136ef.png,640,640,7,7,135,b8b2c2c95a6136ef4313b766b3501e35117d650927212ada62e5fbe0b6198b4a,95902793d78018d275105793b554be4f0c8cbdc39f8a4f36fb74df1b084392ff
moderate,DetectDataset_clean_v2/test/images/video18_1463__adb95c5cf2ab926f.jpg,DetectDataset_clean_v2_motion_blur/moderate/images/video18_1463__adb95c5cf2ab926f.png,640,640,7,7,135,adb95c5cf2ab926f7a405880c323ac867246bf98a5bfb3af6e38c67558f284ed,96107019d459297efb7e1cee3b2d63b1b1c80a1d0b114038d2f355eaf9e568af
moderate,DetectDataset_clean_v2/test/images/video18_1482__28c2d6bf344af7fc.jpg,DetectDataset_clean_v2_motion_blur/moderate/images/video18_1482__28c2d6bf344af7fc.png,640,640,7,7,0,28c2d6bf344af7fc72130fed95340e3782e2b9b230609448e43f6e06cbdedd88,c79d3bc45b5cd7b012138023bac714ee4f01b60e4e64ba8cb933d5842ca6e57d
moderate,DetectDataset_clean_v2/test/images/video18_1566__8b7cf9ac9b040da8.jpg,DetectDataset_clean_v2_motion_blur/moderate/images/video18_1566__8b7cf9ac9b040da8.png,640,640,7,7,135,8b7cf9ac9b040da8762a0c10cb7949ec37e5bf37d65e566a9df4af563883f7fa,91faae426fbfb0b090b0fb406e8cd2fca29589f8c7fa8f5d468d7543fafc989b
moderate,DetectDataset_clean_v2/test/images/video18_1587__daf07877f63902a9.jpg,DetectDataset_clean_v2_motion_blur/moderate/images/video18_1587__daf07877f63902a9.png,640,640,7,7,0,daf07877f63902a9e5d512561739533d2018b04271b44b93138cb1b35fbbb9ff,a570c4ab835385296934d0cc1244f5374e7dd163bca3c7403c8ffb019f83618f
moderate,DetectDataset_clean_v2/test/images/video18_1588__7f89fbe4c79975f6.jpg,DetectDataset_clean_v2_motion_blur/moderate/images/video18_1588__7f89fbe4c79975f6.png,640,640,7,7,0,7f89fbe4c79975f6262c5e3572bdcfa74cf2c5ed66223d100257955c012433c4,685cac50a18fea33f08ed393cc078a8fe875f7c5eb1b0ef3a0732590a4899aa1
moderate,DetectDataset_clean_v2/test/images/video18_1628__8c8cb8266b2195d7.jpg,DetectDataset_clean_v2_motion_blur/moderate/images/video18_1628__8c8cb8266b2195d7.png,640,640,7,7,0,8c8cb8266b2195d742f144eddf17077b0657c8b3cc54059d746fb0d9c4b7e1b5,4f51cf7f0ac999c3f2b6773b5be423e28650123c51c1c7d38bdc19ba217892ed
moderate,DetectDataset_clean_v2/test/images/video18_1645__dad0813e039007e5.jpg,DetectDataset_clean_v2_motion_blur/moderate/images/video18_1645__dad0813e039007e5.png,640,640,7,7,45,dad0813e039007e524640d6314c063c2ecf5c95c15488c573a0357a47d30e156,e8b8ac8a84b46b74d76aba7d7254b3eb73abdfedff27753355b24e0ae308c0d0
moderate,DetectDataset_clean_v2/test/images/video18_1647__f3adecbc86e24c99.jpg,DetectDataset_clean_v2_motion_blur/moderate/images/video18_1647__f3adecbc86e24c99.png,640,640,7,7,0,f3adecbc86e24c996f4b17527f3eb236682297ee2e92c308a3aef4b0284f89d1,7a678a089f7bacf7435dd7fb5dde6c6402cd6deb5602514d3337ed41d69f409d
moderate,DetectDataset_clean_v2/test/images/video18_1669__48c78e431997f3cc.jpg,DetectDataset_clean_v2_motion_blur/moderate/images/video18_1669__48c78e431997f3cc.png,640,640,7,7,90,48c78e431997f3cca190aa83f8e2c2fdc9bae5967a4ba764faad55199b8bc4cb,b319fd3d785ad0018f4f42544becd3757835d5c0fa7655ba469ecece82a87df2
moderate,DetectDataset_clean_v2/test/images/video18_1675__78866217e12f57d7.jpg,DetectDataset_clean_v2_motion_blur/moderate/images/video18_1675__78866217e12f57d7.png,640,640,7,7,0,78866217e12f57d7b1c0d997784e691c879fab6bfcbc474fae58c0ba7af6d555,222b460b2d7c65a09e2845e2db6953aa66d61e735c05fd9b74c487336a6d5545
moderate,DetectDataset_clean_v2/test/images/video18_1678__020946fd252cd9b5.jpg,DetectDataset_clean_v2_motion_blur/moderate/images/video18_1678__020946fd252cd9b5.png,640,640,7,7,135,020946fd252cd9b57f679e826e1b4e42c0b2d28d3fd5c39da3e3da7f50f12a12,e9be8a9f9225f99fac8a61dc3484c5285d2748ffcf4418387d12d8393a9bc3c9
moderate,DetectDataset_clean_v2/test/images/video18_1684__c23979af624f14a2.jpg,DetectDataset_clean_v2_motion_blur/moderate/images/video18_1684__c23979af624f14a2.png,640,640,7,7,0,c23979af624f14a235cfb2f57d9c0c5f020a0fd4905dad4c1accbe5893a91471,62eb017712961e52ed65e9945b426f739ad08dec0d51dc932eb157b3ba8c48e6
moderate,DetectDataset_clean_v2/test/images/video18_1685__286ab9f430c49863.jpg,DetectDataset_clean_v2_motion_blur/moderate/images/video18_1685__286ab9f430c49863.png,640,640,7,7,0,286ab9f430c4986366317e1361ee7749ab2074f101cf7eeb0f78e0b86ffc748e,47e2a079d652b1a118a32e069390eb6b4c2eb3a647b20758b1d1757ca11a5111
moderate,DetectDataset_clean_v2/test/images/video18_1688__1c984a819d666017.jpg,DetectDataset_clean_v2_motion_blur/moderate/images/video18_1688__1c984a819d666017.png,640,640,7,7,135,1c984a819d66601789a6c2981abff6740ab3de3aa82ba20ce61d7f570313cc1c,30a1891995af13842e10ce32fa096948b6a0cb7273117ec854816534896d2915
moderate,DetectDataset_clean_v2/test/images/video18_1706__29b44394d55ea632.jpg,DetectDataset_clean_v2_motion_blur/moderate/images/video18_1706__29b44394d55ea632.png,640,640,7,7,90,29b44394d55ea632e7731969e4b9ec70584a6785e1a8f0cc3edfcb5d0cf70f78,fb953498e5c6ddd6358a91422a40f9ab0b1755ee56ad5cc98818bd3290e0f88a
moderate,DetectDataset_clean_v2/test/images/video18_1747__fcfd7944fe2f78de.jpg,DetectDataset_clean_v2_motion_blur/moderate/images/video18_1747__fcfd7944fe2f78de.png,640,640,7,7,135,fcfd7944fe2f78de714ead0059c97e9f6a6275d4a3792e16f917d16ed57dff92,88715675c22108bb4eba9d87ee3c2126ca97d45c2fb140206af42c37db09dcd6
moderate,DetectDataset_clean_v2/test/images/video18_1765__22e116d77c556749.jpg,DetectDataset_clean_v2_motion_blur/moderate/images/video18_1765__22e116d77c556749.png,640,640,7,7,45,22e116d77c556749587549ff5f020956e69984d1b13efd70ba08119e6b39df6b,650b348650053a5902e13794edccc95de77a3c5afbba64953d1d048a52225b78
moderate,DetectDataset_clean_v2/test/images/video18_1769__6fdb9f266ad1f2cb.jpg,DetectDataset_clean_v2_motion_blur/moderate/images/video18_1769__6fdb9f266ad1f2cb.png,640,640,7,7,90,6fdb9f266ad1f2cbd6c216bcea6fe32185b8a280f7b2897e08db1e6d2118b315,b948691017fd9a1330d2d7c38f73085cdb741405dcb669cfd0ba39cdef57cf03
moderate,DetectDataset_clean_v2/test/images/video18_1776__741c32a4e3cb8a8c.jpg,DetectDataset_clean_v2_motion_blur/moderate/images/video18_1776__741c32a4e3cb8a8c.png,640,640,7,7,135,741c32a4e3cb8a8c2a2b19e4c1795a783aaa9b84d15601c7cb4ed3fef0853a98,8526d0a2249ea8e554ca28595bcb53891f2f22ec33d547e1c2cd4dd5776c5d86
moderate,DetectDataset_clean_v2/test/images/video18_1790__a28a1de30c900ece.jpg,DetectDataset_clean_v2_motion_blur/moderate/images/video18_1790__a28a1de30c900ece.png,640,640,7,7,90,a28a1de30c900eced1db4a8e9cf685daac6da6bc850e34320f2cc96d66d6a7ef,73a3f5aff5f10dd23e91821e2d06f77b2a3c01009347d21f892c1f7510576e1d
moderate,DetectDataset_clean_v2/test/images/video18_1793__745fde42bfc13973.jpg,DetectDataset_clean_v2_motion_blur/moderate/images/video18_1793__745fde42bfc13973.png,640,640,7,7,45,745fde42bfc13973c098d25bd4f1d3e72d3d3aa58c35b0dfe46fa7991b669442,58e49b8c16e7ad2fc9e70a3d78c5c6f8b44a3ec2bb806423846f4114c24c94d0
moderate,DetectDataset_clean_v2/test/images/video18_1796__3c1980368d8a203f.jpg,DetectDataset_clean_v2_motion_blur/moderate/images/video18_1796__3c1980368d8a203f.png,640,640,7,7,45,3c1980368d8a203f3c5019a7b0316b18919e3abd858d6f8364482a1949b4e32c,95de3580768e80d383bfbf27dd55bdb9de4984f18cbc0d632a2ac216d85cc46f
moderate,DetectDataset_clean_v2/test/images/video18_1797__9f4f4a1814a9e4c7.jpg,DetectDataset_clean_v2_motion_blur/moderate/images/video18_1797__9f4f4a1814a9e4c7.png,640,640,7,7,0,9f4f4a1814a9e4c7be30c2dc4ff0de34345191dd0dbbee9a1db5d7f37a0a2abc,27c683972e43f9e09bd809a26487ff63891b354e350196cc38b667da8dc59ae5
moderate,DetectDataset_clean_v2/test/images/video18_1810__3d16e96855c7be8e.jpg,DetectDataset_clean_v2_motion_blur/moderate/images/video18_1810__3d16e96855c7be8e.png,640,640,7,7,90,3d16e96855c7be8e0f9e6f6327fd6ffe3668ea924b84c4d5ab08fd4d25560770,1b136505903b6dd504c5bc6192530ff70759aae6b562b49abc1a50a77433e8e1
moderate,DetectDataset_clean_v2/test/images/video18_1819__7098091262955bb4.jpg,DetectDataset_clean_v2_motion_blur/moderate/images/video18_1819__7098091262955bb4.png,640,640,7,7,90,7098091262955bb4c6eaf0df16bb2ed5d37fea31be8f3e4525b94b280ebc5907,d5ac7ede62dd1a995d13355904d01b76863fc7f5d4b8e385a4ea857f6fde3da0
moderate,DetectDataset_clean_v2/test/images/video18_1821__dfbe91a6d2d9e08a.jpg,DetectDataset_clean_v2_motion_blur/moderate/images/video18_1821__dfbe91a6d2d9e08a.png,640,640,7,7,45,dfbe91a6d2d9e08aa1f5af57baedcfc9d2fa41fa63032d4761054c90866884d7,fcf4009473c7a7b5088625b830139552d89a0b8916fd90833e8bf9b3e5dd673b
moderate,DetectDataset_clean_v2/test/images/video18_1843__683424b494e4b901.jpg,DetectDataset_clean_v2_motion_blur/moderate/images/video18_1843__683424b494e4b901.png,640,640,7,7,45,683424b494e4b901ebaff3fd71151232fef0e7322a266315f84e5be15cece1e3,b06ffb7905331656abf52f7484d8770f2158217be11b67c6508a853e67d8942a
moderate,DetectDataset_clean_v2/test/images/video18_1848__6d8f66308422d39f.jpg,DetectDataset_clean_v2_motion_blur/moderate/images/video18_1848__6d8f66308422d39f.png,640,640,7,7,45,6d8f66308422d39f0052ac2f359212b5d2a461d04fa07442deb1db83aaaafa2f,17860792cb115f249592d96b756b3969acf86b31ce6b061caff85d14ae416a6c
moderate,DetectDataset_clean_v2/test/images/video18_1850__9c479f521812a298.jpg,DetectDataset_clean_v2_motion_blur/moderate/images/video18_1850__9c479f521812a298.png,640,640,7,7,135,9c479f521812a298bd92863b85722a2e1ffe26813b14dca7a575f442cfd8b1fc,1ad6e11c02c7aeb67b742628e63f39982c1467a82baf5366ae3a605948a1f781
moderate,DetectDataset_clean_v2/test/images/video18_1858__37cb9af58690ef16.jpg,DetectDataset_clean_v2_motion_blur/moderate/images/video18_1858__37cb9af58690ef16.png,640,640,7,7,90,37cb9af58690ef169f2440f9a3a563c8b2071e1e9413cd800f3ab5113f36391b,f4372c1ee3858f488349bdcf994ad2cc2c8fd145594c225cdc3032923a0e2497
moderate,DetectDataset_clean_v2/test/images/video18_1861__46f57083a0968527.jpg,DetectDataset_clean_v2_motion_blur/moderate/images/video18_1861__46f57083a0968527.png,640,640,7,7,135,46f57083a0968527b85c533eff8790de89dd70d8133c917e57f2367fa3f8601b,5767b5054e0888e86d5d1817130af73681a53cb991c28dcb200445d02aee8bc0
moderate,DetectDataset_clean_v2/test/images/video18_1866__82206853567efa32.jpg,DetectDataset_clean_v2_motion_blur/moderate/images/video18_1866__82206853567efa32.png,640,640,7,7,90,82206853567efa32538961c47f1b1d4758855956315a3243f91245895edf159d,4ea771743f81bf3bd86a4ab02bffe1f3dbd402ab416710e8711b445ad23ef5e1
moderate,DetectDataset_clean_v2/test/images/video18_1889__d9a4540c54c53e34.jpg,DetectDataset_clean_v2_motion_blur/moderate/images/video18_1889__d9a4540c54c53e34.png,640,640,7,7,45,d9a4540c54c53e34d424ed7d7d6003a573efed48197db81af2586305a333d18d,e288035f5d245447f6507c91579e8949f456d82acf77ef4457850ab52f78370c
moderate,DetectDataset_clean_v2/test/images/video18_1891__1724caa1c07d4793.jpg,DetectDataset_clean_v2_motion_blur/moderate/images/video18_1891__1724caa1c07d4793.png,640,640,7,7,135,1724caa1c07d47930e3d83d8c45e461cd14464dba6b1537e7afc3456a8c44b15,52f0c9391629f576028656b2db5c4ac52393e50795edbe01e05af77c0f9ee424
moderate,DetectDataset_clean_v2/test/images/video18_1900__5a3db0c8a0e7c92a.jpg,DetectDataset_clean_v2_motion_blur/moderate/images/video18_1900__5a3db0c8a0e7c92a.png,640,640,7,7,90,5a3db0c8a0e7c92a704b764e882c0b6ddd584e4afd980ee5d5a8b082227f45d3,e8de19af62a316eaf95419d4aa8d12a104b241bbb6a54e6b149708b84d175aaf
moderate,DetectDataset_clean_v2/test/images/video18_1905__f1478eca7788a321.jpg,DetectDataset_clean_v2_motion_blur/moderate/images/video18_1905__f1478eca7788a321.png,640,640,7,7,45,f1478eca7788a32190e2490faffcd6c3ff66c1bfb95b969f8b4cfab87073bdc0,45b69c34f7b70c1c07ace8625a2966ade7d95626a6747da4b1c3cb91cf3459c5
moderate,DetectDataset_clean_v2/test/images/video18_1919__d717dec18e506a6c.jpg,DetectDataset_clean_v2_motion_blur/moderate/images/video18_1919__d717dec18e506a6c.png,640,640,7,7,135,d717dec18e506a6c169ba5aa757c7106c0815b14161da964701caa72d0cb8e4d,8d83c52e06a86c8b07a482dd1458fe3ab752622b7c0a25620acf5c932d42e621
moderate,DetectDataset_clean_v2/test/images/video18_1920__4c20b8a9e9347652.jpg,DetectDataset_clean_v2_motion_blur/moderate/images/video18_1920__4c20b8a9e9347652.png,640,640,7,7,45,4c20b8a9e9347652d350383c2e547c0dc18d8b5a106be4512735e02691692e88,9c57ffc95920054ec1138fdd4003f3a6f90efb5e20261015250a72ec14b65955
moderate,DetectDataset_clean_v2/test/images/video18_1921__5ba536c13013e6a9.jpg,DetectDataset_clean_v2_motion_blur/moderate/images/video18_1921__5ba536c13013e6a9.png,640,640,7,7,135,5ba536c13013e6a991288f4d0fb6bdee8911119dfec58808c4e531e0e2f9ea0f,30b1c2211d94adf84fcc75e672169e9bdc183311a86e0445e23e6d3f9abe8b70
moderate,DetectDataset_clean_v2/test/images/video18_1925__c740789d4204710c.jpg,DetectDataset_clean_v2_motion_blur/moderate/images/video18_1925__c740789d4204710c.png,640,640,7,7,45,c740789d4204710cf1067e2da057a0db0f45f4ed699b75b1b12971529cc4eec8,c69fef2c58e2b8542b8143935241516a77b8dcdc7cc2c70b316b78f2d046aacd
moderate,DetectDataset_clean_v2/test/images/video18_1944__faac839631d19fc4.jpg,DetectDataset_clean_v2_motion_blur/moderate/images/video18_1944__faac839631d19fc4.png,640,640,7,7,90,faac839631d19fc4f8659f5286d1ccb02429beafbf6ed0ee2612154ba84e5207,551fe0626a88b4082e253658e1e9446964d6c4d24b85a50dd8d6cb5260a3c9a4
moderate,DetectDataset_clean_v2/test/images/video18_1981__b1949de2b916ed95.jpg,DetectDataset_clean_v2_motion_blur/moderate/images/video18_1981__b1949de2b916ed95.png,640,640,7,7,90,b1949de2b916ed95c72e5e8e384608eaca636eb71a2f64ed09a000ff19046af4,a81c688d3a33eefee8b402395bc6bbc187c6d3f0bc6a19e6f53ad4a7bc797daf
moderate,DetectDataset_clean_v2/test/images/video18_1984__578968381842bb35.jpg,DetectDataset_clean_v2_motion_blur/moderate/images/video18_1984__578968381842bb35.png,640,640,7,7,90,578968381842bb35dcdd29bac7b9ff9005dbea54f79333544e97bef47db988b5,fb99da52badfe6be296bdf8d73599acb3e38b477872016117cb807076d4ff293
moderate,DetectDataset_clean_v2/test/images/video18_1990__394a4f83da530768.jpg,DetectDataset_clean_v2_motion_blur/moderate/images/video18_1990__394a4f83da530768.png,640,640,7,7,45,394a4f83da530768c422a3794fcdce6f25c1ab9eb93b6b471430f594b7ad7d47,8dc3fa5c700ceeda12fc20f880fe812ac7fa652ab81ceaf022abbb3b681ac366
moderate,DetectDataset_clean_v2/test/images/video18_1992__1928b615ec5b8710.jpg,DetectDataset_clean_v2_motion_blur/moderate/images/video18_1992__1928b615ec5b8710.png,640,640,7,7,45,1928b615ec5b8710a2d73d52297dedb251176a12f15cfbeffff8f998cd58c0ed,152045ea2bd4b2d1a06c066454c69b2b84a5e9cb2ea2342aea16b07f83ca996f
moderate,DetectDataset_clean_v2/test/images/video18_2005__53dae3da8deed4d9.jpg,DetectDataset_clean_v2_motion_blur/moderate/images/video18_2005__53dae3da8deed4d9.png,640,640,7,7,45,53dae3da8deed4d9913a373dafa103447167c6999ece4328f23913b170cbf8ab,1cd3e5227af4fbd182fc93da2613c5a2fc340ccc9437e58e09114a1af084fcb6
moderate,DetectDataset_clean_v2/test/images/video18_2007__26791b73f84cd826.jpg,DetectDataset_clean_v2_motion_blur/moderate/images/video18_2007__26791b73f84cd826.png,640,640,7,7,90,26791b73f84cd8265df0c12a4f3ef4895aef3189182875c4a3510779dc7d2bae,68cd6964c46b79b059153d308ec691209aeeb5602a13e255608fda2530261555
moderate,DetectDataset_clean_v2/test/images/video18_2008__4340818bc1c08263.jpg,DetectDataset_clean_v2_motion_blur/moderate/images/video18_2008__4340818bc1c08263.png,640,640,7,7,135,4340818bc1c082639580eb2ac3ded52112c1ff9e4c1989e7d9d618fd8b8c4172,8a73d7e12773ba46b69ec97ab7d79f38a8b1d3b8defcd9e13c4a81ff56d2fdd7
moderate,DetectDataset_clean_v2/test/images/video18_2013__280e911fecf73e9c.jpg,DetectDataset_clean_v2_motion_blur/moderate/images/video18_2013__280e911fecf73e9c.png,640,640,7,7,45,280e911fecf73e9c10339179e05bdb626bc3b9853116d0d163c0db9c451a5270,254daa2afd2eff56dcbdcd73d21e6a50281078584642428aa32bf1aae19de95e
moderate,DetectDataset_clean_v2/test/images/video18_2038__ae78d5950dae6021.jpg,DetectDataset_clean_v2_motion_blur/moderate/images/video18_2038__ae78d5950dae6021.png,640,640,7,7,90,ae78d5950dae60212170b71787ab170d83a42765133da81b8114a7957728fa96,d735076ead79fece686f72e3bd23e579b007b806c4292ef99cae31d43bc57985
moderate,DetectDataset_clean_v2/test/images/video18_2083__36c45a2951be2632.jpg,DetectDataset_clean_v2_motion_blur/moderate/images/video18_2083__36c45a2951be2632.png,640,640,7,7,135,36c45a2951be26329c3bff5fd5433a014ec5f9f75cf756e4f7cfbf2525f5981e,c3f7afb58826c22118d3d3f7e8a0195ea6d2547e83304679d462dfa96713094b
moderate,DetectDataset_clean_v2/test/images/video18_2090__8ccf8b3ce5a63d70.jpg,DetectDataset_clean_v2_motion_blur/moderate/images/video18_2090__8ccf8b3ce5a63d70.png,640,640,7,7,0,8ccf8b3ce5a63d70f62eb5351db6ad83b3de9f4caaf1758758799c3f4f5dfef9,3a1746f15a02c94aa8c2eb6adc65e5b99f51cbda60f5a738aec976d59b94db02
moderate,DetectDataset_clean_v2/test/images/video18_2101__2572747c6a54c622.jpg,DetectDataset_clean_v2_motion_blur/moderate/images/video18_2101__2572747c6a54c622.png,640,640,7,7,90,2572747c6a54c6229f09620755c4926cff6d54345e741d424d937da7d54e97e1,2d10b675dfe30e347a330cb48f58a625ae26caa0bb92224205f9e5599e840f97
moderate,DetectDataset_clean_v2/test/images/video18_2161__956652a7bacd527a.jpg,DetectDataset_clean_v2_motion_blur/moderate/images/video18_2161__956652a7bacd527a.png,640,640,7,7,0,956652a7bacd527ab89feaa7c2b71f16047452c121af38cc043330ddaf3ef700,a5f4a7416edd994ea11b43ef6c2cf52dd4eee605e532a806d943998e4ca1e75c
moderate,DetectDataset_clean_v2/test/images/video18_2164__0f5ca8c6f8f59da5.jpg,DetectDataset_clean_v2_motion_blur/moderate/images/video18_2164__0f5ca8c6f8f59da5.png,640,640,7,7,90,0f5ca8c6f8f59da5cdf281586dd202e8729b8d730473ccd09debe28123a8217e,181bf5a636212b672709a66579437d07204cf100ba7e6239f9397e63af975817
moderate,DetectDataset_clean_v2/test/images/video18_2187__c7c8530b5c8973ba.jpg,DetectDataset_clean_v2_motion_blur/moderate/images/video18_2187__c7c8530b5c8973ba.png,640,640,7,7,0,c7c8530b5c8973ba9377438c1ac4c8b326e24aeb80caaddc6fa87379e16a8b5d,cf535ed854b8d6b12c21bc352d6bcc8089136bb6687bb4ceea7beab90a343b99
moderate,DetectDataset_clean_v2/test/images/video18_2414__139ece2412c83549.jpg,DetectDataset_clean_v2_motion_blur/moderate/images/video18_2414__139ece2412c83549.png,640,640,7,7,0,139ece2412c835494d7fc86de218372cbf740f5144e5608952cbfea66902cbef,e0f184857e5e41b97dfad74e6335e9203c006dc7d73931f982ebc24b5a457045
moderate,DetectDataset_clean_v2/test/images/video18_2415__d02fc7fed3b52233.jpg,DetectDataset_clean_v2_motion_blur/moderate/images/video18_2415__d02fc7fed3b52233.png,640,640,7,7,45,d02fc7fed3b5223366ea96ed5bafe1f7f8f3f783ef3b0a66130c4720428ca629,e197bd95cb0755b3c8874687a1168b65a7e931b0668192e39a88e13ec1e3f9e2
moderate,DetectDataset_clean_v2/test/images/video18_2525__781b6251a5eb99a8.jpg,DetectDataset_clean_v2_motion_blur/moderate/images/video18_2525__781b6251a5eb99a8.png,640,640,7,7,135,781b6251a5eb99a8941dd091d5f29aa5d10529210909d2014faf0cc28ca807e9,cb6c3f60c0ef44d57b0187c3ca927da99bf8d4f1d0d699c1ce6485869b689716
moderate,DetectDataset_clean_v2/test/images/video18_2526__1eaf0574a9d55c3c.jpg,DetectDataset_clean_v2_motion_blur/moderate/images/video18_2526__1eaf0574a9d55c3c.png,640,640,7,7,90,1eaf0574a9d55c3ca6eb30fc3de5cfd8288cadc43081e5a643dc75b2f99bf3af,bceb1cfb0192082dd35d8f8fa5dafb1e9f555e7b70d9f4507e4e69c78f4c0611
moderate,DetectDataset_clean_v2/test/images/video18_253__9aea3853c690ed8d.jpg,DetectDataset_clean_v2_motion_blur/moderate/images/video18_253__9aea3853c690ed8d.png,640,640,7,7,0,9aea3853c690ed8db7e3edc6d3679d36f54e561bf1e92d3846897cd96795820c,b6a2ed0241aa4ddfd4597b0730febaac5c045902e7fd3ec69f01e54d3f5a53ef
moderate,DetectDataset_clean_v2/test/images/video18_2545__2899109a74b7ae4b.jpg,DetectDataset_clean_v2_motion_blur/moderate/images/video18_2545__2899109a74b7ae4b.png,640,640,7,7,135,2899109a74b7ae4b559ada9b6cef9218324fe36d3dedbe2c807338808231c9e0,78e7ff71a289a88da8036ffeffb2c0e83d8a70e8fb5c10b5602f9836fce358c8
moderate,DetectDataset_clean_v2/test/images/video18_254__4f8f64e2d05afa6b.jpg,DetectDataset_clean_v2_motion_blur/moderate/images/video18_254__4f8f64e2d05afa6b.png,640,640,7,7,90,4f8f64e2d05afa6bcf1e0d28de2983cdf32b0c8c9840529c727af96b173ce788,600108debdfb86b055bb7c82c015fddb33a937abdf347e681b80e6618ad7bc0a
moderate,DetectDataset_clean_v2/test/images/video18_2556__22ed7091fcba9442.jpg,DetectDataset_clean_v2_motion_blur/moderate/images/video18_2556__22ed7091fcba9442.png,640,640,7,7,90,22ed7091fcba944289489e2978bd3f434be7e10ae2e0d151ea7acb0aa0610dbd,3b35c1ad112257a6dc6130f6708c867447c13816129d8e987c8c0effaa90c14f
moderate,DetectDataset_clean_v2/test/images/video18_2594__5afac6b1dd7522e3.jpg,DetectDataset_clean_v2_motion_blur/moderate/images/video18_2594__5afac6b1dd7522e3.png,640,640,7,7,135,5afac6b1dd7522e3105e317ebf6e6db54b00bdaa8938559e3fc9e42482d828bc,c531e053c397525d1230fed531a260c8ee26611f5cc46873180b8456b5564a09
moderate,DetectDataset_clean_v2/test/images/video18_2599__bf961c5f3a68efda.jpg,DetectDataset_clean_v2_motion_blur/moderate/images/video18_2599__bf961c5f3a68efda.png,640,640,7,7,45,bf961c5f3a68efda4789899fcfcabda400a14a6252450995a9731fe7d7344e42,1d990036ab776e4f7d75a9d47a6cd73b521bc546266f099653db4c66b022635b
moderate,DetectDataset_clean_v2/test/images/video18_259__633d135640986c35.jpg,DetectDataset_clean_v2_motion_blur/moderate/images/video18_259__633d135640986c35.png,640,640,7,7,90,633d135640986c356a9e48a915e8cad31722df21f57a706c1ddd2fd29b18182e,61c5a2da647774852fbe59b18e1c48cc8d3299b0d3bd7b902f4cedc4b6d05a59
moderate,DetectDataset_clean_v2/test/images/video18_2944__d82703403fac1f95.jpg,DetectDataset_clean_v2_motion_blur/moderate/images/video18_2944__d82703403fac1f95.png,640,640,7,7,90,d82703403fac1f95224eaa3f12791a70af703f7cea1dfa53898c699b0511ea8f,4c3ee882a35a936ba23222a84d024615b12ae1ff70a60233c97b01543bf4487c
moderate,DetectDataset_clean_v2/test/images/video18_515__d24749533fc524e0.jpg,DetectDataset_clean_v2_motion_blur/moderate/images/video18_515__d24749533fc524e0.png,640,640,7,7,45,d24749533fc524e0ea4238fee7f5ad2f4fff4489b0c449ccef450accab257a62,e0571002890f698ca3dc103986b7202cd38fffa63c9913cb4268adcedaf2168c
moderate,DetectDataset_clean_v2/test/images/video18_600__f40061a3ff6f48fe.jpg,DetectDataset_clean_v2_motion_blur/moderate/images/video18_600__f40061a3ff6f48fe.png,640,640,7,7,45,f40061a3ff6f48fe7dbe5fff32802e98283534df6af6149f5b81da87dd8ae785,37e3b0da4cc26d7df2dfbf7dd00598549a72ad23c12090aa97f6e766eccdb56b
moderate,DetectDataset_clean_v2/test/images/video18_601__567101f6640c986d.jpg,DetectDataset_clean_v2_motion_blur/moderate/images/video18_601__567101f6640c986d.png,640,640,7,7,45,567101f6640c986d436c59a17fa3a13260740cfc9d5ba179aad033e584c8585a,82af3414c073ce230ab9ab2efc4c5204fef15130c93ac3488245bf85aedaa1e6
moderate,DetectDataset_clean_v2/test/images/video18_666__e5f07e4de1f3e22b.jpg,DetectDataset_clean_v2_motion_blur/moderate/images/video18_666__e5f07e4de1f3e22b.png,640,640,7,7,0,e5f07e4de1f3e22b2ee0587e78b497d4e05dd85f9576f76afc5d6bbbfb9974cf,07e1276c0ba31d8788b4c8c3cee58bee8eeadbf0c0d5c5af072b22c1383efada
moderate,DetectDataset_clean_v2/test/images/video18_668__c75da7bbf0b8a5dd.jpg,DetectDataset_clean_v2_motion_blur/moderate/images/video18_668__c75da7bbf0b8a5dd.png,640,640,7,7,90,c75da7bbf0b8a5dd2efe5b7c1043466118dc783307654db9714d4b68e5f9b563,62c93247efd8d8b5565f5fa428c196eff06773d790431e328a8df6755ffa9995
moderate,DetectDataset_clean_v2/test/images/video19_1428__47763bb7c752b6ec.jpg,DetectDataset_clean_v2_motion_blur/moderate/images/video19_1428__47763bb7c752b6ec.png,640,640,7,7,0,47763bb7c752b6ec45ddba05bdf149dff3d8d6d0711114a29044e3d669658a97,21a9de6ffe80f2ea3ae93e80f9d97b706816e94da6dc2dbeb843300510c27042
moderate,DetectDataset_clean_v2/test/images/video19_1772__b6db2f779ec01b77.jpg,DetectDataset_clean_v2_motion_blur/moderate/images/video19_1772__b6db2f779ec01b77.png,640,640,7,7,0,b6db2f779ec01b779b5e0c6fe0df4e94f5c622c571260e8d3026444a2f10af57,8c88e82cfdbb185e2ff899985d06c94a9a560396dfd495fa24eb25af81d07abf
moderate,DetectDataset_clean_v2/test/images/video19_1773__307a1e0d05dbf313.jpg,DetectDataset_clean_v2_motion_blur/moderate/images/video19_1773__307a1e0d05dbf313.png,640,640,7,7,90,307a1e0d05dbf313dbd85d4f4da6aa481119308aaad4605f27eceae6c66fcf96,d7eaf6252ad52ecdd3d968fa049cfa5d05f25a766d1407d83346945a496e6999
moderate,DetectDataset_clean_v2/test/images/video19_1866__5e77d86a91bf3d4a.jpg,DetectDataset_clean_v2_motion_blur/moderate/images/video19_1866__5e77d86a91bf3d4a.png,640,640,7,7,0,5e77d86a91bf3d4a713ad153fa4b297a5c35c0ec192f618a3059c0276aa72eae,ac94bd72d0acdbda3c01563b0292bc9deaeb20d25b4ee33cc5b8d6118e068ef0
moderate,DetectDataset_clean_v2/test/images/video19_1872__752e24d6469e7ab0.jpg,DetectDataset_clean_v2_motion_blur/moderate/images/video19_1872__752e24d6469e7ab0.png,640,640,7,7,45,752e24d6469e7ab013c6ce932f899a548a81b4bb07a6d12e52104d939fc69223,6aab3511624f5f4f720976332fe2c2a60b601eb8b45e9125871df8baadc2ab70
moderate,DetectDataset_clean_v2/test/images/video19_1875__c6f234054c7548e9.jpg,DetectDataset_clean_v2_motion_blur/moderate/images/video19_1875__c6f234054c7548e9.png,640,640,7,7,45,c6f234054c7548e937f40e5342ec68002b202e4bf12d1f2ff969ea6bd059dc9d,a67dc17a48d1c1ba2af0d10a017a3a8c3a1684443866e29afa7e30a14be7f4de
moderate,DetectDataset_clean_v2/test/images/video19_1876__0018b721b8336c85.jpg,DetectDataset_clean_v2_motion_blur/moderate/images/video19_1876__0018b721b8336c85.png,640,640,7,7,90,0018b721b8336c85e60f75aafb64aa83bb01df7809f4c7e396f034891c166211,80533dfebf99ffb692cafff0c5a7425402c322567c864ac6f364005ed669102d
moderate,DetectDataset_clean_v2/test/images/video19_1883__d80f9484d702c165.jpg,DetectDataset_clean_v2_motion_blur/moderate/images/video19_1883__d80f9484d702c165.png,640,640,7,7,135,d80f9484d702c1659adfc854fe1cf13c239ab3f291642e409d40aee62f169d78,b9c0e1524b724aeb6370ec9bd4783f07af04b253dfaa8880063c38573a741435
moderate,DetectDataset_clean_v2/test/images/video19_1899__d77405d99edfa530.jpg,DetectDataset_clean_v2_motion_blur/moderate/images/video19_1899__d77405d99edfa530.png,640,640,7,7,135,d77405d99edfa530c1998f853b78ae5c252189f85ab7e5ff050d67b46371fcc1,c9d103e229b7441d20c338352da2a47531a04011bed88aa74369428791007b29
moderate,DetectDataset_clean_v2/test/images/video19_1901__55aee32d5918aaf4.jpg,DetectDataset_clean_v2_motion_blur/moderate/images/video19_1901__55aee32d5918aaf4.png,640,640,7,7,90,55aee32d5918aaf40a55a0930beecdb5024e84193f17900e0e1b2336ab4d5dfc,379cd0eae0591d03bf54a2d88af19a64213ffa801e0c3c1d5ebcad0d3aa69a7c
moderate,DetectDataset_clean_v2/test/images/video19_1902__d3ecead4b659a13b.jpg,DetectDataset_clean_v2_motion_blur/moderate/images/video19_1902__d3ecead4b659a13b.png,640,640,7,7,0,d3ecead4b659a13b1081e1cbc08e543170939d4f289af2cf276c393dcec31121,467a756ceaf1b6dd168c689d64e7f3e8af665ee52f1196a215e8a1769a8a2c94
moderate,DetectDataset_clean_v2/test/images/video19_1909__9c80eace2c9cb2da.jpg,DetectDataset_clean_v2_motion_blur/moderate/images/video19_1909__9c80eace2c9cb2da.png,640,640,7,7,45,9c80eace2c9cb2daf7f46d8d243add2a778184fef1aab3c9473b0bedc7abb5fa,a8ec663640bc34281f5d643999d65cad0e774d0810558b3cd6a85c488dc6e3de
moderate,DetectDataset_clean_v2/test/images/video19_1912__28b820afede5c837.jpg,DetectDataset_clean_v2_motion_blur/moderate/images/video19_1912__28b820afede5c837.png,640,640,7,7,90,28b820afede5c837a9d98fb0a464e7dfde59016e19cb0b2d0685069c8862d791,ec6dcfcf34476e50a81836d5f9234d78eb50bacd2cf164ab683c0c35dfc78ee0
moderate,DetectDataset_clean_v2/test/images/video19_2478__0eb2c561965f5931.jpg,DetectDataset_clean_v2_motion_blur/moderate/images/video19_2478__0eb2c561965f5931.png,640,640,7,7,90,0eb2c561965f5931d2701c1255c30e1278999ab6a55d63ebddca4c7966f6d082,9f78311d22d7b67fcd48eb0491dbebfaeb313de593a9716f38804b3509bf23bd
moderate,DetectDataset_clean_v2/test/images/video19_2488__ccc5312cda3d563a.jpg,DetectDataset_clean_v2_motion_blur/moderate/images/video19_2488__ccc5312cda3d563a.png,640,640,7,7,135,ccc5312cda3d563a91b515e7e0ef6d8fb8a4c250901d3124775ebf8421566b93,c8eaf8025172df5e40bfe2cda8cd03fb6a4258eebb45493c0916cb8a7f27d661
moderate,DetectDataset_clean_v2/test/images/video19_2491__ad382c920ee30336.jpg,DetectDataset_clean_v2_motion_blur/moderate/images/video19_2491__ad382c920ee30336.png,640,640,7,7,135,ad382c920ee30336d1efda2c3f763527066d2186d5c80f0caff4864798bc81c9,2fc645a144b00bab7c52a7f23bd88826e791f3f18bd6d06a09ea49c4aeb9dd75
moderate,DetectDataset_clean_v2/test/images/video19_2499__85f8af8bb249b346.jpg,DetectDataset_clean_v2_motion_blur/moderate/images/video19_2499__85f8af8bb249b346.png,640,640,7,7,90,85f8af8bb249b346a2c251b01204e0cce306bd2f38b0758969b0ee7f31b0940a,a6389d1e510513b45f35b33657d31978f7d5fda773b42cc1a60e600e3337d876
moderate,DetectDataset_clean_v2/test/images/video19_2623__05182ae102d24ce4.jpg,DetectDataset_clean_v2_motion_blur/moderate/images/video19_2623__05182ae102d24ce4.png,640,640,7,7,0,05182ae102d24ce4841b670d6fb7a52f00ff4b373e7e573341a4a2d15fcfc903,a03834362dd96bc7a17abc4e5b6f0aa342c89915dc99edc0b47af215000b3e71
moderate,DetectDataset_clean_v2/test/images/video19_2636__ec7b3adf77f1f9e2.jpg,DetectDataset_clean_v2_motion_blur/moderate/images/video19_2636__ec7b3adf77f1f9e2.png,640,640,7,7,0,ec7b3adf77f1f9e25019f0542b56d0f974365ff2c1043a2454f9ac158f9fbf16,0cb268cffcd4946bd17223d80180eaa62cbb91568760804995099cda7134f99f
moderate,DetectDataset_clean_v2/test/images/video19_2642__1136fd0125729096.jpg,DetectDataset_clean_v2_motion_blur/moderate/images/video19_2642__1136fd0125729096.png,640,640,7,7,90,1136fd0125729096089a5df0e8926361f685944cc60a47610ab5907615339764,9804283d59226eabdad5b2a9ed63be6838d08d65055b1057b29873649f34596f
moderate,DetectDataset_clean_v2/test/images/video19_2949__c4d17f67666b86eb.jpg,DetectDataset_clean_v2_motion_blur/moderate/images/video19_2949__c4d17f67666b86eb.png,640,640,7,7,0,c4d17f67666b86ebf75f1d547374993b882b0c289f974daba8e2ad5e8c080b2e,8ed71d023d55bbc296abc773ee27c13ad06155a1b7a4c6c5f484c9d87d6a37e1
moderate,DetectDataset_clean_v2/test/images/video19_906__3a73a74d47c30268.jpg,DetectDataset_clean_v2_motion_blur/moderate/images/video19_906__3a73a74d47c30268.png,640,640,7,7,0,3a73a74d47c30268d0c5ce2e5a26b1e87693419ceb0337017c6ceb6afd123518,d6dbc7a686ab6ba2f911bd2c7520dc4ec9d16a51bf1db3b55be0a2194dcf73af
moderate,DetectDataset_clean_v2/test/images/video19_927__4dfda6202105bfcf.jpg,DetectDataset_clean_v2_motion_blur/moderate/images/video19_927__4dfda6202105bfcf.png,640,640,7,7,90,4dfda6202105bfcf5c12d4ce7347d6298deac8af55085b093fdd2625b82b9889,0fd18f6367d7418352d950afe89d0864e08f3468c6d405c8a0aa5e44278e7e67
moderate,DetectDataset_clean_v2/test/images/video19_938__b4572cf7564210cd.jpg,DetectDataset_clean_v2_motion_blur/moderate/images/video19_938__b4572cf7564210cd.png,640,640,7,7,135,b4572cf7564210cd5778e49a522cf8253e3c4dbd1bca3f04afe86d3c51268d1f,023e43faad3fddbfb2984409016adca95406b011ade694ae4970198a9cabd2b6
moderate,DetectDataset_clean_v2/test/images/video19_939__594def91de3a0c66.jpg,DetectDataset_clean_v2_motion_blur/moderate/images/video19_939__594def91de3a0c66.png,640,640,7,7,45,594def91de3a0c663bc5c45851d8b0a851f8ba303c70db219af4c824406134e4,f074f1d0e71b2dcc8ac8a64ff1316d15fe02589ba7f72d3a3ff4d8db71829a16
moderate,DetectDataset_clean_v2/test/images/video414__33c5712d232c5aca.jpg,DetectDataset_clean_v2_motion_blur/moderate/images/video414__33c5712d232c5aca.png,640,640,7,7,135,33c5712d232c5aca4e07053681825058afeaf4492fd7dd2762f6b8faf037621b,156fb74925579094e480856813c43ec1fd73321b996c609c1a4cb76a9ae31830
moderate,DetectDataset_clean_v2/test/images/video416__86d308a39b2c9824.jpg,DetectDataset_clean_v2_motion_blur/moderate/images/video416__86d308a39b2c9824.png,640,640,7,7,90,86d308a39b2c9824ce049d55645719143e85764441d6fc5a8eec189f03776b44,f5e7ea9805d108c7092a63f7446230dcb07eebf881e9882ce1a61c2c2f348746
moderate,DetectDataset_clean_v2/test/images/video513__61af13db06a5ebd8.jpg,DetectDataset_clean_v2_motion_blur/moderate/images/video513__61af13db06a5ebd8.png,640,640,7,7,135,61af13db06a5ebd8af8a04117c1ab9f3c7d4ffcc62b27a80c156b308de2e8e17,3b296f1aa90d48d0def39494925da4526f986c3380c31cc847f6c34f4bb34b8a
moderate,DetectDataset_clean_v2/test/images/video535__f203902fdbed8097.jpg,DetectDataset_clean_v2_motion_blur/moderate/images/video535__f203902fdbed8097.png,640,640,7,7,135,f203902fdbed8097ad97717b3298477fb9f3fca4901b72587043164c633035f1,e7675fbdb6505667b4e686c035f4e0b2cc18d2efdd3f5221234d3e67faf76690
strong,DetectDataset_clean_v2/test/images/0005__aa871f1ff5e8efd7.jpg,DetectDataset_clean_v2_motion_blur/strong/images/0005__aa871f1ff5e8efd7.png,640,640,11,11,0,aa871f1ff5e8efd7ffc68cf5b8022c111cea84682ed9624958aa6acf535fe757,6aaa6d5845b0a08a1c519c4d22256559f772f2130bc50eec9f4eef667cf8e440
strong,DetectDataset_clean_v2/test/images/0010__28fe9411ea009e7a.jpg,DetectDataset_clean_v2_motion_blur/strong/images/0010__28fe9411ea009e7a.png,640,640,11,11,45,28fe9411ea009e7adbe830d04d47f3b71ecfa887740e14994f01ed10224e509f,3e44c049923c95dd300a59de1c5a499bbf30f07507c314d27ee5045eb78e28da
strong,DetectDataset_clean_v2/test/images/0025__d91cb569f572383c.jpg,DetectDataset_clean_v2_motion_blur/strong/images/0025__d91cb569f572383c.png,640,640,11,11,45,d91cb569f572383cf80ca8dd324598ee40310d867cf4684965107e2c9e7f592a,ba88efec4e81c69b733bdf6aefbae6f1756826e72c275696bc1ac46c0c18518f
strong,DetectDataset_clean_v2/test/images/0037__fbb9236390f81e06.jpg,DetectDataset_clean_v2_motion_blur/strong/images/0037__fbb9236390f81e06.png,640,640,11,11,90,fbb9236390f81e06ec06be23c7e9b7403ab4719d23b4c479c92f12f12f6ab070,79fb9fa94b524187cefd79dfdb46fa1603d4fc1ab57a0d9d116f71c5ced1a70f
strong,DetectDataset_clean_v2/test/images/0083__5bb83f7b65d68134.jpg,DetectDataset_clean_v2_motion_blur/strong/images/0083__5bb83f7b65d68134.png,640,640,11,11,0,5bb83f7b65d68134e42105ebd411834dd2a62d38c1071b9d4dc40df0d6cf3c50,6757cba1938cc741e908aa2fa296e471bf5ea163edabed8402882df9a7aec28e
strong,DetectDataset_clean_v2/test/images/0225__fdbdf33169142e54.jpg,DetectDataset_clean_v2_motion_blur/strong/images/0225__fdbdf33169142e54.png,640,640,11,11,135,fdbdf33169142e5434009873a9c4c1b3b9c5044f79b52cfb82d1661d12610177,8a6db8ec60594a95b88a171c71f651cf3994c3617278cffa5a5d8ca253516f52
strong,DetectDataset_clean_v2/test/images/0248__02e5f369eacddcaa.jpg,DetectDataset_clean_v2_motion_blur/strong/images/0248__02e5f369eacddcaa.png,640,640,11,11,45,02e5f369eacddcaabb4ba920aab21f04b01e31a137e99871251504656dada814,ee2bf52230a597d1d1638efdeaecb8c39ea32344f88d4222a803db55000a6a06
strong,DetectDataset_clean_v2/test/images/0263__0a771e319bfc9dd6.jpg,DetectDataset_clean_v2_motion_blur/strong/images/0263__0a771e319bfc9dd6.png,640,640,11,11,135,0a771e319bfc9dd61f185d9540f7dbf282f5a50a12b21e5413b583370b53eb05,a1b315bb2027bc54bedc4e6f2abc2501a09724a44d56cabaa5a6ec4e2ba922de
strong,DetectDataset_clean_v2/test/images/0279__959433517c68b88d.jpg,DetectDataset_clean_v2_motion_blur/strong/images/0279__959433517c68b88d.png,640,640,11,11,135,959433517c68b88d4785e1c43a26fff2d4d26621620d3dbc8fc6f8acc391c089,a14cd288c2f3b1bc72db8b1ead71c03196e97d01a6abccf9ec71d125bcecf9bc
strong,DetectDataset_clean_v2/test/images/0281__380ff611f25a7b46.jpg,DetectDataset_clean_v2_motion_blur/strong/images/0281__380ff611f25a7b46.png,640,640,11,11,135,380ff611f25a7b467ecaa71c77d89134ec24cd7ec46d150a46cba6ecd354c94b,67db60b6e90f7f493b3effc2cefe4bde11b8c17be95b3655dca02a52d5e48db6
strong,DetectDataset_clean_v2/test/images/0291__597de5e2b591573d.jpg,DetectDataset_clean_v2_motion_blur/strong/images/0291__597de5e2b591573d.png,640,640,11,11,90,597de5e2b591573d7d3eecd443b54a02a04e1692e80f8778f4f64c54b2631a07,1609d76ef566a46647b7ed8fcfc0bdcb384918a010cb1d4fd23c330b397ea135
strong,DetectDataset_clean_v2/test/images/03012017-dji-phantom-flying-sky-260nw-554568589__98caaae84a33eae5.jpg,DetectDataset_clean_v2_motion_blur/strong/images/03012017-dji-phantom-flying-sky-260nw-554568589__98caaae84a33eae5.png,640,640,11,11,0,98caaae84a33eae53b160923e8f4e9988ace8fee3821671f7b790678555da712,a4f223d474aaedcd334e7973aea88e8154af5ab2baa583062382d2e41bd64dc2
strong,DetectDataset_clean_v2/test/images/03012017-dji-phantom-flying-sky-260nw-554568664__4c73ee1996b388b0.jpg,DetectDataset_clean_v2_motion_blur/strong/images/03012017-dji-phantom-flying-sky-260nw-554568664__4c73ee1996b388b0.png,640,640,11,11,90,4c73ee1996b388b0fef48fad7d464e97468672e3ea926f8d4146e3971897e336,f5f2b6fbd1202adf2cdf43e61849023bf7419a4daf5218b69da45b0d2886c45a
strong,DetectDataset_clean_v2/test/images/0308__57a9318aa33104e0.jpg,DetectDataset_clean_v2_motion_blur/strong/images/0308__57a9318aa33104e0.png,640,640,11,11,0,57a9318aa33104e03b0bff709298795a3f443db014447e117a4860287ac1e238,d35221de8c65de67c41bec2aaa5977e19cb520d2efed61c10c92096f9b44a868
strong,DetectDataset_clean_v2/test/images/0321__535e6639180193dc.jpg,DetectDataset_clean_v2_motion_blur/strong/images/0321__535e6639180193dc.png,640,640,11,11,45,535e6639180193dc3fb2ef431d22c1857876533d9dac1b6996a5a65df69ea2da,5fba024ad212a9823b7874cbbe2561cf0f4510c742263b555eb320b80a71c454
strong,DetectDataset_clean_v2/test/images/0324__a7dc0c946e30ae69.jpg,DetectDataset_clean_v2_motion_blur/strong/images/0324__a7dc0c946e30ae69.png,640,640,11,11,0,a7dc0c946e30ae69f64cc1d57627b602d9b61c7c3b6bbec92a77d26e070bf8a7,9290a330db25b38faab76cdd5c323e96dc9ba6b4a5d7b12dc98e9749413dbaad
strong,DetectDataset_clean_v2/test/images/09-february-2017-ufa-russia-260nw-1062076787__650abbf7d7f5f7a5.jpg,DetectDataset_clean_v2_motion_blur/strong/images/09-february-2017-ufa-russia-260nw-1062076787__650abbf7d7f5f7a5.png,640,640,11,11,0,650abbf7d7f5f7a5549b9b09900df2cc24443d7b95640ad88da05742becbb4fe,8bbcc6971004b85a3e31452be9894d7b06226bd006af56b1625d9629c61fffc2
strong,DetectDataset_clean_v2/test/images/122__bd063d14408b12df.jpg,DetectDataset_clean_v2_motion_blur/strong/images/122__bd063d14408b12df.png,640,640,11,11,45,bd063d14408b12dfb4e54d586a65a0c558ec88c80b0d98fd6a96126e9836ecc1,2f1701c4b78e6975f5438affef354de1e2fede7e6c14c41dd73069955330c2da
strong,DetectDataset_clean_v2/test/images/140__376aacbd48d1b1c2.jpg,DetectDataset_clean_v2_motion_blur/strong/images/140__376aacbd48d1b1c2.png,640,640,11,11,0,376aacbd48d1b1c2cf9b23b374de4e3335014d17657db48579a66c29317f9cdb,135cba8c41321184f3f2c9bd6892af45aca8fb49a8612395440d63f25f249fa6
strong,DetectDataset_clean_v2/test/images/148__4e006be8fa6ae7d4.jpg,DetectDataset_clean_v2_motion_blur/strong/images/148__4e006be8fa6ae7d4.png,640,640,11,11,135,4e006be8fa6ae7d481c3764f46cf506ca25be362cd75c1a5ea03b797e7c66763,80468a4195d76f5d90748359cd0fc532c8ac55bdffdce7b4d9fbbcb07369e30d
strong,DetectDataset_clean_v2/test/images/158__b64ccd41b29407e3.jpg,DetectDataset_clean_v2_motion_blur/strong/images/158__b64ccd41b29407e3.png,640,640,11,11,135,b64ccd41b29407e37c728b592a53d69e3bb81d46a8748023934fe46634f0350a,e387fa54cbf7516120c1e370394fbedef390280d5a844d7bb10dd04ce870331b
strong,DetectDataset_clean_v2/test/images/167__d57bbb907a3a5a10.jpg,DetectDataset_clean_v2_motion_blur/strong/images/167__d57bbb907a3a5a10.png,640,640,11,11,90,d57bbb907a3a5a10b8776fefdbb265a7c5acf4739f36f31f99e4e127db0b8a33,7d6cc5583d370326f709fdc742f8d5073e372b51c8e61ab4a1fbc489b36b41ca
strong,DetectDataset_clean_v2/test/images/181__a5d5cd548b35a010.jpg,DetectDataset_clean_v2_motion_blur/strong/images/181__a5d5cd548b35a010.png,640,640,11,11,135,a5d5cd548b35a010274abcf3481ae5d4e1ef3a927874cec773cd95102b8bd617,44f5f6fe545167e15d12fae94ff0bfe34729cd0c0af6edc84f0eaa6a4e78de12
strong,DetectDataset_clean_v2/test/images/182__11623165f55aa6a1.jpg,DetectDataset_clean_v2_motion_blur/strong/images/182__11623165f55aa6a1.png,640,640,11,11,0,11623165f55aa6a15fd4e7f0604a65b2e5f02801e66113baca73c16a0ec214e8,410754aeb9c4cc1b647f34d8dac30f33572a351df88c3c2bed04deb601e8b439
strong,DetectDataset_clean_v2/test/images/198__2b069db6a93beea2.jpg,DetectDataset_clean_v2_motion_blur/strong/images/198__2b069db6a93beea2.png,640,640,11,11,0,2b069db6a93beea284adeac7716233964e2c522e5e438c6d10e465d3a8d67c33,ec9bf95e0a126bc304fe35742311d2d161f8a85069d6d47fb55f7ea4461134d9
strong,DetectDataset_clean_v2/test/images/198__997a3aba7bb7473d.jpg,DetectDataset_clean_v2_motion_blur/strong/images/198__997a3aba7bb7473d.png,640,640,11,11,135,997a3aba7bb7473d2486b89990b63401ca7b6c58c44f0e3e8ce603710e7061fb,6228e89c9b872392e5f1be0ac55e0e34309229b76f78e0cd9df00ec61aa8a1a7
strong,DetectDataset_clean_v2/test/images/221__468d93c10a623a73.jpg,DetectDataset_clean_v2_motion_blur/strong/images/221__468d93c10a623a73.png,640,640,11,11,135,468d93c10a623a735c50c41d44aa5a44592886906f118158f8d398159b342aeb,80b5979d4078c1e18b69e6b62d558bb01578a8d1a3e73c66b522add5e8cce497
strong,DetectDataset_clean_v2/test/images/22__3e3bdfa402d987be.jpg,DetectDataset_clean_v2_motion_blur/strong/images/22__3e3bdfa402d987be.png,640,640,11,11,0,3e3bdfa402d987be323ab7a83e85ac0a4940acd77992fa6413223c8d72ec22b8,d8de065500952626aeb556f5197394f45e25d4a9cc9af477b7e00d15b5774cb3
strong,DetectDataset_clean_v2/test/images/22__8763b483fe709c57.jpg,DetectDataset_clean_v2_motion_blur/strong/images/22__8763b483fe709c57.png,640,640,11,11,45,8763b483fe709c57ccadbab01dd7f95debe22e7847ab1d48e91387bdd9899198,59eb83225c38b5b0c47c66455341eba9c796cb3a5143fb94fd14895bca556329
strong,DetectDataset_clean_v2/test/images/259__d726be559a1e5c59.jpg,DetectDataset_clean_v2_motion_blur/strong/images/259__d726be559a1e5c59.png,640,640,11,11,45,d726be559a1e5c594b7b8cf96b16552f5af882760e0a025e3673514785feb28d,921ab053716931d45e790e52c3236d6fa20c76400ecbb2377b3016be12b28b2f
strong,DetectDataset_clean_v2/test/images/259__e4b81d66ff0ba2e0.jpg,DetectDataset_clean_v2_motion_blur/strong/images/259__e4b81d66ff0ba2e0.png,640,640,11,11,45,e4b81d66ff0ba2e037abdef9f7646816f24ef60311aba5a88a58d1498292a883,4b14fb73fd0ae5b0e6383400866c4f822a1c8d98a023f73d41c6d7ec6f694ff8
strong,DetectDataset_clean_v2/test/images/273__d4d588c53ed2358a.jpg,DetectDataset_clean_v2_motion_blur/strong/images/273__d4d588c53ed2358a.png,640,640,11,11,90,d4d588c53ed2358ac9df77d801a7afc4dca8ddf42868c39a40adeeb7469f8c4e,d991e7192a8365745a6bbc1059f6a26959045b1539e12155b06be12452bb8d42
strong,DetectDataset_clean_v2/test/images/273__f254036982f67bf8.jpg,DetectDataset_clean_v2_motion_blur/strong/images/273__f254036982f67bf8.png,640,640,11,11,0,f254036982f67bf8a37e56c67bd790945175f299679df41732a194aa87e6497a,6e15e27db17d0473d9d2a518062fbb5a16aadeb3f994534a196430a8b6c6c218
strong,DetectDataset_clean_v2/test/images/278__2a8c97f246756125.jpg,DetectDataset_clean_v2_motion_blur/strong/images/278__2a8c97f246756125.png,640,640,11,11,0,2a8c97f246756125445b3c9a5bf345697a038f04227e3e61d3ac5ea77206c699,44300c8625dd2749afdbea7c69a140cb897c09476486b8df5933b5c91de8a947
strong,DetectDataset_clean_v2/test/images/293__84d7823b8dbb1106.jpg,DetectDataset_clean_v2_motion_blur/strong/images/293__84d7823b8dbb1106.png,640,640,11,11,90,84d7823b8dbb1106856e3234b325b2d581217160a9d6967fc4d14b45116e6aff,38502af18be34aa9e8d746a9cb2a3dc12c81864dc90e89b039cc117edd44d77b
strong,DetectDataset_clean_v2/test/images/293__ad2501f458321f04.jpg,DetectDataset_clean_v2_motion_blur/strong/images/293__ad2501f458321f04.png,640,640,11,11,90,ad2501f458321f0429e22158c39518cbfe533816a133c843a6c21b9682a3b322,d24a851f1c99ddb1b856595c2ce9ccbc9df91119b90c1b1cbe3062fd69d785ce
strong,DetectDataset_clean_v2/test/images/295__767b721c5ae5a2cb.jpg,DetectDataset_clean_v2_motion_blur/strong/images/295__767b721c5ae5a2cb.png,640,640,11,11,90,767b721c5ae5a2cbad97b8d541f0e2e1aba2b07fb6d858802d2d6e4500a7da5d,cd8c2002b8d616b53f09982444f6d8548a1ea3f63c675d6614d151887a597873
strong,DetectDataset_clean_v2/test/images/298__9009589d436723ed.jpg,DetectDataset_clean_v2_motion_blur/strong/images/298__9009589d436723ed.png,640,640,11,11,135,9009589d436723ed79ea4cbb84139efcbb69db3ee262761a6e2828aec2548ab8,917cadd7a1801402b25b3ba6d4af3533a2f116b7aed92ae50a8f4b8555ad51b7
strong,DetectDataset_clean_v2/test/images/298__b65d77d4c3be0668.jpg,DetectDataset_clean_v2_motion_blur/strong/images/298__b65d77d4c3be0668.png,640,640,11,11,90,b65d77d4c3be06684c66b8191609b0aa7981e57ce5aa914f17617e987003a776,69d23a8e38a295c6f00eae25488f352415b81326a727df80ac7f54d267dab9ec
strong,DetectDataset_clean_v2/test/images/304__2835d0d122a23c98.jpg,DetectDataset_clean_v2_motion_blur/strong/images/304__2835d0d122a23c98.png,640,640,11,11,135,2835d0d122a23c98dbeea97b1bacdc8de8b2505056243da004d9da00c2d4a964,0142a32685c8f2f0f1cb62a07d7b50006eb2e6090a4b26cadc37105d4b8d24f8
strong,DetectDataset_clean_v2/test/images/310__f7271036151162c5.jpg,DetectDataset_clean_v2_motion_blur/strong/images/310__f7271036151162c5.png,640,640,11,11,45,f7271036151162c582f77ada81dfa513be696fdd75fb1677f2e785d53bf78a72,8e907bcb3c465d0bd7150a981cb28b8390b800bae7831d97ae647cb4214aa909
strong,DetectDataset_clean_v2/test/images/316__581699c698a1df49.jpg,DetectDataset_clean_v2_motion_blur/strong/images/316__581699c698a1df49.png,640,640,11,11,45,581699c698a1df49018b12e146bf673f9ccc6e640810433d994230a03d6a14c2,e667e4eeae491ca44210850a669e548af48252d418fd2e6f29cb4e528ab8a442
strong,DetectDataset_clean_v2/test/images/319__1d9786b7a6c58d09.jpg,DetectDataset_clean_v2_motion_blur/strong/images/319__1d9786b7a6c58d09.png,640,640,11,11,135,1d9786b7a6c58d09b39d699bf9336a041e51a98165a732905885ff66ad994cbf,8936d29057f1ee460ed3b41bffe622a1651ccfc50e0563428a8c68c72be572f1
strong,DetectDataset_clean_v2/test/images/31__9a36612bf0b40798.jpg,DetectDataset_clean_v2_motion_blur/strong/images/31__9a36612bf0b40798.png,640,640,11,11,0,9a36612bf0b40798f2a356e144ef3a5cd500a2b8af532008d7182b9c3254b6a1,644f5e7fbb7a6079728988aa4a1dfa9f161e5fc89cd2101da9cced1df366f254
strong,DetectDataset_clean_v2/test/images/32__6cb48d04b9498db0.jpg,DetectDataset_clean_v2_motion_blur/strong/images/32__6cb48d04b9498db0.png,640,640,11,11,45,6cb48d04b9498db07c7960b3b528aa6ad8499c00368b0e5e44015637c4b4e4a4,1ee91d1939fde081546eb48e8ee7bceedd47d1ec4503b3c73721a3e356b7e7be
strong,DetectDataset_clean_v2/test/images/338__dc542c16fc3e21f0.jpg,DetectDataset_clean_v2_motion_blur/strong/images/338__dc542c16fc3e21f0.png,640,640,11,11,135,dc542c16fc3e21f05717507f6ba0d81bb0923cdc241f6d5902b92a49a620b188,eb562743d540e19448229aa48226841c5c6f37017fa0a99e1e6e40b47903f9a7
strong,DetectDataset_clean_v2/test/images/50__499a2c311beadb62.jpg,DetectDataset_clean_v2_motion_blur/strong/images/50__499a2c311beadb62.png,640,640,11,11,135,499a2c311beadb62b824dd83e9314b26f3ba2c7556f3929ab4dda11c56ca6064,b218be3e4127fd6cc91f2bc275c14b3d9f426f240e8f94cff1269a6ccd1b3a33
strong,DetectDataset_clean_v2/test/images/54__70fa80faef8da7a0.jpg,DetectDataset_clean_v2_motion_blur/strong/images/54__70fa80faef8da7a0.png,640,640,11,11,135,70fa80faef8da7a08ab315cce5f75751dd5e0b93756fe357c3a36e113f131e09,151c4dd33d3d5642b8c99e42c64520827d18843228f1896e74b359bd5e66d627
strong,DetectDataset_clean_v2/test/images/54__9703ee162bf445c9.jpg,DetectDataset_clean_v2_motion_blur/strong/images/54__9703ee162bf445c9.png,640,640,11,11,0,9703ee162bf445c9da21349ecbea44242c06e49952676efec3b9fe5fdc7ca6a3,d8ae900e5ea3af81596a504d72916f933990becd8faf04231b5d036d48afb241
strong,DetectDataset_clean_v2/test/images/56__8953c8e8f0a3a1b4.jpg,DetectDataset_clean_v2_motion_blur/strong/images/56__8953c8e8f0a3a1b4.png,640,640,11,11,90,8953c8e8f0a3a1b4502605c8b371f784408717e313dd62f100a34254ea6b4243,a2458cc2a26cd3e1781c376cbd6965a8b67e99e1f463d9bb0d3a62aa252e82bb
strong,DetectDataset_clean_v2/test/images/58__6d38ba767c237e8e.jpg,DetectDataset_clean_v2_motion_blur/strong/images/58__6d38ba767c237e8e.png,640,640,11,11,45,6d38ba767c237e8e12c0880bd3003db1184d5a69154350e0f9024ca174b57224,f4bb3086f91284d6dfa1650e0569211bacb6b44906b0ced89057aa01032e4f9f
strong,DetectDataset_clean_v2/test/images/80__f3878782baca7df7.jpg,DetectDataset_clean_v2_motion_blur/strong/images/80__f3878782baca7df7.png,640,640,11,11,135,f3878782baca7df7b6d00e5c40288b0b61e85b85ebb907355dbdd447102f2b98,3fac091f1096832cdc6cfce71a809a58b168fefcb92e4789bb1d562f4d183989
strong,DetectDataset_clean_v2/test/images/93__020e74ca2e03e9f0.jpg,DetectDataset_clean_v2_motion_blur/strong/images/93__020e74ca2e03e9f0.png,640,640,11,11,45,020e74ca2e03e9f0e1a03565c01e5d40b06e87c31d5279fba1e843156ffb4488,b59a631c1ad9362cbbff772d08b63cb093bd8c31a9d7def40674c9e97a0be9c3
strong,DetectDataset_clean_v2/test/images/action-260nw-619858790__b0e2b13a73c82756.jpg,DetectDataset_clean_v2_motion_blur/strong/images/action-260nw-619858790__b0e2b13a73c82756.png,640,640,11,11,45,b0e2b13a73c827560855f541fe713c93f48a6808cc0383892c44b2fb81396b88,3d94cf6e160581bed41cc8ecc914449b3379256a372771c06716fc17a30c29cd
strong,DetectDataset_clean_v2/test/images/astana-kazakhstan-december-18-2017-260nw-778116880__829a8b627653e6ea.jpg,DetectDataset_clean_v2_motion_blur/strong/images/astana-kazakhstan-december-18-2017-260nw-778116880__829a8b627653e6ea.png,640,640,11,11,135,829a8b627653e6eac109287768b76472484002f20afbda1d6d0b87747a4ca113,12febf4135a79a6e3e16364c95092de95ff2cdd63e41df34619adcc87c1596b1
strong,DetectDataset_clean_v2/test/images/astana-kazakhstan-september-2-2017-260nw-721055803__64fd4d07741ee732.jpg,DetectDataset_clean_v2_motion_blur/strong/images/astana-kazakhstan-september-2-2017-260nw-721055803__64fd4d07741ee732.png,640,640,11,11,45,64fd4d07741ee7326df676fc97664d5d4d3120d4c2d7f898d3fcb701eb7a7a84,381198de4920c58b448f8cda08732280e8ed3a71aa60b967eaa92ed45d324de7
strong,DetectDataset_clean_v2/test/images/astana-kazakhstan-september-2-2017-260nw-721055809__a96fcdcd6e2a2f85.jpg,DetectDataset_clean_v2_motion_blur/strong/images/astana-kazakhstan-september-2-2017-260nw-721055809__a96fcdcd6e2a2f85.png,640,640,11,11,90,a96fcdcd6e2a2f853b8a37eb295708dc2595f2ace999553ef54d318e5f3553f6,01032a540de3c9c0c4a7df63a9d0881e73832efb337429a6e2f438fa7cbee10f
strong,DetectDataset_clean_v2/test/images/astana-kazakhstan-september-2-2017-260nw-721055815__8a2b2398afcfee0f.jpg,DetectDataset_clean_v2_motion_blur/strong/images/astana-kazakhstan-september-2-2017-260nw-721055815__8a2b2398afcfee0f.png,640,640,11,11,0,8a2b2398afcfee0f235c5878f3d5616f79b65066aa084fa6cef6c5656ae20d11,0e902a547bcafe93ac9836efc073c38a84f8610845bb1c1fe9b36d380028a7d0
strong,DetectDataset_clean_v2/test/images/astana-kazakhstan-september-2-2017-260nw-726603313__3a95cd3d535fbb7c.jpg,DetectDataset_clean_v2_motion_blur/strong/images/astana-kazakhstan-september-2-2017-260nw-726603313__3a95cd3d535fbb7c.png,640,640,11,11,45,3a95cd3d535fbb7cb35ad9358ab593921c1c6ec9a03d2ea41311f2e44abf1936,93f61aae48511575fc252e61d4b135849ca2f8ee96b28469e5360e1e1e7e94c7
strong,DetectDataset_clean_v2/test/images/august-24-2017-labuan-malaysia-260nw-702821578__a9230eeee9963b8f.jpg,DetectDataset_clean_v2_motion_blur/strong/images/august-24-2017-labuan-malaysia-260nw-702821578__a9230eeee9963b8f.png,640,640,11,11,90,a9230eeee9963b8f6cb01a10019db299d241deee3d6b0543b2ccf06120e47f77,a7cdaf9862aa21d168ef59bd328bae7c131b375dc871748a46c55a0a5b7049b6
strong,DetectDataset_clean_v2/test/images/august-24-2017-labuan-malaysia-260nw-705711541__79d196ea22b42910.jpg,DetectDataset_clean_v2_motion_blur/strong/images/august-24-2017-labuan-malaysia-260nw-705711541__79d196ea22b42910.png,640,640,11,11,90,79d196ea22b4291032960c6ad254c503aa065b20f4d6eab188c6e6f2c4f4d6bc,925c48d560cbf78ba80446d5ee919e7812694b20071f043d9e07e822f416c880
strong,DetectDataset_clean_v2/test/images/august-24-2017-labuan-malaysia-260nw-706015858__f01af21c71ea4ea3.jpg,DetectDataset_clean_v2_motion_blur/strong/images/august-24-2017-labuan-malaysia-260nw-706015858__f01af21c71ea4ea3.png,640,640,11,11,135,f01af21c71ea4ea3e32dc95f18f136a7ac61cfc43c3c642dbb56622973a46601,65b71b974bd90b0ec61646e19c2f5b01990a4cc10a93c27bd3ed9db633750dcf
strong,DetectDataset_clean_v2/test/images/august-24-2017-labuan-malaysia-260nw-710602138__ceeffb8223a540fa.jpg,DetectDataset_clean_v2_motion_blur/strong/images/august-24-2017-labuan-malaysia-260nw-710602138__ceeffb8223a540fa.png,640,640,11,11,0,ceeffb8223a540fafca19df81a8617d8b5807b2a3f09a8120e5696a2304aad92,26c23896cee813f2ea87cc14cfa3c19f7ecc08c0ccdc6912b463aa8f6e341b2d
strong,DetectDataset_clean_v2/test/images/bangkok-thailand-14-march-2018-260nw-1067035427__efac6cfffdcb81a6.jpg,DetectDataset_clean_v2_motion_blur/strong/images/bangkok-thailand-14-march-2018-260nw-1067035427__efac6cfffdcb81a6.png,640,640,11,11,135,efac6cfffdcb81a60b9ea3b9e0dc9cd69e2ea24f49cd6d21e9c0d6adf34056ce,c16f406ca563a1da72bdbb5fbaec8c746b649dac82f6c6be51470c8308388005
strong,DetectDataset_clean_v2/test/images/bangkok-thailand-july-2018-dji-260nw-1135433624__af821d0eea8073ff.jpg,DetectDataset_clean_v2_motion_blur/strong/images/bangkok-thailand-july-2018-dji-260nw-1135433624__af821d0eea8073ff.png,640,640,11,11,90,af821d0eea8073ff025388bb4787f3aba75ade5d7e7cf17dffb097d760463950,0371962a5b8963eabfd72dcc15c5faf2272dc6e00b0353e73c9e811178fbc442
strong,DetectDataset_clean_v2/test/images/bangkok-thailand-june-18-2016-260nw-438990652__da0f9cd58a6e2053.jpg,DetectDataset_clean_v2_motion_blur/strong/images/bangkok-thailand-june-18-2016-260nw-438990652__da0f9cd58a6e2053.png,640,640,11,11,135,da0f9cd58a6e20531f436dc577c49df014096e36b41eea8d8d7063a4095b634b,a6a97f3ea3038611d891e35ae6cccfa36de4baed6740d206e6bbc989ff51a9d6
strong,DetectDataset_clean_v2/test/images/bangkok-thailand-june-18-2016-260nw-438992608__b42e38c0b443fee6.jpg,DetectDataset_clean_v2_motion_blur/strong/images/bangkok-thailand-june-18-2016-260nw-438992608__b42e38c0b443fee6.png,640,640,11,11,135,b42e38c0b443fee6ce6d33ae905cc44ddbcef6c0aa913e90a3f85438dfc0d752,f9bcf7d301e67e078c2ac5a596653fbf84d15a303951b050c8dde84bb7f29c1d
strong,DetectDataset_clean_v2/test/images/bangkok-thailand-june-18-2016-260nw-438993433__6854cf2b58a101c4.jpg,DetectDataset_clean_v2_motion_blur/strong/images/bangkok-thailand-june-18-2016-260nw-438993433__6854cf2b58a101c4.png,640,640,11,11,0,6854cf2b58a101c46f19750e328094885037e2080bdd871a4f7c5d0ad3ce1d87,173668fc2b9d5ae9c9cf4d1fc662d59264bc506fc6e6d3ee912b50da95e5d18d
strong,DetectDataset_clean_v2/test/images/bangkok-thailand-november-14-2016-260nw-517889428__4a4424055c7b14c1.jpg,DetectDataset_clean_v2_motion_blur/strong/images/bangkok-thailand-november-14-2016-260nw-517889428__4a4424055c7b14c1.png,640,640,11,11,135,4a4424055c7b14c1883828ffcb57910672835fcdb7dfa6c4d2006e0696898c90,0be5711d2748b94cf47fbe7cbea1cef92086170c684615be35b6a26f658b2548
strong,DetectDataset_clean_v2/test/images/bangkok-thailand-october-10-2017-260nw-731452612__9ba0afef6dbd81c5.jpg,DetectDataset_clean_v2_motion_blur/strong/images/bangkok-thailand-october-10-2017-260nw-731452612__9ba0afef6dbd81c5.png,640,640,11,11,90,9ba0afef6dbd81c5028e0884be890064fed058bc946f3b4e5654e03eb733dcf7,9a32de8d7a70e01ff6792a91473d923422f1f15121f9a1d51973522f8aff23bc
strong,DetectDataset_clean_v2/test/images/bangkok-thailand-october-10-2017-260nw-732614458__c30e59d3cfc54f47.jpg,DetectDataset_clean_v2_motion_blur/strong/images/bangkok-thailand-october-10-2017-260nw-732614458__c30e59d3cfc54f47.png,640,640,11,11,135,c30e59d3cfc54f47d56d43f898221b0113068e4154aad9dd354fd86496a42e98,287e71ccb51d44440ea6db47bc55f217e76b31c93249f52f5bf792f8b96a8015
strong,DetectDataset_clean_v2/test/images/bangkok-thailand-october-13-2016-260nw-497856520__223c007af5e553de.jpg,DetectDataset_clean_v2_motion_blur/strong/images/bangkok-thailand-october-13-2016-260nw-497856520__223c007af5e553de.png,640,640,11,11,45,223c007af5e553dec15f6950699be905fea621c5340f95f1f7c449e0585d46e1,f3134726fa342f37e6c7e86af93b0e203eb1d64d6ade780a5a609611354a1afe
strong,DetectDataset_clean_v2/test/images/bangkok-thailand-october-13-2016-260nw-497856532__f8aac5923499fadf.jpg,DetectDataset_clean_v2_motion_blur/strong/images/bangkok-thailand-october-13-2016-260nw-497856532__f8aac5923499fadf.png,640,640,11,11,135,f8aac5923499fadf01562633a78c0af29363c96099bfdea8d8cd3cc22a49da60,767a6cf5c4dd2387499e4dab900e30a4d72a0454fd819f6beff89d6f3c991ebd
strong,DetectDataset_clean_v2/test/images/bangkok-thailandmay-16-2016-drone-260nw-421674307__7b309938b56e4416.jpg,DetectDataset_clean_v2_motion_blur/strong/images/bangkok-thailandmay-16-2016-drone-260nw-421674307__7b309938b56e4416.png,640,640,11,11,90,7b309938b56e4416bf99d9db5bed4de0724ded0b81faebf4939db0539a7b4ab1,0ed74d90646bc67df3a532ed3157bdbf1b1b6721ed49c8ae399494fb2592e274
strong,DetectDataset_clean_v2/test/images/bangkok-thailandmay-16-2016-drone-260nw-421674430__65ff6c4b8455726a.jpg,DetectDataset_clean_v2_motion_blur/strong/images/bangkok-thailandmay-16-2016-drone-260nw-421674430__65ff6c4b8455726a.png,640,640,11,11,90,65ff6c4b8455726a95dd7ae27aecf20310faba467540b21f1b3258ea927a3edd,8989f132b014f97a14e2d0cad58bf33a4f450d3431d5e321d717fea0ca2875d2
strong,DetectDataset_clean_v2/test/images/berlin-germany-june-06-2017-260nw-682553632__2750cab30b8dcad4.jpg,DetectDataset_clean_v2_motion_blur/strong/images/berlin-germany-june-06-2017-260nw-682553632__2750cab30b8dcad4.png,640,640,11,11,0,2750cab30b8dcad44228b1ce194f740cc040d0d90c29be6fb8f47619026957ee,a07e269abbf9b4141b051e9c009ce89523277ee2a5018f66f86ca42860137552
strong,DetectDataset_clean_v2/test/images/bethesda-md-november-10-2017-260nw-753012529__d36098936894592a.jpg,DetectDataset_clean_v2_motion_blur/strong/images/bethesda-md-november-10-2017-260nw-753012529__d36098936894592a.png,640,640,11,11,90,d36098936894592acab0914ab005e1a46ab958d0e4429fa44386905a636e453e,27074f361b4b87024c398d5aa8ed9398dd50513b5404dc5aded838a0b6e044ef
strong,DetectDataset_clean_v2/test/images/big-narrows-poudre-canyon-co-260nw-397931353__04daae0789e195b1.jpg,DetectDataset_clean_v2_motion_blur/strong/images/big-narrows-poudre-canyon-co-260nw-397931353__04daae0789e195b1.png,640,640,11,11,135,04daae0789e195b16fd432c75c90f2ee5d0bf2b1f66eb5a08859ff7c0e62d180,1d330c46e6b1255f899ab14f374baf8f0a37ca19d0dc84ddabd7dbb4eb50bcd4
strong,DetectDataset_clean_v2/test/images/chanburi-thailand-11-april-2017-260nw-625760885__420e3e396cf24d4f.jpg,DetectDataset_clean_v2_motion_blur/strong/images/chanburi-thailand-11-april-2017-260nw-625760885__420e3e396cf24d4f.png,640,640,11,11,0,420e3e396cf24d4f464ab6f87c362b1e40340a237421c7731a29ddd1754cffaa,59e25c11b69e83d36562d3e7a1941445eccd0f4873a6e2f876dd46cbda13abbc
strong,DetectDataset_clean_v2/test/images/chanburi-thailand-11-april-2017-260nw-633128861__25c954302e50c824.jpg,DetectDataset_clean_v2_motion_blur/strong/images/chanburi-thailand-11-april-2017-260nw-633128861__25c954302e50c824.png,640,640,11,11,45,25c954302e50c824c5e02ca0e3d7712bea88c71493cd6e92709e0ddded775c82,ae6660a13775f8e7b692d56d3a797f1ae15c0e707cb42298c3482fd814ad4927
strong,DetectDataset_clean_v2/test/images/cherkasst-ukraina-june-17-2016white-260nw-457842415__281262b121be43c4.jpg,DetectDataset_clean_v2_motion_blur/strong/images/cherkasst-ukraina-june-17-2016white-260nw-457842415__281262b121be43c4.png,640,640,11,11,135,281262b121be43c4c7cf8e4f1a767f760e63ef84b8899fe238a0b8a05acc9396,c12705f8adde2e59caeeb412966075367811537d724ece8697d909fe445c1077
strong,DetectDataset_clean_v2/test/images/chiang-mai-thailand-jan-23-260nw-446130538__8543d154c95fa7af.jpg,DetectDataset_clean_v2_motion_blur/strong/images/chiang-mai-thailand-jan-23-260nw-446130538__8543d154c95fa7af.png,640,640,11,11,90,8543d154c95fa7af90f0d34a00aa8d0ffcfdaa5257fa728b6403e91e0af86a92,5b1436d9cfb9db02e44834bff822c86a5242ef8a1e484627ae97d0829e9f1f77
strong,DetectDataset_clean_v2/test/images/chiang-mai-thailand-october-13-260nw-501699415__ae59f9fcbac968db.jpg,DetectDataset_clean_v2_motion_blur/strong/images/chiang-mai-thailand-october-13-260nw-501699415__ae59f9fcbac968db.png,640,640,11,11,90,ae59f9fcbac968db56ec416a7e60799b13bc0d578de7f315fea9d7da67aeafb3,6b704134f37cf2b8e721b868443fe61c30fa7258a117bc35f6c6bc1a585a264a
strong,DetectDataset_clean_v2/test/images/chiang-maithailand-july-11-2015-260nw-444993292__98d1325591bbd06b.jpg,DetectDataset_clean_v2_motion_blur/strong/images/chiang-maithailand-july-11-2015-260nw-444993292__98d1325591bbd06b.png,640,640,11,11,135,98d1325591bbd06b730d40d385f8f9d9d4f45e3dda9d21ff6fbeadd534141fd8,5e20a63300a78d951693ac43b6f490f00876cabcc5de62dd7a0a26e011b0b308
strong,DetectDataset_clean_v2/test/images/chon-buri-thailand-june-24-260nw-1124858261__6fc3753d5b7163cf.jpg,DetectDataset_clean_v2_motion_blur/strong/images/chon-buri-thailand-june-24-260nw-1124858261__6fc3753d5b7163cf.png,640,640,11,11,45,6fc3753d5b7163cf57e803d7c756622d2810bf81df5f729fe970dbff23943f20,b8102b99bf49f4a1e97bbaacca1b1cae6e9182efa8cd9172b021730f5cf6232f
strong,DetectDataset_clean_v2/test/images/chon-buri-thailand-june-24-260nw-1124858276__b2b14b2426bbedcd.jpg,DetectDataset_clean_v2_motion_blur/strong/images/chon-buri-thailand-june-24-260nw-1124858276__b2b14b2426bbedcd.png,640,640,11,11,135,b2b14b2426bbedcd6148ff60e1f609a2487e6c5cf298a4eb45759ad844577e82,967d5d8069cae3e0176ee26af96c5c6c95b6e6adb1ff6ddbc6cddd60bbeabeff
strong,DetectDataset_clean_v2/test/images/circa-february-1-2016-dji-260nw-370639601__fff5d46617241b47.jpg,DetectDataset_clean_v2_motion_blur/strong/images/circa-february-1-2016-dji-260nw-370639601__fff5d46617241b47.png,640,640,11,11,90,fff5d46617241b479e551b5193cf4dbf253bf862bb6137f8dcf5304349fc34f0,16d658f5d1ea2d2359cb871fb2c10c2cab7c19eb11a4f04a7b7beaa33a85bc1c
strong,DetectDataset_clean_v2/test/images/circa-january-27-2016-dji-260nw-369526988__9f741151df8392e7.jpg,DetectDataset_clean_v2_motion_blur/strong/images/circa-january-27-2016-dji-260nw-369526988__9f741151df8392e7.png,640,640,11,11,45,9f741151df8392e724216d5c942b39b6befbe1c9b10e6e43dcb2b79c57829d1b,7db79591c426580ff916264130d59b1b3864e6b19741c914c43fde205a2aef32
strong,DetectDataset_clean_v2/test/images/davao-city-2014-drone-hovers-260nw-732452323__55223a428f84d386.jpg,DetectDataset_clean_v2_motion_blur/strong/images/davao-city-2014-drone-hovers-260nw-732452323__55223a428f84d386.png,640,640,11,11,45,55223a428f84d3861165ef7213cea254d260e4fdd432cd8cae6f4a9629813dd7,38264a8aaecae6f985e5c61091f4266cdb9c7aac19832df20b083efde424a8eb
strong,DetectDataset_clean_v2/test/images/dji-mavic-air-flat-layout-260nw-1038880138__bb6cca070644543d.jpg,DetectDataset_clean_v2_motion_blur/strong/images/dji-mavic-air-flat-layout-260nw-1038880138__bb6cca070644543d.png,640,640,11,11,0,bb6cca070644543d3856a248c7692c54d59c0f88e7fbaa927fb90762cb848202,b7ac37719c44ef479997d0edd56abc5a3c92132dee4acdbe5465c72fdf39c248
strong,DetectDataset_clean_v2/test/images/dji-mavic-pro-drone-moscow-260nw-1028056351__4cba3b8be9ace58a.jpg,DetectDataset_clean_v2_motion_blur/strong/images/dji-mavic-pro-drone-moscow-260nw-1028056351__4cba3b8be9ace58a.png,640,640,11,11,45,4cba3b8be9ace58a6dc2e7c7314ed8ddd0cbb1d582c82efa1f056cb7e53427d8,536edff41cb356f5ca268cdbe19fda40b9381eea08acdbf16e5ca795e623235b
strong,DetectDataset_clean_v2/test/images/dji-mavic-pro-drone-moscow-260nw-1049231243__323ba26119208ea0.jpg,DetectDataset_clean_v2_motion_blur/strong/images/dji-mavic-pro-drone-moscow-260nw-1049231243__323ba26119208ea0.png,640,640,11,11,135,323ba26119208ea0891edef6396f0382f2f5b42d36cecd14ed037ae7c3245648,7978253669e3d4d93d79cd828f86d6d3d2eff8b891c7d09820a53b60adab8d9b
strong,DetectDataset_clean_v2/test/images/dji-mavic-pro-drone-riga-260nw-533974783__e1f90a7c3e4fe443.jpg,DetectDataset_clean_v2_motion_blur/strong/images/dji-mavic-pro-drone-riga-260nw-533974783__e1f90a7c3e4fe443.png,640,640,11,11,135,e1f90a7c3e4fe4431ad58ff0b9b98cdf3d4b984c19bc74fbd021e0b1f50c7a2f,d3f3a7f2a5e89aaffff1c54558666d259935049ef5d895749db9ba1fe09d0f11
strong,DetectDataset_clean_v2/test/images/dji-mavic-pro-drone-rigalatvia-260nw-533974279__8c877838625d01b4.jpg,DetectDataset_clean_v2_motion_blur/strong/images/dji-mavic-pro-drone-rigalatvia-260nw-533974279__8c877838625d01b4.png,640,640,11,11,90,8c877838625d01b4483d138f7f33044b1903a1350cd087084088ee744c50f2bf,18970272653c9576e7f400776f9e49f20864f8049df21c16ebaf64865d58ddc5
strong,DetectDataset_clean_v2/test/images/dji-mavic-pro-drone-rigalatvia-260nw-542803243__5d11946d91d1fb51.jpg,DetectDataset_clean_v2_motion_blur/strong/images/dji-mavic-pro-drone-rigalatvia-260nw-542803243__5d11946d91d1fb51.png,640,640,11,11,90,5d11946d91d1fb519aaf865c11f0022171c8366a1a2739eba2e418d785861d8d,1230e19dc77ecb985017fc19eb8ba1997d9b306dffc9b42e1756231ca7393c52
strong,DetectDataset_clean_v2/test/images/dji-mavic-pro-drone-rigalatvia-260nw-542803279__dee0832189e126b5.jpg,DetectDataset_clean_v2_motion_blur/strong/images/dji-mavic-pro-drone-rigalatvia-260nw-542803279__dee0832189e126b5.png,640,640,11,11,45,dee0832189e126b56c667d990c1ff3e4db411591c42d2301b27a8fbf5ef1440f,5ec657f0f04ccbae317fb2cc0526aa0da0aa56b18ae5ac821cef2b51a8219041
strong,DetectDataset_clean_v2/test/images/dji-mavic-pro-flevoland-netherlands-260nw-1129344425__bb5461d141cbaf25.jpg,DetectDataset_clean_v2_motion_blur/strong/images/dji-mavic-pro-flevoland-netherlands-260nw-1129344425__bb5461d141cbaf25.png,640,640,11,11,135,bb5461d141cbaf25c77db4831d8b01aa3f0b3f8f6ba114ffa6953e1239bf31e8,4135e4260914408a7d40c1d876839be247379eda32aac350f6fef5d8819990da
strong,DetectDataset_clean_v2/test/images/dji-phantom-4-pro-obsidian-260nw-1088925782__661eafd72bf5f4e5.jpg,DetectDataset_clean_v2_motion_blur/strong/images/dji-phantom-4-pro-obsidian-260nw-1088925782__661eafd72bf5f4e5.png,640,640,11,11,135,661eafd72bf5f4e5c89119e3b8a6e7633981593be0fcf572223fa2cc22fc240a,89de73cd8a1b9c0593cbb0f9d89fd7a7d5ccb9b23d2e7a836d83f2ddd8bac529
strong,DetectDataset_clean_v2/test/images/dji-phantom-4-pro-obsidian-260nw-1088928392__8a745befa63d5d23.jpg,DetectDataset_clean_v2_motion_blur/strong/images/dji-phantom-4-pro-obsidian-260nw-1088928392__8a745befa63d5d23.png,640,640,11,11,90,8a745befa63d5d23686b870594380b4b7ad72d6ac2e0d7c1b77c02518f34f4a6,a3bc7bd68b14d5035405d2af40ee561160519a999857e20d8465a82539647844
strong,DetectDataset_clean_v2/test/images/dji-phantom-4-pro-obsidian-260nw-1088928398__1c3cfdee93b2ce32.jpg,DetectDataset_clean_v2_motion_blur/strong/images/dji-phantom-4-pro-obsidian-260nw-1088928398__1c3cfdee93b2ce32.png,640,640,11,11,0,1c3cfdee93b2ce324b36735273cd63a5da9c800c50c7c4d630a8d51ac9c665d1,172fae05c9fe466ad3029639219442b9955434dc0d7fe72b199415de0d3da123
strong,DetectDataset_clean_v2/test/images/dji-phantom-4-pro-obsidian-260nw-1088928416__d9317e14246eb296.jpg,DetectDataset_clean_v2_motion_blur/strong/images/dji-phantom-4-pro-obsidian-260nw-1088928416__d9317e14246eb296.png,640,640,11,11,135,d9317e14246eb2967347bf5d2c2fab0430f74aaf61e2a548ec687005411dc04d,42cf5b3f6a414cc477357b7fb6b30384c5af8c936be5cc0d063ac764668d6c18
strong,DetectDataset_clean_v2/test/images/dji-phantom-4-pro-obsidian-260nw-1088928419__34f570daa8d456f9.jpg,DetectDataset_clean_v2_motion_blur/strong/images/dji-phantom-4-pro-obsidian-260nw-1088928419__34f570daa8d456f9.png,640,640,11,11,135,34f570daa8d456f96c756034b2795931235b2bc6eacfd3dd2e799ee74fc21d4a,995446439543c9877b21f64db597562b89a9275fc9227ac6ccf7df26a084974e
strong,DetectDataset_clean_v2/test/images/dji-phantom-4-pro-obsidian-260nw-1088928425__5a10e4306a1e40ee.jpg,DetectDataset_clean_v2_motion_blur/strong/images/dji-phantom-4-pro-obsidian-260nw-1088928425__5a10e4306a1e40ee.png,640,640,11,11,90,5a10e4306a1e40ee7952fd2076ee08db24b189d4f9bb8f13a8dc581fbc093c38,f7e6f051ca885e065e8ad99e054fa8b96ded7da05121386592aea5bfbe2deae5
strong,DetectDataset_clean_v2/test/images/drone-dji-mavic-air-hand-260nw-1050687485__464fbb4b52830829.jpg,DetectDataset_clean_v2_motion_blur/strong/images/drone-dji-mavic-air-hand-260nw-1050687485__464fbb4b52830829.png,640,640,11,11,90,464fbb4b52830829a666087d6deef758e1d02166323ce5249377b9e223389f8a,706d4d90dc6fed2cf55979d8a536ef9674927a52c7dc8ceb13d7c65d1de66fec
strong,DetectDataset_clean_v2/test/images/drone-flight-260nw-508153975__ab10e479540bb977.jpg,DetectDataset_clean_v2_motion_blur/strong/images/drone-flight-260nw-508153975__ab10e479540bb977.png,640,640,11,11,90,ab10e479540bb977bbfa005fe62b5da878b512280a82233de7ebeb8862343136,4ac2b628b9a27b112b4a1aa21cf6cbe8955494a8faa0c261b8c747cc838478c1
strong,DetectDataset_clean_v2/test/images/drone-flight-260nw-508153996__13eb2cadcce46ba0.jpg,DetectDataset_clean_v2_motion_blur/strong/images/drone-flight-260nw-508153996__13eb2cadcce46ba0.png,640,640,11,11,45,13eb2cadcce46ba042aa6a479a77ea8726ddcdb80a7738133193befe2db0b572,3e5ffe148ac1c3bb34e90cd263fe12c75913a011faa6f9777acf4ce8c965cf0b
strong,DetectDataset_clean_v2/test/images/drone-oversees-activity-firefighters-during-260nw-569066557__208d7d66013900f6.jpg,DetectDataset_clean_v2_motion_blur/strong/images/drone-oversees-activity-firefighters-during-260nw-569066557__208d7d66013900f6.png,640,640,11,11,90,208d7d66013900f61e07611bff740e612ee105e88e02cfb9cec903041e7c1912,1f87a32248a676a048675dba00fc6b0bb6b798c1b1b2aa07428424bc452c29a9
strong,DetectDataset_clean_v2/test/images/drone-oversees-activity-firefighters-during-260nw-569066566__f95006d4b81f60c8.jpg,DetectDataset_clean_v2_motion_blur/strong/images/drone-oversees-activity-firefighters-during-260nw-569066566__f95006d4b81f60c8.png,640,640,11,11,45,f95006d4b81f60c86aae6233e80d6774866e39d2987e1fe53422d6af4cd5a9d9,3d6785100c08296d80a17efd3cb49bccc3429664f606be501dfbfce3ea8b8969
strong,DetectDataset_clean_v2/test/images/drone-quadcopter-dji-phantom-3-260nw-457625905__13716afd1088909e.jpg,DetectDataset_clean_v2_motion_blur/strong/images/drone-quadcopter-dji-phantom-3-260nw-457625905__13716afd1088909e.png,640,640,11,11,135,13716afd1088909e3df5f27172d7195e2450d3219913d9fe5d09f392d1f5abe7,cbf5828f5a8028656cfcec1daee65b790dd249bb7b367435d04d0dd7a6ae98fd
strong,DetectDataset_clean_v2/test/images/drone-quadcopter-dji-phantom-4-260nw-1044882709__90fd1aad21291402.jpg,DetectDataset_clean_v2_motion_blur/strong/images/drone-quadcopter-dji-phantom-4-260nw-1044882709__90fd1aad21291402.png,640,640,11,11,90,90fd1aad2129140256d9fa72bed548663916a168b198124ab854649e5739ea1b,cb9eb98d48db0f9d57bcda0969282a0734451b99319f93c66237c56f76c5fccf
strong,DetectDataset_clean_v2/test/images/drone-quadrocopter-dji-phantom-3-260nw-1022380693__107b30c566ac0a61.jpg,DetectDataset_clean_v2_motion_blur/strong/images/drone-quadrocopter-dji-phantom-3-260nw-1022380693__107b30c566ac0a61.png,640,640,11,11,0,107b30c566ac0a61e9b958f589ee8a6b8fa922236c522db71efc9dfcdda0c296,279ac14f09580370adba1a382a43feba464753d22087fa73c72cb459090c6f86
strong,DetectDataset_clean_v2/test/images/east-mediterranean-29-sep-2017-260nw-724980712__53add50881084947.jpg,DetectDataset_clean_v2_motion_blur/strong/images/east-mediterranean-29-sep-2017-260nw-724980712__53add50881084947.png,640,640,11,11,0,53add50881084947813d64c5fb94f762ee380c3266c9eb6c920970fd3de09f89,45e695aed6c7e0ebfde2769844d720ea1a67cc4c1518fd3d7a6be55cb1b30e62
strong,DetectDataset_clean_v2/test/images/estonia-tallinn-june-15-2018-260nw-1113744059__ce77bca02bb46cec.jpg,DetectDataset_clean_v2_motion_blur/strong/images/estonia-tallinn-june-15-2018-260nw-1113744059__ce77bca02bb46cec.png,640,640,11,11,0,ce77bca02bb46cec277b7223ff20bdd917e8fd85e5b726942768058733735c3b,d5f9a8ba1e9716243261ac4857816ee5f986fbccd976977bd40d55fbe54a13bc
strong,DetectDataset_clean_v2/test/images/flying-drone-near-amazing-waterfall-260nw-1132738232__f4fb7ccb32ff4f66.jpg,DetectDataset_clean_v2_motion_blur/strong/images/flying-drone-near-amazing-waterfall-260nw-1132738232__f4fb7ccb32ff4f66.png,640,640,11,11,135,f4fb7ccb32ff4f662a1c84787c23394fd8b0c82f465d20a10b432410cc36881d,7e89cbd65bf3daafd1381d73c131afb5726660e7c8d842517a23a6c15e572b83
strong,DetectDataset_clean_v2/test/images/flying-drone-near-amazing-waterfall-260nw-1132738238__9b1b79fe8b761f13.jpg,DetectDataset_clean_v2_motion_blur/strong/images/flying-drone-near-amazing-waterfall-260nw-1132738238__9b1b79fe8b761f13.png,640,640,11,11,45,9b1b79fe8b761f13e153cf18b6d8de2791a28c78f9e66fc1db100b5bcc80d1a1,a9f0c5224f5e08670c4b53b7cb40654b326a50043943fc31ea796f19b611ddc2
strong,DetectDataset_clean_v2/test/images/fort-collins-co-usa-july-260nw-293921336__ee575748181c0977.jpg,DetectDataset_clean_v2_motion_blur/strong/images/fort-collins-co-usa-july-260nw-293921336__ee575748181c0977.png,640,640,11,11,0,ee575748181c0977d9f5ed9b8f4bbf4a2986589d8a9f9c419bd0eddd211a743f,a3dfb0fd6a8a5289aa4614efc504091ad15b61141280627ae8263743726e4d9d
strong,DetectDataset_clean_v2/test/images/fort-collins-co-usa-june-260nw-292064300__a6c544a85a11cbb4.jpg,DetectDataset_clean_v2_motion_blur/strong/images/fort-collins-co-usa-june-260nw-292064300__a6c544a85a11cbb4.png,640,640,11,11,90,a6c544a85a11cbb4b209a04bf739add7e968f94330fe9e2a0a20606dfca46722,38ccdc2f44f104da54159230a4214df31f94e1e033f0a6bb94305ae676e56e70
strong,DetectDataset_clean_v2/test/images/fort-collins-co-usa-march-260nw-261984065__a97498bf3be04007.jpg,DetectDataset_clean_v2_motion_blur/strong/images/fort-collins-co-usa-march-260nw-261984065__a97498bf3be04007.png,640,640,11,11,45,a97498bf3be04007455067455c2f866c2b612a504d456edca1ba683c0df10b36,1183de51380eebef11bc1ba93edd00749b007ef6c1b3909ab50bde23bffe110e
strong,DetectDataset_clean_v2/test/images/fort-collins-co-usa-march-260nw-265211504__0f3c44673e2a16a1.jpg,DetectDataset_clean_v2_motion_blur/strong/images/fort-collins-co-usa-march-260nw-265211504__0f3c44673e2a16a1.png,640,640,11,11,135,0f3c44673e2a16a1f3faea84b22ed711fcb1a52233fa8f3738315429c6f4b7a6,f37901cee3ef4881516b5302fed0a413999065bfa6d7a8d68d47a6075c7e4eab
strong,DetectDataset_clean_v2/test/images/fort-collins-co-usa-september-260nw-315185585__d50bdeb1cf9bb282.jpg,DetectDataset_clean_v2_motion_blur/strong/images/fort-collins-co-usa-september-260nw-315185585__d50bdeb1cf9bb282.png,640,640,11,11,0,d50bdeb1cf9bb28249a713cedb271a8ada28411109df0dc4530b98992a7c3a2b,2dbcf97101a0e876b6a06ab79f221c643e1d279c30312f3dcedc05df2db42b56
strong,DetectDataset_clean_v2/test/images/foto00117__3d697259bed4e8df.jpg,DetectDataset_clean_v2_motion_blur/strong/images/foto00117__3d697259bed4e8df.png,640,640,11,11,135,3d697259bed4e8df282d37c890aceb2d4fc0a7f8bd351795401c06ab07f01013,a111926007463de0c47d297f043be64d9ee411378535501868d6089c402275cd
strong,DetectDataset_clean_v2/test/images/foto00117__a504436dfc3052b0.jpg,DetectDataset_clean_v2_motion_blur/strong/images/foto00117__a504436dfc3052b0.png,640,640,11,11,90,a504436dfc3052b0ce99f5dbbcad4181c709f3e006df9b03d727d2d1b2b8b080,b19483b654bade1e316fba7e71c27789ef71fe1ce2ed8bdbbc344cd61f016a32
strong,DetectDataset_clean_v2/test/images/foto00204__bd5c0eeb3baf1b92.jpg,DetectDataset_clean_v2_motion_blur/strong/images/foto00204__bd5c0eeb3baf1b92.png,640,640,11,11,45,bd5c0eeb3baf1b9205192e4f59bedb555d96efc09b2dc309f0f67fdf9e0f3523,cdeecea24f975b70856aaffcd88c3044f3812e5c947cf2da63a14a8dd5479761
strong,DetectDataset_clean_v2/test/images/foto01074__d010af55661e02d8.jpg,DetectDataset_clean_v2_motion_blur/strong/images/foto01074__d010af55661e02d8.png,640,640,11,11,45,d010af55661e02d8512f7e871cffe4f91d2c60cb2d9ffd80632a9c408e2aea39,c1dcbb4036cf78e45e830af52c74c296233d9ad6ac03fbf29419724fa295e07e
strong,DetectDataset_clean_v2/test/images/foto01190__0b22a130fa968253.jpg,DetectDataset_clean_v2_motion_blur/strong/images/foto01190__0b22a130fa968253.png,640,640,11,11,90,0b22a130fa968253ec4d9f6119e64304c132dc324a126aa1cc07d4e1a0f8fe6b,fa13e844e79ed3d4968a1cc1bab1dc96c751d3632b7b42ca0b16badf7c6ffd3e
strong,DetectDataset_clean_v2/test/images/foto01190__6dfcc7d8b778322c.jpg,DetectDataset_clean_v2_motion_blur/strong/images/foto01190__6dfcc7d8b778322c.png,640,640,11,11,135,6dfcc7d8b778322c90a55fd142ea7acf21f8c63b0271e99cc1f88adba867228b,d4e0469e1a017d5d732813017099f70a428ccba641ae0e5b073d8f6fe8e24ee7
strong,DetectDataset_clean_v2/test/images/foto01277__05716135b04e8634.jpg,DetectDataset_clean_v2_motion_blur/strong/images/foto01277__05716135b04e8634.png,640,640,11,11,135,05716135b04e86344cb3837e17c60329ee3941dbfb2cfec29222ba22afb42f69,802ff9f9ccc39de789fdf9a488894172a359f33c3fb7c4c9d8aeac2c9f9909ac
strong,DetectDataset_clean_v2/test/images/foto01277__f21e4d2970204ef6.jpg,DetectDataset_clean_v2_motion_blur/strong/images/foto01277__f21e4d2970204ef6.png,640,640,11,11,0,f21e4d2970204ef644604b16bc077c3af4ff8f0ca10fddcc09a60f3968430bd4,2929325545c6fa0a7f7362957464cb39aac3154d608a35e39bf39f83daef5655
strong,DetectDataset_clean_v2/test/images/foto01538__1d01cff28738b30e.jpg,DetectDataset_clean_v2_motion_blur/strong/images/foto01538__1d01cff28738b30e.png,640,640,11,11,45,1d01cff28738b30ee6cc30a1d2078bae76fa32572db41d0100fede1c7e1f622b,3c91662b6795e34b798434caf29b8d9709d01860e61a5e986fe2379fbacd028c
strong,DetectDataset_clean_v2/test/images/foto01538__cef5f4d614a0589c.jpg,DetectDataset_clean_v2_motion_blur/strong/images/foto01538__cef5f4d614a0589c.png,640,640,11,11,135,cef5f4d614a0589ccfb3180266f1b7447dcdb80a394fdbf08f9ea933c37445c4,58375eb8fdd6d938562e831cb608423b94c32e6e97b4034272e59122d7633f25
strong,DetectDataset_clean_v2/test/images/foto01683__58e0794fb90efead.jpg,DetectDataset_clean_v2_motion_blur/strong/images/foto01683__58e0794fb90efead.png,640,640,11,11,135,58e0794fb90efead2bdedb50bc84fad121b698c01cc6a20d7a760d7186448545,09b080d4ce55d3dfdfa48dc07cc1807c11474bd56321d284e2a656f8405a8e03
strong,DetectDataset_clean_v2/test/images/foto01944__029c3fe0ec527218.jpg,DetectDataset_clean_v2_motion_blur/strong/images/foto01944__029c3fe0ec527218.png,640,640,11,11,45,029c3fe0ec527218991e917940f7631a2792215de4620c6f2b5521614d6a4f51,11ba25180f4873614270607987b77c1081b14285b8f8dfbf563b95f332df5e59
strong,DetectDataset_clean_v2/test/images/foto04264__a663abfd64196536.jpg,DetectDataset_clean_v2_motion_blur/strong/images/foto04264__a663abfd64196536.png,640,640,11,11,0,a663abfd64196536df619a38547698d4ddf72088bf8129654a5d25206ec58494,3a359eb2050e0f94f23b469507057a2d8125c931c43abd87d4f031dd4a833541
strong,DetectDataset_clean_v2/test/images/foto04496__c32af1085ae18aa9.jpg,DetectDataset_clean_v2_motion_blur/strong/images/foto04496__c32af1085ae18aa9.png,640,640,11,11,45,c32af1085ae18aa9332856334bcc6cb5b06f3e97cc5ab2c0b2ee575d8fafe313,48905bb95f182c329f66902140570085343dcebe6699b355fcfb77b5dfe527ae
strong,DetectDataset_clean_v2/test/images/foto04496__f81f5a665e380caa.jpg,DetectDataset_clean_v2_motion_blur/strong/images/foto04496__f81f5a665e380caa.png,640,640,11,11,45,f81f5a665e380caab648a1d2ac6d40a7d2b7d23e48ae1a48f8b17a41f7e91605,5e71f8741ce4c87da6f9c7cc3cbd4ecc905ef8589831248b5c09637759c1b0ba
strong,DetectDataset_clean_v2/test/images/foto04757__6c4a223a085688cf.jpg,DetectDataset_clean_v2_motion_blur/strong/images/foto04757__6c4a223a085688cf.png,640,640,11,11,135,6c4a223a085688cf818137a223a772daea4b86102b2975c2b98f3cb5c5db7699,cfe6844a91b201bf87e9d59ffa0a094b8404c75651443243f353da5eee4410c2
strong,DetectDataset_clean_v2/test/images/foto04757__964e2c4824ff9180.jpg,DetectDataset_clean_v2_motion_blur/strong/images/foto04757__964e2c4824ff9180.png,640,640,11,11,0,964e2c4824ff9180ef6fd9308914b307ae3edf88bd1e8c7e84af673ea4445b63,d1938f36eb4e6d5a76d3851646eb5d05c033f8e04b64987c0eeffd03cea09a91
strong,DetectDataset_clean_v2/test/images/foto04989__768b3832b78eb01b.jpg,DetectDataset_clean_v2_motion_blur/strong/images/foto04989__768b3832b78eb01b.png,640,640,11,11,90,768b3832b78eb01b5dd484f89cb31bcad2fd85fb3c510ed7efd9d2308056aa0d,eccfab1d39c7d3e9834f3ec43c93e30e1973095aebfcb77cbcee5808e6ad51e3
strong,DetectDataset_clean_v2/test/images/foto04989__a1271db561db51ba.jpg,DetectDataset_clean_v2_motion_blur/strong/images/foto04989__a1271db561db51ba.png,640,640,11,11,45,a1271db561db51ba0df90054be8387951e49a844c846ce9126390305ac8ae715,5dc867936ddd2a546bc8585813a7d6c2c5d6de4b40323d38416373b46edd9f00
strong,DetectDataset_clean_v2/test/images/foto05018__dbc307809360125c.jpg,DetectDataset_clean_v2_motion_blur/strong/images/foto05018__dbc307809360125c.png,640,640,11,11,0,dbc307809360125c265444acfe94cfb4bc5417097022eec39e807cd29efb2b2e,f3b3c76d51ebbf21967e9e115284b7c5431d0167a575e587efaef9dd280d8f61
strong,DetectDataset_clean_v2/test/images/foto05163__084d704188e2ebb8.jpg,DetectDataset_clean_v2_motion_blur/strong/images/foto05163__084d704188e2ebb8.png,640,640,11,11,90,084d704188e2ebb8d8c5a9d5f9d39be285255950e7e326318eb08e132afd0cc4,31b270469659c47649c3fa1e88f9bc1aa48d03efebd57b06b73601200a43b12f
strong,DetectDataset_clean_v2/test/images/foto05221__14bbc1606a006336.jpg,DetectDataset_clean_v2_motion_blur/strong/images/foto05221__14bbc1606a006336.png,640,640,11,11,90,14bbc1606a006336cf0a9fccbd18c7ae7c8fb1c0aa20bb00194f2a3339f24b1b,8ca70d58fc91d8003c65d83617ff16214cf783cae7d4fbb8ef3488f3a009f7ea
strong,DetectDataset_clean_v2/test/images/foto05221__4c6d331816b24174.jpg,DetectDataset_clean_v2_motion_blur/strong/images/foto05221__4c6d331816b24174.png,640,640,11,11,0,4c6d331816b24174e38dde5a7cf27571788d8f4cb26c35b5e7c9a4d7a46ab6e4,bf75932130bfd3470704ae43488d09216703e0b284a19954d2d5358daeaea896
strong,DetectDataset_clean_v2/test/images/foto05279__0f97f700259d48c1.jpg,DetectDataset_clean_v2_motion_blur/strong/images/foto05279__0f97f700259d48c1.png,640,640,11,11,135,0f97f700259d48c1646edf9f6f870504de99fe1294a71552692f1290696ebd5f,81948f3e64804d330930cde0d803ef93df29e253154adc7d97e9b8b887158a22
strong,DetectDataset_clean_v2/test/images/foto05279__4f7855687131fe6d.jpg,DetectDataset_clean_v2_motion_blur/strong/images/foto05279__4f7855687131fe6d.png,640,640,11,11,45,4f7855687131fe6d548fc42b1aa7c1c097bf0767aa22897e3e5637d1fe05f169,6d04c56a3d5d38481d24d4f0bcc5923537e0c94d63e561e1183698dc863f9e97
strong,DetectDataset_clean_v2/test/images/foto05540__48280508d81f3ce8.jpg,DetectDataset_clean_v2_motion_blur/strong/images/foto05540__48280508d81f3ce8.png,640,640,11,11,90,48280508d81f3ce8401cbdba50f3c45732e54f9e5640f58d59349dea787edaa7,930e386acf4e5746f1c1927d55467b34477e27a347ba79236bc6f3eea9d4d9c6
strong,DetectDataset_clean_v2/test/images/foto05540__fead29b340f3a330.jpg,DetectDataset_clean_v2_motion_blur/strong/images/foto05540__fead29b340f3a330.png,640,640,11,11,90,fead29b340f3a330d54826bad0c299c03094c629bf0f24ab3be6c5874e9584bb,93f5c623421cb2a66e74bfce861050311e149486292d7ca559019a952acd3052
strong,DetectDataset_clean_v2/test/images/foto05627__7ee98977ef43f2af.jpg,DetectDataset_clean_v2_motion_blur/strong/images/foto05627__7ee98977ef43f2af.png,640,640,11,11,45,7ee98977ef43f2af9bc6371604dd5acd8bcbebfc17f026633c3d661e22a53717,38775c3c57e298f43f069b2cc4f70e716d1a1e52867e4f6d03a22f8840f76b9e
strong,DetectDataset_clean_v2/test/images/foto07367__396d697f1187815c.jpg,DetectDataset_clean_v2_motion_blur/strong/images/foto07367__396d697f1187815c.png,640,640,11,11,135,396d697f1187815cc45124e797d0aa13e9b1ea93340ce8136b08e5b13baeddbe,9a7d10e3c680338f557b5b2301ff336bcf7c17d8b97b67104f0f36e1b030dd75
strong,DetectDataset_clean_v2/test/images/foto07425__360266425e066f1d.jpg,DetectDataset_clean_v2_motion_blur/strong/images/foto07425__360266425e066f1d.png,640,640,11,11,45,360266425e066f1dbabf86129271f7e0bcb165bc90a2e1cbe992fa027430e64a,2d2ac6856a651f98ad733ce39f83c21ec7ee94c2ac002c4af2329c9608f22e89
strong,DetectDataset_clean_v2/test/images/foto07425__9f76e447ac327347.jpg,DetectDataset_clean_v2_motion_blur/strong/images/foto07425__9f76e447ac327347.png,640,640,11,11,135,9f76e447ac327347b511ff5f65f102eb68b3d1a81fb986fec30e3cadc9c4a67b,c0976f12bf27a5b9eaa252ae5e62f7129f029a7e1ddf46ce982d7dc0af639cdc
strong,DetectDataset_clean_v2/test/images/foto14385__8bd3540f0163b7fb.jpg,DetectDataset_clean_v2_motion_blur/strong/images/foto14385__8bd3540f0163b7fb.png,640,640,11,11,0,8bd3540f0163b7fb67f3077639da1cf1c6b4bdb4621e4e600b2cc7d42ab9ab28,8728ce1078f19294701adac24d6c9bc62f44adcb807cca46d59ed32d5fdb9aff
strong,DetectDataset_clean_v2/test/images/foto14385__f0fd90423ee4b076.jpg,DetectDataset_clean_v2_motion_blur/strong/images/foto14385__f0fd90423ee4b076.png,640,640,11,11,45,f0fd90423ee4b076a771f80efe285b19966caf23f7a71b399eb117ea85336bfb,762eaba105efbdc7a61e95af31b81116d68c58a537063fdb67e0c309a8109bc6
strong,DetectDataset_clean_v2/test/images/foto14530__b60e0beaec728e99.jpg,DetectDataset_clean_v2_motion_blur/strong/images/foto14530__b60e0beaec728e99.png,640,640,11,11,45,b60e0beaec728e99db9c0586c38e8f1a47f98225fbf382b760d25a5ec9139451,129711b7dcd5ccee78089369365a0ae7b13bdfb5e02f67bfe5f5066006c4f854
strong,DetectDataset_clean_v2/test/images/foto14559__782ab57c51a27b27.jpg,DetectDataset_clean_v2_motion_blur/strong/images/foto14559__782ab57c51a27b27.png,640,640,11,11,90,782ab57c51a27b271d48ef49078fac05fd5ffaf3453caf7ab3893a8737faed86,fb1efc1c47efe69991793eee1dd8c630e2b6c6f7a5c9cce1df86c2fce6b1c6a2
strong,DetectDataset_clean_v2/test/images/foto14617__46dc6f4a70c4093d.jpg,DetectDataset_clean_v2_motion_blur/strong/images/foto14617__46dc6f4a70c4093d.png,640,640,11,11,90,46dc6f4a70c4093d0057f06321bb5a8476344934942e95b1a3731392405770c0,b1bd7674521302a2b1d2f6f48107dac9fae4bb5a5166d2146801f83dcf828807
strong,DetectDataset_clean_v2/test/images/foto15139__4d9ecf68d8a3eac5.jpg,DetectDataset_clean_v2_motion_blur/strong/images/foto15139__4d9ecf68d8a3eac5.png,640,640,11,11,45,4d9ecf68d8a3eac51beeb87b59c8af1930f0a23900236cf5a739893455e3c49f,f65aee3a121af5b121e19abc60abb4b67ae6d42bc8d10d6d4c2640f8df64aaaa
strong,DetectDataset_clean_v2/test/images/frame0152__c3b62649186446a0.jpg,DetectDataset_clean_v2_motion_blur/strong/images/frame0152__c3b62649186446a0.png,640,640,11,11,45,c3b62649186446a0f445cb23fed6b24882b8edb3cdb963c0b3166840c1c7a252,d58a2494de8586239618dd8a951b48d8139d26abbe9e7a138a7c71eecfa4b8f6
strong,DetectDataset_clean_v2/test/images/frame0184__ae7d2cb45050a9b6.jpg,DetectDataset_clean_v2_motion_blur/strong/images/frame0184__ae7d2cb45050a9b6.png,640,640,11,11,45,ae7d2cb45050a9b6cad152da0559d299a0e17bd09f0a443fd0a06795393bfbdb,0e6f2d277c0b3be8a905308b586d5a86b87e7a47fccfb5f497abd054af39dff6
strong,DetectDataset_clean_v2/test/images/frame0188__04fb67b03d0151b9.jpg,DetectDataset_clean_v2_motion_blur/strong/images/frame0188__04fb67b03d0151b9.png,640,640,11,11,0,04fb67b03d0151b9926cbd73621dd137851f8baf6106c9bf5aa43a1034ac1ea9,940769ced8ebbaa434cd4bb6f80baa72b84987b68b6f71b7913e566864ba3cda
strong,DetectDataset_clean_v2/test/images/frame0194__5daadb7e28e9c47b.jpg,DetectDataset_clean_v2_motion_blur/strong/images/frame0194__5daadb7e28e9c47b.png,640,640,11,11,45,5daadb7e28e9c47b027f37840a78b4cba538ab7518d7bd197463157b1aaa74ef,0fd933b4f510ce33bbab55d435b940fafc218233c05cf1949c6aa6081290e100
strong,DetectDataset_clean_v2/test/images/frame0197__863089edacdc77ba.jpg,DetectDataset_clean_v2_motion_blur/strong/images/frame0197__863089edacdc77ba.png,640,640,11,11,90,863089edacdc77baca6ad17b50c7b30475e478d7a103e3fe5384dad63c6de751,0ea2708e1712ed74d81621d01ca471fbc856a83dc6093215abb31ef6477c0260
strong,DetectDataset_clean_v2/test/images/frame0198__22aee97af5af0351.jpg,DetectDataset_clean_v2_motion_blur/strong/images/frame0198__22aee97af5af0351.png,640,640,11,11,135,22aee97af5af03510df004869801ca9860fdc4ec394da75b400a1ad41e23ac9c,4f792fa4864545bb28a8f330c98b9f18c9ccc51b81e2a59c463cff34fd063115
strong,DetectDataset_clean_v2/test/images/frame0202__42dc95cd628952f8.jpg,DetectDataset_clean_v2_motion_blur/strong/images/frame0202__42dc95cd628952f8.png,640,640,11,11,135,42dc95cd628952f819b4046c9b9a7ab8fc34eca188343fef2864411613497aa4,bae35315dc37a2371f315e600c07db97f081b23e58ab927b0f17573db45363a6
strong,DetectDataset_clean_v2/test/images/frame0214__5ecf1756a2af23a2.jpg,DetectDataset_clean_v2_motion_blur/strong/images/frame0214__5ecf1756a2af23a2.png,640,640,11,11,45,5ecf1756a2af23a237fa57736519f4db48f444991265b036397cc7c8b2a92414,0bc6b123073d379c8c4834b5be75b9a9bb359f1a0d23c421429f8e410240d774
strong,DetectDataset_clean_v2/test/images/frame0365__058598d419b31cc9.jpg,DetectDataset_clean_v2_motion_blur/strong/images/frame0365__058598d419b31cc9.png,640,640,11,11,45,058598d419b31cc9ed869f7938aeecaa4e6eb13807b8146bae62f0a881b3b9ed,73be69162907d9731a099c88b6da441592dfcbc897c2390eb52bd0a1bb8bb29a
strong,DetectDataset_clean_v2/test/images/name10__c8c5d0b4eb86c013.jpg,DetectDataset_clean_v2_motion_blur/strong/images/name10__c8c5d0b4eb86c013.png,640,640,11,11,45,c8c5d0b4eb86c013778685e5f5c6164cce238d438886c9138d30c421dfef30e7,ffc6fabbf811628406d23780fc668673e39198403331ea3a012283f52675eecc
strong,DetectDataset_clean_v2/test/images/name18__44fa8eea94ff983c.jpg,DetectDataset_clean_v2_motion_blur/strong/images/name18__44fa8eea94ff983c.png,640,640,11,11,90,44fa8eea94ff983c011cc9c0e2071e390d73fec41eb377729b3f42f9cc705248,dfa23bcfcb415138e8da57191e9ab54f857a7dbc6d345d13ca77396310cc9cfc
strong,DetectDataset_clean_v2/test/images/name18__9e5425f89d479f32.jpg,DetectDataset_clean_v2_motion_blur/strong/images/name18__9e5425f89d479f32.png,640,640,11,11,45,9e5425f89d479f32f6fa41c321fbe94df96f990a386145ed9591fb87734e3017,784f9efc897d64b40e11e18a5d553792e13970d321a3beba80e745ba054491db
strong,DetectDataset_clean_v2/test/images/name20__41a6080e3e628f68.jpg,DetectDataset_clean_v2_motion_blur/strong/images/name20__41a6080e3e628f68.png,640,640,11,11,0,41a6080e3e628f68fc8722552bbf9df546dfb1ac45745aecd8790fb4aaecf57c,d4da9b59675798644f2b906abefbc7f57c8e5fe73dc6f3ee056073370afe727a
strong,DetectDataset_clean_v2/test/images/name20__dd2f9486d02e8f67.jpg,DetectDataset_clean_v2_motion_blur/strong/images/name20__dd2f9486d02e8f67.png,640,640,11,11,45,dd2f9486d02e8f672aa672d0ac8e26590a327a695c5663987b7329792ea67e33,5e77a9c60cf5f90e8631e95232e550687f99ba80847316485e37c437471904af
strong,DetectDataset_clean_v2/test/images/name21__8312a7e4c09dd0e1.jpg,DetectDataset_clean_v2_motion_blur/strong/images/name21__8312a7e4c09dd0e1.png,640,640,11,11,0,8312a7e4c09dd0e19f9cac51da93f4f4a62eaf19268bde82a5f07a7327908cc1,840faf69062039244414b28caae0d9063518eb74a76f8215854d0141f5776279
strong,DetectDataset_clean_v2/test/images/name5__7d5b874bd15cc643.jpg,DetectDataset_clean_v2_motion_blur/strong/images/name5__7d5b874bd15cc643.png,640,640,11,11,135,7d5b874bd15cc64311d01aa8dad1c985f54b20002b650e69a61ebbc9b7a31970,1e1fae0343c14ef3250c82c286a58eee8c336c4c0a60aea14246b04e06d3c414
strong,DetectDataset_clean_v2/test/images/name6__c4b2208a56ce6286.jpg,DetectDataset_clean_v2_motion_blur/strong/images/name6__c4b2208a56ce6286.png,640,640,11,11,45,c4b2208a56ce62861d9cb952403d76cd741615fa8b90f4e978145830bbda8ff8,299f6c9b9f41adaafa95d3e4f7614d40cb39b88b4786f1055b3f7ca017fa49af
strong,DetectDataset_clean_v2/test/images/name6__da188e36a277a83b.jpg,DetectDataset_clean_v2_motion_blur/strong/images/name6__da188e36a277a83b.png,640,640,11,11,0,da188e36a277a83b160b881a5ef385ed1ac20609ad77185799ecbcbee20e755a,16f6fa024bda1b0059d552c2b12a00e2cf2bb178bc4f3650dc8bab6645fa0b2d
strong,DetectDataset_clean_v2/test/images/pic_1032__cff54d60821402c5.jpg,DetectDataset_clean_v2_motion_blur/strong/images/pic_1032__cff54d60821402c5.png,640,640,11,11,0,cff54d60821402c5ecd060525ca8913b7e074533c54e255bce59e0c0aa5a26b8,604b7efc69a2195a9b0d4460c8e0fec5ee958f1176465485bc96e5aadb8d1d43
strong,DetectDataset_clean_v2/test/images/pic_1060__04a8d82bb09c2f0a.jpg,DetectDataset_clean_v2_motion_blur/strong/images/pic_1060__04a8d82bb09c2f0a.png,640,640,11,11,45,04a8d82bb09c2f0a1a88526395e55e646cb06297157f75ae5329c6202ae89535,ca1cd25a63e24fbf3a08b95277e4f618d12ea0dde643344be6d719c2d04c7f30
strong,DetectDataset_clean_v2/test/images/pic_1121__cb73c852b5d08105.jpg,DetectDataset_clean_v2_motion_blur/strong/images/pic_1121__cb73c852b5d08105.png,640,640,11,11,0,cb73c852b5d08105856f0240263b0c364cdced7d517d38047250b27df5e9e9ac,c9fbfd66a9d1f0e3445b6a9e403bb73fd6d13f0186a9fdd4beec14c288546c7e
strong,DetectDataset_clean_v2/test/images/pic_164__1fc840c5e08f9727.jpg,DetectDataset_clean_v2_motion_blur/strong/images/pic_164__1fc840c5e08f9727.png,640,640,11,11,0,1fc840c5e08f97277727cc7bc12b07e10ef9c2f5f82890507ca9c3df63819b17,0908fa1af5fef54b6cf6fb63118ecbc7ef5c9ea78dadf86b361b393585e7386e
strong,DetectDataset_clean_v2/test/images/pic_207__4850b7199afc650c.jpg,DetectDataset_clean_v2_motion_blur/strong/images/pic_207__4850b7199afc650c.png,640,640,11,11,135,4850b7199afc650cc4372d546d9d64e5585b52a4c7485b4b283766cf84febd86,f6e382b46ee62b4f424d5608691d9d9b05f5f11c6b81c474a1723525d9845598
strong,DetectDataset_clean_v2/test/images/pic_297__7d0da3b7a94e3887.jpg,DetectDataset_clean_v2_motion_blur/strong/images/pic_297__7d0da3b7a94e3887.png,640,640,11,11,90,7d0da3b7a94e38874a5a3ff994c0fde03d7738dd72902ae8964d619f7dd957bf,5e2a6b52f49650d1173afcf8ffd7228df46f40fd429c757a21e92fd78074c234
strong,DetectDataset_clean_v2/test/images/pic_338__941a59bbfffbe45e.jpg,DetectDataset_clean_v2_motion_blur/strong/images/pic_338__941a59bbfffbe45e.png,640,640,11,11,90,941a59bbfffbe45e6aaac3f876f118f4ce52a505195b9431f622b04e9762c479,36712b2eca2f2aa7d2478871e177c8f987833eac4276e7239a33f7711e979283
strong,DetectDataset_clean_v2/test/images/pic_344__6b18d1ab5b3b0c9a.jpg,DetectDataset_clean_v2_motion_blur/strong/images/pic_344__6b18d1ab5b3b0c9a.png,640,640,11,11,45,6b18d1ab5b3b0c9aeec0a9576daaef7d389c1d215c459786e8c551f3711149dd,108fbb21dbc3a5ec4d0dce4e95090b939906d15ce007bba43ca02bff78d1f425
strong,DetectDataset_clean_v2/test/images/pic_442__f9a08451595320ae.jpg,DetectDataset_clean_v2_motion_blur/strong/images/pic_442__f9a08451595320ae.png,640,640,11,11,135,f9a08451595320aec9ba5f6fa26d567db857e967bed836c8d32e54d447b046fa,9424edabfce26dfe06a75b88cf6ba5735468cbc1ace1d8bcdae290fd7cc4fef5
strong,DetectDataset_clean_v2/test/images/pic_497__1eacbf616326c97d.jpg,DetectDataset_clean_v2_motion_blur/strong/images/pic_497__1eacbf616326c97d.png,640,640,11,11,90,1eacbf616326c97d2d190064ded7d383b81033de86a004e60588e691aa2bcd9c,395f00a0fcfda6fdcc47013ce51b12634f8e7b343c95d9cc3eee3062482134e2
strong,DetectDataset_clean_v2/test/images/pic_519__bfa154accb4ed48a.jpg,DetectDataset_clean_v2_motion_blur/strong/images/pic_519__bfa154accb4ed48a.png,640,640,11,11,135,bfa154accb4ed48a1675954487b36a56a033eed8472b0848b43dc81d6b80cf86,ce49498e039e95c4a9882a80f72e6d921aaf406611e1cf989c655afe81bee964
strong,DetectDataset_clean_v2/test/images/pic_664__10ba41f28fdf3666.jpg,DetectDataset_clean_v2_motion_blur/strong/images/pic_664__10ba41f28fdf3666.png,640,640,11,11,135,10ba41f28fdf3666e6fef3fadf357ac473f577e6662cd6f3ba7bf087b3429df8,bbd2e3ba41e008e8abf1b7528ac5b328e9eddc04874e9db261b4c546ad31eb2b
strong,DetectDataset_clean_v2/test/images/pic_677__a4b70f352e9e58bc.jpg,DetectDataset_clean_v2_motion_blur/strong/images/pic_677__a4b70f352e9e58bc.png,640,640,11,11,0,a4b70f352e9e58bc4a786945dc9acabda4e88992249194b1603d4ac9806ef3ae,50f340fd2f4cd9e707455fbe74a81a3bd3085f9a88cbab8f27e8d3f587650253
strong,DetectDataset_clean_v2/test/images/pic_719__4ecd50d7fbdcfa75.jpg,DetectDataset_clean_v2_motion_blur/strong/images/pic_719__4ecd50d7fbdcfa75.png,640,640,11,11,135,4ecd50d7fbdcfa7597273b33e141556f49703566dba1f77d1d5a998bb3a67337,50eef9eedca2a02c596c523c026209b90f8ea99f996710d12af2968773246d89
strong,DetectDataset_clean_v2/test/images/pic_749__8d37266c76a07afe.jpg,DetectDataset_clean_v2_motion_blur/strong/images/pic_749__8d37266c76a07afe.png,640,640,11,11,45,8d37266c76a07afed9e85ecb57d48587f75814e64972206d2bd3f13b7b14a2b9,baada3477a0f387cf856725a3433b797e6bda123c1ccb1b7e572992a6ae8711e
strong,DetectDataset_clean_v2/test/images/pic_757__86939fccc3905611.jpg,DetectDataset_clean_v2_motion_blur/strong/images/pic_757__86939fccc3905611.png,640,640,11,11,45,86939fccc3905611e8fcacdeb55408ac5a4dc14d37bef98e9e8f4da0b50b4807,113a29b2deb202df65a050c4af7b7ad72bdd74af5e2281bf33612dabfc04739a
strong,DetectDataset_clean_v2/test/images/pic_761__cc4752a963a2b940.jpg,DetectDataset_clean_v2_motion_blur/strong/images/pic_761__cc4752a963a2b940.png,640,640,11,11,45,cc4752a963a2b94094469dae53f91337a61d4a79230a35227c5805f84a392c23,e85655de295807530ef8a9007daad804c3075ad7007e1499304e173d848ff284
strong,DetectDataset_clean_v2/test/images/pic_823__77ec075b9b9d8367.jpg,DetectDataset_clean_v2_motion_blur/strong/images/pic_823__77ec075b9b9d8367.png,640,640,11,11,90,77ec075b9b9d836773b4c810c66db481627f5988d7ad68699c512d05f9ecb63b,6d1581e1208745d999f49d29bcc31a5c28bb9c2a958ac247d0e548f18a7e543d
strong,DetectDataset_clean_v2/test/images/pic_905__115256e533c757cc.jpg,DetectDataset_clean_v2_motion_blur/strong/images/pic_905__115256e533c757cc.png,640,640,11,11,135,115256e533c757cc91d72f1b8b6300017ca3bc6df8167e5b326deac5b06ebd73,74b0fca22f85c255f82da8e2894cf3ac1eb6bfaa6ca37aa123c3eb2a3fb62f5a
strong,DetectDataset_clean_v2/test/images/pic_909__6d57c76086ea623f.jpg,DetectDataset_clean_v2_motion_blur/strong/images/pic_909__6d57c76086ea623f.png,640,640,11,11,45,6d57c76086ea623f0b2bfa16e9634b2c2c604f5c469f769e25cceb37677e4f83,bdba5351ef247ebd6bb8aa0780a2f76c99ee45532166fd742b2705c43cca41cd
strong,DetectDataset_clean_v2/test/images/video101__2d2baa4c06984c08.jpg,DetectDataset_clean_v2_motion_blur/strong/images/video101__2d2baa4c06984c08.png,640,640,11,11,90,2d2baa4c06984c0832d0c969b25dc52e51013da20d16cdc9935e530bce1f6fbb,f6284953b942127c81214186be4675fbce5dbc3fbf6ab2923d9457779b83a7d0
strong,DetectDataset_clean_v2/test/images/video101__b7b0b304e8f2d710.jpg,DetectDataset_clean_v2_motion_blur/strong/images/video101__b7b0b304e8f2d710.png,640,640,11,11,90,b7b0b304e8f2d710432ef9de6e71d9902fae36464176bf417d5bf7eda7e630df,8d75c9a246c0a02b568f89de00c6c3fef4a846dab746fb404abff7a29c7c2b6b
strong,DetectDataset_clean_v2/test/images/video104__03bd8931420607a6.jpg,DetectDataset_clean_v2_motion_blur/strong/images/video104__03bd8931420607a6.png,640,640,11,11,90,03bd8931420607a61a048b6324351b62773c87cf7bafcce1e103236d8ba97594,8ec51b82cfa795119f4a7ab50abe6f8e35c3d17aea04ae29bf27301d0ab87146
strong,DetectDataset_clean_v2/test/images/video1093__5b8ef5719b604a9d.jpg,DetectDataset_clean_v2_motion_blur/strong/images/video1093__5b8ef5719b604a9d.png,640,640,11,11,90,5b8ef5719b604a9da5d689dd1470d96ab0b63c9424f70a5e457192775eaad374,594977cf14d3f748c0d1cdcdcb90eb641c079205a2a931304791df1bff6f274c
strong,DetectDataset_clean_v2/test/images/video1093__8d918c06e4519c2e.jpg,DetectDataset_clean_v2_motion_blur/strong/images/video1093__8d918c06e4519c2e.png,640,640,11,11,135,8d918c06e4519c2ea08ab75efabab15d4c95257151db318240be20573ed23ae5,a1ae635c61e1eaf0730187352ef927e14d3cd77f48d10b3dc4673a2be43a281b
strong,DetectDataset_clean_v2/test/images/video13179__bb2f00d521971eb7.jpg,DetectDataset_clean_v2_motion_blur/strong/images/video13179__bb2f00d521971eb7.png,640,640,11,11,45,bb2f00d521971eb73cf25734a6687065769ce8c18aaccbdb28cff1fe04fa973b,90858e4bc726adc079abe8a8d3d49bed7299f686352f3ac8f2f7dcfa2c7d6c13
strong,DetectDataset_clean_v2/test/images/video13182__6b0c31f842e95778.jpg,DetectDataset_clean_v2_motion_blur/strong/images/video13182__6b0c31f842e95778.png,640,640,11,11,90,6b0c31f842e957784a774330eee4ae2cfe420ec21ae7f3d92889d3adf469704c,967439114c67290640b3f57bdb0c6b8dce64fc5a58a5032831155deff94e07a4
strong,DetectDataset_clean_v2/test/images/video13192__01e1e9d182070845.jpg,DetectDataset_clean_v2_motion_blur/strong/images/video13192__01e1e9d182070845.png,640,640,11,11,135,01e1e9d182070845b983b7c028273328ea5e086c1ab277f16eb7d159a7d779ef,3c9a97382f770a238972c08e77819c7e5ce417dd0cd675ee8bf397b89838d041
strong,DetectDataset_clean_v2/test/images/video1342__680088a7b8879cb4.jpg,DetectDataset_clean_v2_motion_blur/strong/images/video1342__680088a7b8879cb4.png,640,640,11,11,0,680088a7b8879cb4b5a1085a361c0e8753d23b6b55a08056c102ab5d3df100af,42b4a5ca09a400594c24a7b5903520a9dc64087cb5d264155b5299f006aff5ee
strong,DetectDataset_clean_v2/test/images/video1345__198a64cb7af6cfdd.jpg,DetectDataset_clean_v2_motion_blur/strong/images/video1345__198a64cb7af6cfdd.png,640,640,11,11,0,198a64cb7af6cfdd82de579a42cea3712abe091769d569b3f63749f2715171b3,4a35bd5ec90abf70c15b415fc61efda58cea035e1f84b20e2a55a171df83e3a3
strong,DetectDataset_clean_v2/test/images/video1358__65b0f970fa4d2007.jpg,DetectDataset_clean_v2_motion_blur/strong/images/video1358__65b0f970fa4d2007.png,640,640,11,11,135,65b0f970fa4d20072aa5e591b881f03de682a4bd974c8de8c6073f9bda2a2832,8de286372970ac3120dafebdf4e530fb864b642505d7c27bda04d43735b51b2b
strong,DetectDataset_clean_v2/test/images/video1362__f4b0a13efe8a9a48.jpg,DetectDataset_clean_v2_motion_blur/strong/images/video1362__f4b0a13efe8a9a48.png,640,640,11,11,0,f4b0a13efe8a9a48c3db5dc3c3723818d1cf65783afced4ce075d94bcd4ea3df,4dfe7683e76b4176cc060d428755e0e346b3abbd2ee7214a4f6d1754c3feb589
strong,DetectDataset_clean_v2/test/images/video1373__f7b9dcb0775617e4.jpg,DetectDataset_clean_v2_motion_blur/strong/images/video1373__f7b9dcb0775617e4.png,640,640,11,11,135,f7b9dcb0775617e4a56e201e5e76a81e0a1608907f12a1fb27bca3523b6ff4eb,9d665574f7448bdce5172cb1c1895b589f45245f987aecb8a4e2e2dad62ce7b4
strong,DetectDataset_clean_v2/test/images/video1374__6ac3d4baf1cb3c39.jpg,DetectDataset_clean_v2_motion_blur/strong/images/video1374__6ac3d4baf1cb3c39.png,640,640,11,11,0,6ac3d4baf1cb3c39a6263e40e0a53536f75ca3ce81fdc4da18a8ea03eeb99e24,762e0cadae663fd57a1459a593857dd5cc3d05ed0908569fceba8be43d3da27f
strong,DetectDataset_clean_v2/test/images/video1375__a2a17c833ac6fe18.jpg,DetectDataset_clean_v2_motion_blur/strong/images/video1375__a2a17c833ac6fe18.png,640,640,11,11,90,a2a17c833ac6fe1883c1a4a825431790a372c1bbc998a3f4d359f2d865574e1b,b30a9211830e95b097e4d4384848489cde66c1aaeec4600ea4482fdbd83a4b62
strong,DetectDataset_clean_v2/test/images/video1375__e06aac4a9f0b92be.jpg,DetectDataset_clean_v2_motion_blur/strong/images/video1375__e06aac4a9f0b92be.png,640,640,11,11,135,e06aac4a9f0b92be425c909375f84075a3ae0a9331ecd0ac869cc668dad7965a,e3fa1de639ec50e31e047472cb9e0669a059dd145d14d4605693bf85e338e2cf
strong,DetectDataset_clean_v2/test/images/video14_109__e10436844bab6d42.jpg,DetectDataset_clean_v2_motion_blur/strong/images/video14_109__e10436844bab6d42.png,640,640,11,11,135,e10436844bab6d42ea5180bca09250843d8ccc67dd891c6ac525058dd44ee843,4b899304037bcd0044d1112f117e12c63d14da4af95e28b7a4d867f6f062b6ab
strong,DetectDataset_clean_v2/test/images/video14_115__1f6be58be08d940c.jpg,DetectDataset_clean_v2_motion_blur/strong/images/video14_115__1f6be58be08d940c.png,640,640,11,11,0,1f6be58be08d940c019bc801a9b1ebc8abf231a84a60cd62db4a358c704a5ee1,2e2e14801d790c3b209d4ac2061112445428f7b4ac85615840017678d9b05847
strong,DetectDataset_clean_v2/test/images/video14_116__9262a227b8483f48.jpg,DetectDataset_clean_v2_motion_blur/strong/images/video14_116__9262a227b8483f48.png,640,640,11,11,45,9262a227b8483f48f66c05d8241290262c96477ff548d8d4839292cad1eeba6d,1dfdb0e2f3edb9d50a7f86b5b1d00c6da2274d3d871b446a1e55a7955216da16
strong,DetectDataset_clean_v2/test/images/video14_120__1272ab049b79cc36.jpg,DetectDataset_clean_v2_motion_blur/strong/images/video14_120__1272ab049b79cc36.png,640,640,11,11,90,1272ab049b79cc36298e022254697c25281d488fb15e24fc3cb2ade9cd52a0e9,7e6ece34a204112584968a3886b10eadc82999919c1685f8e286697e02a11ce0
strong,DetectDataset_clean_v2/test/images/video14_130__3bd2745151de86ab.jpg,DetectDataset_clean_v2_motion_blur/strong/images/video14_130__3bd2745151de86ab.png,640,640,11,11,45,3bd2745151de86ab8f74608b74f9ce0dbe933c8f9dbf05c52fd69821700f928f,abe6b67669673bd69438ca9285118422ec59b0572a6da33b1737077997f81163
strong,DetectDataset_clean_v2/test/images/video14_142__0e8f6fc478927996.jpg,DetectDataset_clean_v2_motion_blur/strong/images/video14_142__0e8f6fc478927996.png,640,640,11,11,45,0e8f6fc4789279963d13b5d53bcea575e6ceb0b88d5ed1d4888c7f6c6f5719cf,7ac9fa1010a2875ffe22dbaf617d595348da84a3700c8c113ae5b4b84f641cda
strong,DetectDataset_clean_v2/test/images/video14_142__ae8015946dec9dd5.jpg,DetectDataset_clean_v2_motion_blur/strong/images/video14_142__ae8015946dec9dd5.png,640,640,11,11,135,ae8015946dec9dd503e669d5463f3066d7d62b8b3b3c83465c3f96339098c9ac,5f82548ac42e5659163d661ca010c97aee96e2eb27269c044c7664a7e883a3c6
strong,DetectDataset_clean_v2/test/images/video14_155__d086cdee6de7c9e7.jpg,DetectDataset_clean_v2_motion_blur/strong/images/video14_155__d086cdee6de7c9e7.png,640,640,11,11,45,d086cdee6de7c9e7ed75ed6ee9d0bccf60c61ffdf1ef7daba0e31e9e59de74a9,04ef93856b07e44dd3a67a038bfbe7613a07ba31c6277d1d2cdaa4f3cddfa50b
strong,DetectDataset_clean_v2/test/images/video14_162__805548057233c740.jpg,DetectDataset_clean_v2_motion_blur/strong/images/video14_162__805548057233c740.png,640,640,11,11,90,805548057233c74046f8d831988a628aca4719010a8b9db4e7d036a7538c226a,e5dbaaf2bbfa88b16865a947ee423246150a73801b13fa76b0aaca4f7aaad326
strong,DetectDataset_clean_v2/test/images/video14_162__d7e88e72c8aabe9a.jpg,DetectDataset_clean_v2_motion_blur/strong/images/video14_162__d7e88e72c8aabe9a.png,640,640,11,11,90,d7e88e72c8aabe9aa56571b256591e06ffb4cf47decaf1891d37d16f899dfd7c,b7c8420d49a497584bd3a1045f2319bde5d85e4228dcac16c6f14b318425e041
strong,DetectDataset_clean_v2/test/images/video14_164__483583358e7e198b.jpg,DetectDataset_clean_v2_motion_blur/strong/images/video14_164__483583358e7e198b.png,640,640,11,11,90,483583358e7e198b5c95861bdc437896113207454e7c25dcb8ecec2d11f750e5,41bc61987dae8a3b7b8848c2fe4ac7932a9703b0294b0b2178b93619f037c005
strong,DetectDataset_clean_v2/test/images/video14_164__88ba591120e848a3.jpg,DetectDataset_clean_v2_motion_blur/strong/images/video14_164__88ba591120e848a3.png,640,640,11,11,135,88ba591120e848a3cffca627a882798c429af024a5f2b1aeccc98dd251fcfd28,b50cfd02099f6cd5bad5bebe60521d9d37e64091594d79ec90dfcce0c5ffe30b
strong,DetectDataset_clean_v2/test/images/video14_165__958b613c47d12f65.jpg,DetectDataset_clean_v2_motion_blur/strong/images/video14_165__958b613c47d12f65.png,640,640,11,11,45,958b613c47d12f654cc92930ff18c6049fc5fc18e48cee9fdecbe1640bb260c4,b68e1f7b26e09d0fd6958af8d6567ded32a427412fb106fcba7d9f5bae430a92
strong,DetectDataset_clean_v2/test/images/video14_165__ba30960d57110e51.jpg,DetectDataset_clean_v2_motion_blur/strong/images/video14_165__ba30960d57110e51.png,640,640,11,11,90,ba30960d57110e5117b29f64c5451f5e29b90a400b1a914d7ff0e9e910a6b061,b1fb1c2a8e2ebff204fc63943b176b8a5ce32044d61ec2fa7703624927ca591e
strong,DetectDataset_clean_v2/test/images/video14_177__edde21a484dcc427.jpg,DetectDataset_clean_v2_motion_blur/strong/images/video14_177__edde21a484dcc427.png,640,640,11,11,135,edde21a484dcc4275f37f489409ec1eb662bd217e0172cc85b8048401db898af,8cd020096ed998511ff04e95be405b23444031031f37b2c5ee576239cbde2e22
strong,DetectDataset_clean_v2/test/images/video14_179__c0547804a42e1211.jpg,DetectDataset_clean_v2_motion_blur/strong/images/video14_179__c0547804a42e1211.png,640,640,11,11,45,c0547804a42e12114205ab6cba57dc54e25526a4492556136a16f8880969cd5d,cac220096f377c2562f8a0fc6dcb6a5b3a9d4404b45e45210a9fd9fcc0fb2c7f
strong,DetectDataset_clean_v2/test/images/video14_179__f7af1d63adfd3616.jpg,DetectDataset_clean_v2_motion_blur/strong/images/video14_179__f7af1d63adfd3616.png,640,640,11,11,0,f7af1d63adfd36162c8bdaba42ac41a32423241edc27f2896947d6f3dc91441d,b196a17cdbadcaf4da8f1b729b17a91a89e76817146773eb03b1852488a312dc
strong,DetectDataset_clean_v2/test/images/video14_185__639e550152187a40.jpg,DetectDataset_clean_v2_motion_blur/strong/images/video14_185__639e550152187a40.png,640,640,11,11,90,639e550152187a40b2ac625f442277b290991c6c07a90657adcc796aea57fcdc,2c9bba48c4da758531ebfb6356311b1195095d7960dca59d2e62802263a5b34d
strong,DetectDataset_clean_v2/test/images/video14_185__80c97e3e168c400a.jpg,DetectDataset_clean_v2_motion_blur/strong/images/video14_185__80c97e3e168c400a.png,640,640,11,11,135,80c97e3e168c400ac8814adee907abb6a5e43920899b5b0246d661094fbf0c57,c2421ace8d295cb79d6417dd784a71062d979066efe860eb58f97823619fcf33
strong,DetectDataset_clean_v2/test/images/video14_188__2413ea03ade2e3d2.jpg,DetectDataset_clean_v2_motion_blur/strong/images/video14_188__2413ea03ade2e3d2.png,640,640,11,11,45,2413ea03ade2e3d2f2dcb254140c47ccb9169fca762f89bee8800bc45804064e,1ff471cae01efa118a6090f1bb5f6d931a39241ccecf2c1abe49944b4e6757af
strong,DetectDataset_clean_v2/test/images/video14_191__01e46f150b309447.jpg,DetectDataset_clean_v2_motion_blur/strong/images/video14_191__01e46f150b309447.png,640,640,11,11,0,01e46f150b3094475849166df2ecbf1ad471194c3ac4cfc7084002764287f5ea,45d5c2886ee2fd0ac31ecfa3be238d3e4f5504800f71cd105cfe0730d6566b12
strong,DetectDataset_clean_v2/test/images/video14_191__d59e9feddc09783a.jpg,DetectDataset_clean_v2_motion_blur/strong/images/video14_191__d59e9feddc09783a.png,640,640,11,11,0,d59e9feddc09783a203aa2b3828c64c610ccd437a92114ea66916e064e5f28f5,4f7786518e8f444e9e7663608f073439a0898d04995ff992f9f60719f9abe0e9
strong,DetectDataset_clean_v2/test/images/video14_202__5b60171bcb3f8c64.jpg,DetectDataset_clean_v2_motion_blur/strong/images/video14_202__5b60171bcb3f8c64.png,640,640,11,11,90,5b60171bcb3f8c64b80b8b76df2febe426e74adc749db57ba7e007901715f740,f35577c9fa7f8adffcef5b7e3e92cccb3dc9598fff84ef4df9de593ee22506f9
strong,DetectDataset_clean_v2/test/images/video14_207__968e3e654b7dd745.jpg,DetectDataset_clean_v2_motion_blur/strong/images/video14_207__968e3e654b7dd745.png,640,640,11,11,45,968e3e654b7dd74592760c4d0cffc0e923324ab37d8232a21853288d3f51d109,782f2d7c8ae0860c99f29c1a2999cda96c761060535dc1c6c8cb25b9341a4b73
strong,DetectDataset_clean_v2/test/images/video14_40__0ebc1144b9023916.jpg,DetectDataset_clean_v2_motion_blur/strong/images/video14_40__0ebc1144b9023916.png,640,640,11,11,90,0ebc1144b902391685a471c3963b61c248bd68b8e69f2d5c420c258c1a2c1649,520e029e855df560e840b83d5f426f6f4ecd1add91603390b2e800619631059c
strong,DetectDataset_clean_v2/test/images/video14_40__6e3623f5fe016fd1.jpg,DetectDataset_clean_v2_motion_blur/strong/images/video14_40__6e3623f5fe016fd1.png,640,640,11,11,45,6e3623f5fe016fd1083d40ed71ae82fe353c86d024d0cacb8ec6fbaeaa17e876,dcdc62af0ff434d947e53e185ded5934964c3d607f4409c28e4cfc2a29fdb6f2
strong,DetectDataset_clean_v2/test/images/video14_42__17651b91bb6f7d97.jpg,DetectDataset_clean_v2_motion_blur/strong/images/video14_42__17651b91bb6f7d97.png,640,640,11,11,135,17651b91bb6f7d97f99240deb1dbd9b69444da285e7222f1941a256847f2397c,ba333bbb744762275f73d7aede0342f678c2959ea5d4572c873dae251a6b46ba
strong,DetectDataset_clean_v2/test/images/video14_52__44842a03c1f27e51.jpg,DetectDataset_clean_v2_motion_blur/strong/images/video14_52__44842a03c1f27e51.png,640,640,11,11,45,44842a03c1f27e51b2a1f1435334bdd23c21f9766a3a12a25a48e54b652a0c7e,0fb143045687abc513c0189dc8d5408289436500c724a16017f43858c6c21196
strong,DetectDataset_clean_v2/test/images/video14_52__7ce50680b5c44624.jpg,DetectDataset_clean_v2_motion_blur/strong/images/video14_52__7ce50680b5c44624.png,640,640,11,11,135,7ce50680b5c446240775f3ea1e4a4de2ca70f89100f2fa921df63c10ab479247,ee4ee7f07e10b60dfcb5bde0c12e3eb52a7d32f15f890fd527bd392bfee10b1b
strong,DetectDataset_clean_v2/test/images/video14_53__97c2c8f2b91dfda0.jpg,DetectDataset_clean_v2_motion_blur/strong/images/video14_53__97c2c8f2b91dfda0.png,640,640,11,11,45,97c2c8f2b91dfda0cda0b8555c19b1341917f4581e21cd417d4c3723e0ed2f18,9d3f666c34a0a1326113833ae96b58a26c6d7d407016802812986daa0bdf4d7f
strong,DetectDataset_clean_v2/test/images/video14_53__c99c4282ff153596.jpg,DetectDataset_clean_v2_motion_blur/strong/images/video14_53__c99c4282ff153596.png,640,640,11,11,45,c99c4282ff153596df8732505dcfebdbf42c82681545c6bad540b55a3a291f4c,337b0ec3fbe5864d3e30b93209742c8f9a1a82f5801f4edd6e9142362addbc1e
strong,DetectDataset_clean_v2/test/images/video14_56__d10d70852d16efad.jpg,DetectDataset_clean_v2_motion_blur/strong/images/video14_56__d10d70852d16efad.png,640,640,11,11,45,d10d70852d16efad70b215958f76680610031f28087d30066f7ab666b1719715,c4b85ac1736d646c1adbb98575bddb94077828dd504b3a25743542fba13472c1
strong,DetectDataset_clean_v2/test/images/video14_59__3127d84b714c7e1e.jpg,DetectDataset_clean_v2_motion_blur/strong/images/video14_59__3127d84b714c7e1e.png,640,640,11,11,45,3127d84b714c7e1e96e913e3f6b5ee4ad54ea190ea9c42cd72540fcec4282b17,3150c010cc29f5edffb378f738312087878d3fa70c125160f2753da9e51a2e03
strong,DetectDataset_clean_v2/test/images/video14_59__87da9db9a94cb981.jpg,DetectDataset_clean_v2_motion_blur/strong/images/video14_59__87da9db9a94cb981.png,640,640,11,11,135,87da9db9a94cb981e70c42f1f2f69c6cd90c9de397b5ddbc807a4642a77a0b58,6c34d7662fa2156a15b2f5d74d317ec4c0a47a583af3d027535cac5381def545
strong,DetectDataset_clean_v2/test/images/video14_60__408f5d275de53044.jpg,DetectDataset_clean_v2_motion_blur/strong/images/video14_60__408f5d275de53044.png,640,640,11,11,90,408f5d275de5304444f1602cd6292cb7ee7f5acf1bd528d9619a14da3d40256e,c67fdfa43ffd0d31c22bb21ccfa83e69a6eea9a45966340f377a9e1fa2bf49b6
strong,DetectDataset_clean_v2/test/images/video14_60__850226b6b24a9d0e.jpg,DetectDataset_clean_v2_motion_blur/strong/images/video14_60__850226b6b24a9d0e.png,640,640,11,11,135,850226b6b24a9d0ea2d81d28cf6142183bb6c6dee0cfe3263ebc3bc96b126c38,12d87d5334a11599cbd333600a0f7737a0b4156ce4b8fb422594fa47996acb9a
strong,DetectDataset_clean_v2/test/images/video14_64__8b35bb9b0be32482.jpg,DetectDataset_clean_v2_motion_blur/strong/images/video14_64__8b35bb9b0be32482.png,640,640,11,11,45,8b35bb9b0be324827199df969b13ce72c6055320c63b6c81ecd63e7bfbba6d69,8a71d9007c527f9c81036704bf5d5b8b2989abfece815688ae0f759d4d297218
strong,DetectDataset_clean_v2/test/images/video14_64__d2ef99884167903e.jpg,DetectDataset_clean_v2_motion_blur/strong/images/video14_64__d2ef99884167903e.png,640,640,11,11,45,d2ef99884167903e3b1eae02102c3650057faafa983fc033c5928f7cc05de931,6358cb4a44b16778c6538884d775611f9ea147884dd7d7ac5d59671821bb9f02
strong,DetectDataset_clean_v2/test/images/video14_67__1efc409459ccd5bf.jpg,DetectDataset_clean_v2_motion_blur/strong/images/video14_67__1efc409459ccd5bf.png,640,640,11,11,90,1efc409459ccd5bf9ae7e84bb8d335833a710c8919c55b10f88e2be336a555ed,2b32634c122badf9f65ffb9a7cdabc6114efd42a68dc8f56acee8a3d0c421f21
strong,DetectDataset_clean_v2/test/images/video14_67__3438a17eead24604.jpg,DetectDataset_clean_v2_motion_blur/strong/images/video14_67__3438a17eead24604.png,640,640,11,11,90,3438a17eead24604a3ff86a4a45f41b432552717c78e54a4983b5a9052c0b79e,befc127faf018f2e39a4bd5906b4d55196703ec014178dac02bab05942e105b3
strong,DetectDataset_clean_v2/test/images/video14_68__13f6cdba54edc2f7.jpg,DetectDataset_clean_v2_motion_blur/strong/images/video14_68__13f6cdba54edc2f7.png,640,640,11,11,0,13f6cdba54edc2f72317ad2f7cce416e9bdbf6f086ac4bf0351a933e9b559784,06ab6e9b24dcbe3556eb38dc22f3dfca80da0305d2013542003ec5df00e5ec02
strong,DetectDataset_clean_v2/test/images/video14_74__c369559b02616243.jpg,DetectDataset_clean_v2_motion_blur/strong/images/video14_74__c369559b02616243.png,640,640,11,11,45,c369559b026162436243a5be9af88871fdb67a5bad12e6e9dbba04062f54a704,1b2826d8a6bb28e512bb7e6cf89e70568749509ef174820810ef51ebca3eba48
strong,DetectDataset_clean_v2/test/images/video14_74__d9dce9a56299ef9a.jpg,DetectDataset_clean_v2_motion_blur/strong/images/video14_74__d9dce9a56299ef9a.png,640,640,11,11,0,d9dce9a56299ef9ae48fd885592e8c5ed9bf04ee7614cdf1a94277d5afb69330,8cb8b9c6dab818a71db6ccfac7b1a2c254da1c1456c158a480552193b562e781
strong,DetectDataset_clean_v2/test/images/video14_86__8ad1a968a4896626.jpg,DetectDataset_clean_v2_motion_blur/strong/images/video14_86__8ad1a968a4896626.png,640,640,11,11,135,8ad1a968a4896626d68b33b359505848db5274d081b0ab861896e574e58b7351,e656aca65d2185263dd525692d7d1bdaae98d518a0988488e383c2c5e08eb956
strong,DetectDataset_clean_v2/test/images/video14_86__f4d6bbce6fa674d8.jpg,DetectDataset_clean_v2_motion_blur/strong/images/video14_86__f4d6bbce6fa674d8.png,640,640,11,11,90,f4d6bbce6fa674d8ece79f357216ff12d94f2c9656a117f3c8f3c1f99056d132,21a7db14ad43f11d738bb89627ec7f11d0641be3693caddecf9bba303a576fcf
strong,DetectDataset_clean_v2/test/images/video14__52d9e42eb6133b3d.jpg,DetectDataset_clean_v2_motion_blur/strong/images/video14__52d9e42eb6133b3d.png,640,640,11,11,90,52d9e42eb6133b3deafbf32a2b43492ed1259f45774bc02c30fcadc1fca8a3ea,a1577a4e611f4caabaf09422c93934cd03126d6bf29b0e0b635d8ab5b66a3ff2
strong,DetectDataset_clean_v2/test/images/video14__90b10a64243901d1.jpg,DetectDataset_clean_v2_motion_blur/strong/images/video14__90b10a64243901d1.png,640,640,11,11,135,90b10a64243901d1bf3c6921cc4b9797588309724fda448859408d0b3dc5916b,daecef1a00ba36fd144128bc6e3c51a96b6518e1fcbee648504b3d3acc3108fd
strong,DetectDataset_clean_v2/test/images/video15_305__6e2f5ca1fa8e7411.jpg,DetectDataset_clean_v2_motion_blur/strong/images/video15_305__6e2f5ca1fa8e7411.png,640,640,11,11,90,6e2f5ca1fa8e7411a37c90c5dd51eb91046bb8196ff280d7f3edd13f436182a2,ee90db70585d6b3cf22bd60b79534313a7537f1072dd38f66e9035bf9394d505
strong,DetectDataset_clean_v2/test/images/video15_305__b79c3cf4211f741e.jpg,DetectDataset_clean_v2_motion_blur/strong/images/video15_305__b79c3cf4211f741e.png,640,640,11,11,135,b79c3cf4211f741e6c1f99a01170b5eccc4d66622f44a2451340a11c96c89568,7c986c3d02e61b8852a986535c98597805e07ff6d740ea33cd845fd891e5bc62
strong,DetectDataset_clean_v2/test/images/video15_330__5dc53f589f3c7a36.jpg,DetectDataset_clean_v2_motion_blur/strong/images/video15_330__5dc53f589f3c7a36.png,640,640,11,11,135,5dc53f589f3c7a364473047a13930b6480847849ff8ae4f09383b7a254a0094b,99cb63fdccf35df8931b55b19981b53650a1a917b8ad10d8ed3301689e83eb40
strong,DetectDataset_clean_v2/test/images/video15_338__6b9689d7489f0c33.jpg,DetectDataset_clean_v2_motion_blur/strong/images/video15_338__6b9689d7489f0c33.png,640,640,11,11,45,6b9689d7489f0c334d1252eeaba07007eeb6f4856ff9cdcaecc0ce9d082bd29b,732e3e8e747e9b922152fa8e58b48a94432f4d4fff117f05484c08bec6e1479a
strong,DetectDataset_clean_v2/test/images/video15_339__9dd1f7c1ede6bddb.jpg,DetectDataset_clean_v2_motion_blur/strong/images/video15_339__9dd1f7c1ede6bddb.png,640,640,11,11,45,9dd1f7c1ede6bddb8301a880d79969f241fc7480b9e49b65f804184f6786c694,90785ee5dcbb90b0528bfa5ae5fc64d8370aaab6ca54314261ef9643fec23cbf
strong,DetectDataset_clean_v2/test/images/video15_341__10e4dc88f1b2f002.jpg,DetectDataset_clean_v2_motion_blur/strong/images/video15_341__10e4dc88f1b2f002.png,640,640,11,11,0,10e4dc88f1b2f002387356745d85ff29f67e8eaa65e66e00bc39bc4ade33c3b8,c586b13bbf3580f52f8bcbf7bad01c53c3457ba30c71e89cacae1911280d6da7
strong,DetectDataset_clean_v2/test/images/video15_341__c8e03a31ea05f2a4.jpg,DetectDataset_clean_v2_motion_blur/strong/images/video15_341__c8e03a31ea05f2a4.png,640,640,11,11,90,c8e03a31ea05f2a4d60200ce9202eddc57e04aab5478e85c6bd0b53ee07c47e0,64d1fa99442f55d8da1c7ac51a3a2e43bed81d437c63bed9c6b5a393b8d2834d
strong,DetectDataset_clean_v2/test/images/video15_342__9a87eedc8a1fba3c.jpg,DetectDataset_clean_v2_motion_blur/strong/images/video15_342__9a87eedc8a1fba3c.png,640,640,11,11,135,9a87eedc8a1fba3ca9319c6ef5433d68e026abd88d06ed498513cc668e9f8864,ad3a77b25ec3b9791212a7e6c103423528f2263f3f1019fee11767c29d24c7d6
strong,DetectDataset_clean_v2/test/images/video15_346__024c0a2ed19a3933.jpg,DetectDataset_clean_v2_motion_blur/strong/images/video15_346__024c0a2ed19a3933.png,640,640,11,11,135,024c0a2ed19a39331569c5f6bfb278ed99116049d475041779d433ade97f2f37,0721dcac75e2175e8ab82065b7be5bc00b872467f3cf4b7a503351a4ac9db3b8
strong,DetectDataset_clean_v2/test/images/video15_348__413268ea8bc67cac.jpg,DetectDataset_clean_v2_motion_blur/strong/images/video15_348__413268ea8bc67cac.png,640,640,11,11,135,413268ea8bc67cacfac4686107453bfa365081f9831707e34d2edd22b0be6c02,8d81443f93ec34c2e836e5940491bbb7a4de8abfc7e23f74a5e8b83a8500e3ad
strong,DetectDataset_clean_v2/test/images/video15_349__fe83591f035f7f9d.jpg,DetectDataset_clean_v2_motion_blur/strong/images/video15_349__fe83591f035f7f9d.png,640,640,11,11,90,fe83591f035f7f9db66a3f9c225e76e53bdbc513db6111f915b68b917ee98d9e,e25a2a17d25fab5d8f539b489e061ad8b5091eda915e711e81ca2b8c8ed61a36
strong,DetectDataset_clean_v2/test/images/video15_367__3764663a7c1b5b5b.jpg,DetectDataset_clean_v2_motion_blur/strong/images/video15_367__3764663a7c1b5b5b.png,640,640,11,11,90,3764663a7c1b5b5b8901292e4aaebad46baae0f1bfc7460cc54ccf32860e42b0,9717ee2aa2fa0ca51ec8987ef34468be6111f11750648ad5fc0f42223e06ebc6
strong,DetectDataset_clean_v2/test/images/video15_371__25ca97d281bf1030.jpg,DetectDataset_clean_v2_motion_blur/strong/images/video15_371__25ca97d281bf1030.png,640,640,11,11,0,25ca97d281bf1030fdfaff6873bc9cbc2633ce83d6a2302468c36149e188c0a0,142d9146dc2b29b5d7e2507b4c6452a56956c05b44b411e22a401ce92794141d
strong,DetectDataset_clean_v2/test/images/video15_386__9c94b60d2c9e1197.jpg,DetectDataset_clean_v2_motion_blur/strong/images/video15_386__9c94b60d2c9e1197.png,640,640,11,11,90,9c94b60d2c9e119790173f14e6b74c82c79172a6310050a90ff15377b5b9a265,a9b0fd542263d48ff094150ded1780b1977925c745792c0edcdcbd0e7e30d151
strong,DetectDataset_clean_v2/test/images/video15_411__69b36d85180a782e.jpg,DetectDataset_clean_v2_motion_blur/strong/images/video15_411__69b36d85180a782e.png,640,640,11,11,45,69b36d85180a782e78b5663f63a754ca29d544f444d20a25682ecae2bea32b25,13107faaa7201f34286cbc120b4f57807a5bff9df19dd8757589bc1ccb54c23b
strong,DetectDataset_clean_v2/test/images/video15_415__0488ea314f0beb3a.jpg,DetectDataset_clean_v2_motion_blur/strong/images/video15_415__0488ea314f0beb3a.png,640,640,11,11,45,0488ea314f0beb3a5e0ec2122a6fab8181ee1d50bd89c2b009011bf05089e43a,0e4842b7cc533fcf556ab04f0f8dc2ecc7e83423fb5563f3ddaf8368ab9041e1
strong,DetectDataset_clean_v2/test/images/video15_419__2fbb3a8a0715ff28.jpg,DetectDataset_clean_v2_motion_blur/strong/images/video15_419__2fbb3a8a0715ff28.png,640,640,11,11,45,2fbb3a8a0715ff2819f3edf772c95c18666153573e2468ee5b6e763d0b935ff1,b1772464ef8daad29283d06ae37bde7f7b29aca6541e9951876d6fdf4edd9381
strong,DetectDataset_clean_v2/test/images/video15_436__ee6142e24cb10292.jpg,DetectDataset_clean_v2_motion_blur/strong/images/video15_436__ee6142e24cb10292.png,640,640,11,11,135,ee6142e24cb102926117f482e818e5929667466fc7ef56c96a6140a7875502b2,e10d73dd6d67b96f9f51c3be68198783416c26eb007f12c8e5ba55836ed89bf2
strong,DetectDataset_clean_v2/test/images/video15_438__5b2112a89935da12.jpg,DetectDataset_clean_v2_motion_blur/strong/images/video15_438__5b2112a89935da12.png,640,640,11,11,135,5b2112a89935da12714d1520f8f4d9a8bf4b1e9d07b3c3caf3d9340db437407f,ce7c401f50c92bf076ecaf64c7b64ddf219509432bad74348d1f9980c6b1c9a0
strong,DetectDataset_clean_v2/test/images/video15_441__d711611e1271a230.jpg,DetectDataset_clean_v2_motion_blur/strong/images/video15_441__d711611e1271a230.png,640,640,11,11,135,d711611e1271a23082c1410f5353e72723918477f8e7f27317d2f7635994a2e9,f392542b729fd119bafa8afae1cee2d3fe4ec81be18700120916b2d3c0e15f4f
strong,DetectDataset_clean_v2/test/images/video15_476__92eaac958b3307f5.jpg,DetectDataset_clean_v2_motion_blur/strong/images/video15_476__92eaac958b3307f5.png,640,640,11,11,135,92eaac958b3307f5cc407d12ac6d2624a72dc10fd7a296e953bece1bc0549039,dc506fa63993cd73aa7e11fd52bb1b465df11cc0c6f33e509f5d9f617d9e73b2
strong,DetectDataset_clean_v2/test/images/video16_108__535f32215dc632bc.jpg,DetectDataset_clean_v2_motion_blur/strong/images/video16_108__535f32215dc632bc.png,640,640,11,11,45,535f32215dc632bc462986cb8e85ad78dffc09752a1bc4cc8cef87300dc5df64,246e1a5d30deefea433e066986c97a8e62aa18c2ff38d1dd26d9fb6687aa83c3
strong,DetectDataset_clean_v2/test/images/video16_121__608e1b7a1c62cc44.jpg,DetectDataset_clean_v2_motion_blur/strong/images/video16_121__608e1b7a1c62cc44.png,640,640,11,11,0,608e1b7a1c62cc44aea96058a0540382f6f52d2c87856aab19911b0f8d6542c8,836e0d864213c81c473145cca80a929456296369b2b0921fda4225755dfd40f9
strong,DetectDataset_clean_v2/test/images/video16_121__c69a7e2cd6286c37.jpg,DetectDataset_clean_v2_motion_blur/strong/images/video16_121__c69a7e2cd6286c37.png,640,640,11,11,135,c69a7e2cd6286c3735eb137835a2536c1fc3ca3656e0bd0154d1565f3945ca63,880753f54113774d4da9da21dae7bc44888fc5b14a01b1763a3f99a2133d60e0
strong,DetectDataset_clean_v2/test/images/video16_134__6bc9551e08a679d8.jpg,DetectDataset_clean_v2_motion_blur/strong/images/video16_134__6bc9551e08a679d8.png,640,640,11,11,0,6bc9551e08a679d83e7a2f8388e3304b46faee4ede31696584968223c791b42f,bca8cd9b0be0a010eb397c265994939d2dbdb56ffb62afa28b616f484ec02906
strong,DetectDataset_clean_v2/test/images/video16_142__ad9e48caf4e1cb76.jpg,DetectDataset_clean_v2_motion_blur/strong/images/video16_142__ad9e48caf4e1cb76.png,640,640,11,11,90,ad9e48caf4e1cb76090ea7199514ce9c340f084998da9942ce90390b1b094a86,4567f1b64c04733f0f214caf95e0bf15effd012e9a6c3e00440e99bda669b2a4
strong,DetectDataset_clean_v2/test/images/video16_142__d32d8a4ad750a564.jpg,DetectDataset_clean_v2_motion_blur/strong/images/video16_142__d32d8a4ad750a564.png,640,640,11,11,0,d32d8a4ad750a56487a851e46befdf36eff0e432ffd24a06fc20402c37d58060,f76d7472d4473e1c29691130984b848daca027f305135fdab9f0e5630a4d8793
strong,DetectDataset_clean_v2/test/images/video16_162__8cb7c5871b7f1db9.jpg,DetectDataset_clean_v2_motion_blur/strong/images/video16_162__8cb7c5871b7f1db9.png,640,640,11,11,135,8cb7c5871b7f1db9a24ff3846cea6639d83733e04680feb2e40e8873edaa9c04,9db7444a06ce806ff09aff51969ceac58d5aa87c7577617430e9dd5c608a1ed1
strong,DetectDataset_clean_v2/test/images/video16_162__cf3836b5f99c7058.jpg,DetectDataset_clean_v2_motion_blur/strong/images/video16_162__cf3836b5f99c7058.png,640,640,11,11,135,cf3836b5f99c70581ff24d1f345870acac56cd624c88cef300c3832cdbdc4dfe,c4a2f234f0e2548e882603ca1457988d32d9939fea4a15a669c7124b3bdd2a13
strong,DetectDataset_clean_v2/test/images/video16_171__0b4e851169a91462.jpg,DetectDataset_clean_v2_motion_blur/strong/images/video16_171__0b4e851169a91462.png,640,640,11,11,0,0b4e851169a914625a3e9ddda552648391cf2888e2f969d168e359332f1da728,7cdc4e1497ffd0468bbf904fa37127ee0d6894a360d44066a970da4f6cd33b6f
strong,DetectDataset_clean_v2/test/images/video16_203__0ff5b505bbcce167.jpg,DetectDataset_clean_v2_motion_blur/strong/images/video16_203__0ff5b505bbcce167.png,640,640,11,11,0,0ff5b505bbcce1672ea47c6a975d03d207d0ccba91c8ad9f48fa86c5b5174efd,8beeacddc7867ff99c42c46d6bf8d1edb8666820cd16a8d33e4b1a054e6f489f
strong,DetectDataset_clean_v2/test/images/video16_203__84930ddbb346fa03.jpg,DetectDataset_clean_v2_motion_blur/strong/images/video16_203__84930ddbb346fa03.png,640,640,11,11,135,84930ddbb346fa03b9a65ca01135cf2029c6a0683c4161b9085fc1fb424ecbe2,55ae213d11f50f8b8e19e1d6d08f004656001d6dfdf160c6d4c46fafb4ccd10e
strong,DetectDataset_clean_v2/test/images/video16_208__858fef7a0b86e61e.jpg,DetectDataset_clean_v2_motion_blur/strong/images/video16_208__858fef7a0b86e61e.png,640,640,11,11,45,858fef7a0b86e61e126f6ebfdcd93ae78e0e682a00dad866881fb282a820d1cd,9ef6a211b08ce13babcc33c65db517026cb510e542ffad0a8085e4084ab01af5
strong,DetectDataset_clean_v2/test/images/video16_210__c6b4bdc8d592f444.jpg,DetectDataset_clean_v2_motion_blur/strong/images/video16_210__c6b4bdc8d592f444.png,640,640,11,11,90,c6b4bdc8d592f4446d29221f0b2555887ddb584c82c6d18a73893471e917e994,5703290aef30ac0953742ec25444e4dc1c0382872096aeb0352f20d67d2e77b4
strong,DetectDataset_clean_v2/test/images/video16_210__f1627cc2588852a9.jpg,DetectDataset_clean_v2_motion_blur/strong/images/video16_210__f1627cc2588852a9.png,640,640,11,11,90,f1627cc2588852a974f0cfcc83110f6161be691d24f400aee366ddd57349e63e,958cd9967c55f281bddc37a6b7c4558e4302fa7662efb78e556e0608bdd05b53
strong,DetectDataset_clean_v2/test/images/video16_218__ed6f19213b7ad69a.jpg,DetectDataset_clean_v2_motion_blur/strong/images/video16_218__ed6f19213b7ad69a.png,640,640,11,11,90,ed6f19213b7ad69ad702136bb1e8b311affe631b0930b206d89fbdde05e9672c,bdeab497317bd8b9f1fe38275e9c3a5566dd0e7c31fc0172918833fd1805133e
strong,DetectDataset_clean_v2/test/images/video16_220__62671ef3b4399b54.jpg,DetectDataset_clean_v2_motion_blur/strong/images/video16_220__62671ef3b4399b54.png,640,640,11,11,90,62671ef3b4399b5491fbcf44936aeded29fbb51c3503fc29edc5a4568094c259,9395d96cb00a5baf1609a6d277a7c20003de2e78085cadad7034019756596142
strong,DetectDataset_clean_v2/test/images/video16_220__ade661d03a166a77.jpg,DetectDataset_clean_v2_motion_blur/strong/images/video16_220__ade661d03a166a77.png,640,640,11,11,45,ade661d03a166a77dc3c0219803a407bbca13e10354a5bacbfdaa4a8b002b4b2,68d3748ee806de6fdb942c488608d448be79bf8a34ea3bba73ed795ab10cde47
strong,DetectDataset_clean_v2/test/images/video16_221__8b3f6aa80fa7086f.jpg,DetectDataset_clean_v2_motion_blur/strong/images/video16_221__8b3f6aa80fa7086f.png,640,640,11,11,0,8b3f6aa80fa7086f324e0424fc9bc4e13f39369f9aa73cde8db97312c0311742,dd910f7d778c8c42ce58ea16ac5b3a0dd59148bfa52ee56c21d9d293b908c36b
strong,DetectDataset_clean_v2/test/images/video16_221__d3032cd204704c89.jpg,DetectDataset_clean_v2_motion_blur/strong/images/video16_221__d3032cd204704c89.png,640,640,11,11,45,d3032cd204704c8953dc613c7cc48b8fcdd01ba524e58603c177b74e48456d4d,26ececf3aabc75b5dbcc92982e13a6f47177de52ecb621fe368d085018d09767
strong,DetectDataset_clean_v2/test/images/video16_227__17f7cc75d1ff143a.jpg,DetectDataset_clean_v2_motion_blur/strong/images/video16_227__17f7cc75d1ff143a.png,640,640,11,11,90,17f7cc75d1ff143a72546e587d9f43019c79da7d46ac2c0b1a3f38b4eb4f38da,4c5d2d66fb0c15d0c0d836c6029729a5bd1e740fe04e99e81ab7fa4d14ff23d2
strong,DetectDataset_clean_v2/test/images/video16_227__f0f6422c3569866b.jpg,DetectDataset_clean_v2_motion_blur/strong/images/video16_227__f0f6422c3569866b.png,640,640,11,11,45,f0f6422c3569866b3669fd1a8b742d35a62ca4b8ecd6cc7e6f64732cbb9a87af,8e47f9189ea6f8fb2c8fd67777dbd83e80797530845081b87c3586dbc1ed3a8d
strong,DetectDataset_clean_v2/test/images/video16_229__93ce7227ed7d7aab.jpg,DetectDataset_clean_v2_motion_blur/strong/images/video16_229__93ce7227ed7d7aab.png,640,640,11,11,45,93ce7227ed7d7aab55dddfe27fca5bbdd875aafc01e2535be7251229811e4c2b,23fd13c2574705dbaf2a78258582569bc87a724f1be6f0beee30929e94a57638
strong,DetectDataset_clean_v2/test/images/video16_230__059e9a2598411e1b.jpg,DetectDataset_clean_v2_motion_blur/strong/images/video16_230__059e9a2598411e1b.png,640,640,11,11,135,059e9a2598411e1bf2d4902d110462849d985a67ed6dce8940b6d2a9e1bb40f9,e80785fd26a91a6a7a98ff01b4fc31727e75b7331466029586784b06cf1a9329
strong,DetectDataset_clean_v2/test/images/video16_230__d13a566980521a23.jpg,DetectDataset_clean_v2_motion_blur/strong/images/video16_230__d13a566980521a23.png,640,640,11,11,0,d13a566980521a23314f4b555731d24557f0080afab459833488efef00881641,2ef7e38ef9dbce34deffe6b1e039a5dc1834cab5c2b44c8b8d463724b69e1b53
strong,DetectDataset_clean_v2/test/images/video16_237__191e7182428874ff.jpg,DetectDataset_clean_v2_motion_blur/strong/images/video16_237__191e7182428874ff.png,640,640,11,11,45,191e7182428874ffbf5a911e545070e20c396a4356618e34922207d0e70a49d6,46fb20a227a3e268d24c4135346f67a9a1ddc5d9b2de2a9668ff6f23b524ef0a
strong,DetectDataset_clean_v2/test/images/video16_237__e18981a572108e8c.jpg,DetectDataset_clean_v2_motion_blur/strong/images/video16_237__e18981a572108e8c.png,640,640,11,11,90,e18981a572108e8c7aafaaa403cec3529b2f89a104e6f28d1edcb1aa1843473a,5146e46b2d8f19ebe68b7786e0788a053552505a9c188b0d8b4b1173cb056fe6
strong,DetectDataset_clean_v2/test/images/video16_239__127e586a70ece58e.jpg,DetectDataset_clean_v2_motion_blur/strong/images/video16_239__127e586a70ece58e.png,640,640,11,11,0,127e586a70ece58ebddc9ebce1d6e1fd1e6200277671644e2feca586d1bb9b3b,239752886e1e7ab3c259cc15faad8080cd398d8d0e71f299caaa56586e6656c4
strong,DetectDataset_clean_v2/test/images/video16_239__775124c2cc4e5753.jpg,DetectDataset_clean_v2_motion_blur/strong/images/video16_239__775124c2cc4e5753.png,640,640,11,11,135,775124c2cc4e57535facd6e9a5ef679a8cd5ae584fe3ceb5965d0c569cb8a288,abf4beeb544a7973e88d5e6e0a647e137058a3674abda212ac65ca1c261e5899
strong,DetectDataset_clean_v2/test/images/video16_247__89cd804b50a67424.jpg,DetectDataset_clean_v2_motion_blur/strong/images/video16_247__89cd804b50a67424.png,640,640,11,11,135,89cd804b50a67424c6bd8018e21771fae74b012577e4113a1f65d1204febf12a,64ce60fe3f2fb2394558a94d938cd7cc4f71f15e162ba3f795b7a470c73314ba
strong,DetectDataset_clean_v2/test/images/video16_249__d25bcef439e43e5a.jpg,DetectDataset_clean_v2_motion_blur/strong/images/video16_249__d25bcef439e43e5a.png,640,640,11,11,0,d25bcef439e43e5aae8cd300a5cf9c3efc3fbc581c1edfbdded3cc44a680d1a4,f655990804a7620332ba246a5e666582f216065a50f7a7aff10043fd852fb8c6
strong,DetectDataset_clean_v2/test/images/video16_257__b315e3cc8190354e.jpg,DetectDataset_clean_v2_motion_blur/strong/images/video16_257__b315e3cc8190354e.png,640,640,11,11,45,b315e3cc8190354efa840e6a1b846a5cd3bb374ea6195f9cd0d4a03e9b9f72c4,835fc106570d095ab59a582fad420fed8e4710b07ae6c5bfa22842ab42a80510
strong,DetectDataset_clean_v2/test/images/video16_259__1404a2bd2c06976f.jpg,DetectDataset_clean_v2_motion_blur/strong/images/video16_259__1404a2bd2c06976f.png,640,640,11,11,90,1404a2bd2c06976f7c005a2e388ca003bac33c5192e3573a1abdda0f50c085c2,c4225148d9485c702a7928deecdd70c67463c2c565b8881727f93324907b8f78
strong,DetectDataset_clean_v2/test/images/video16_326__25c6dab1624ad7c4.jpg,DetectDataset_clean_v2_motion_blur/strong/images/video16_326__25c6dab1624ad7c4.png,640,640,11,11,0,25c6dab1624ad7c4de1f0e9edd9a7a741f8c08d29a9cc1d06be34ff6c7449cdd,d750b3ebe9f64f18e5c23eb9eef9dec2a78548e4312a8fb6af9a166647450eb9
strong,DetectDataset_clean_v2/test/images/video16_328__8f9e8dd5580707ac.jpg,DetectDataset_clean_v2_motion_blur/strong/images/video16_328__8f9e8dd5580707ac.png,640,640,11,11,135,8f9e8dd5580707ac2a719c2f0c004896f99a3b7c33175609206a6dfb57e3f7ae,ba29d3b9ee715c75d8439af3b142c59d6e513c836146d91c925e36f46b948959
strong,DetectDataset_clean_v2/test/images/video16_338__de8c9c20990d511c.jpg,DetectDataset_clean_v2_motion_blur/strong/images/video16_338__de8c9c20990d511c.png,640,640,11,11,0,de8c9c20990d511c44f6284e3fef8edb55bf2c42eed01e311bfe33c6a5f66867,8861bb08323fe7afe784376a813220dd9c7d28015905e25e7939f5e01b8ec252
strong,DetectDataset_clean_v2/test/images/video16_349__eb8ea8e33e03ecd6.jpg,DetectDataset_clean_v2_motion_blur/strong/images/video16_349__eb8ea8e33e03ecd6.png,640,640,11,11,45,eb8ea8e33e03ecd6e7403ec51b3c8eb5ef3a3a4ed900cabc9018b32ed8ce5804,9a96f635238dbe4a81abf489e174c5a593fe322e766efb14c474c0b8196e44db
strong,DetectDataset_clean_v2/test/images/video16_350__5d4edaed865e4692.jpg,DetectDataset_clean_v2_motion_blur/strong/images/video16_350__5d4edaed865e4692.png,640,640,11,11,45,5d4edaed865e469215caa51be92b24144cb4c8b579e40a41875445cf605b8b1c,b3bc3bcd06d5768d33c1a4c8dc9c026b38259af7517a65207bf1aa22cd75ef05
strong,DetectDataset_clean_v2/test/images/video16_354__56f88952189b7021.jpg,DetectDataset_clean_v2_motion_blur/strong/images/video16_354__56f88952189b7021.png,640,640,11,11,45,56f88952189b7021d3c01b5b7bcb1c4882ac35e90521005810f9025e7269e175,54ff7901639e2150ffe688459d69e4f83751a14e9f2c4ecb3cd435130490ecec
strong,DetectDataset_clean_v2/test/images/video16_354__93ca3489170f0e44.jpg,DetectDataset_clean_v2_motion_blur/strong/images/video16_354__93ca3489170f0e44.png,640,640,11,11,135,93ca3489170f0e444ab6ce1732c18ee03a25e343716a21c10d920168344af27c,0184a524670522e6784f0e926a56eb23616baaa4f290ee7bcb28a41c7cc73cf1
strong,DetectDataset_clean_v2/test/images/video16_356__d300f191052cdef7.jpg,DetectDataset_clean_v2_motion_blur/strong/images/video16_356__d300f191052cdef7.png,640,640,11,11,0,d300f191052cdef76be89983f178a5fb8c28dd4666f33a5c0ee8aa1b8062d991,de9b4b0b45c722a044571ea7319fa1fbad76ff1bad4839689dfeb40efb1a8b64
strong,DetectDataset_clean_v2/test/images/video16_363__81a11899c48f2cf4.jpg,DetectDataset_clean_v2_motion_blur/strong/images/video16_363__81a11899c48f2cf4.png,640,640,11,11,45,81a11899c48f2cf4c90984864b3b9581399ea48c34f51f73ebc37be1c479daab,5c2259c23ba499ff532a0d5c3ce5b195f0a5ed11e383633d49b13faa07e78735
strong,DetectDataset_clean_v2/test/images/video16_365__74c2c41beaad6c92.jpg,DetectDataset_clean_v2_motion_blur/strong/images/video16_365__74c2c41beaad6c92.png,640,640,11,11,0,74c2c41beaad6c92c11114744ba0120f9d556241d20650764dd4fa638d735345,1d23e447473bac909eae23ea0a52520de868ceb8f78f85d1e345914c292c83fc
strong,DetectDataset_clean_v2/test/images/video16_374__51e150af5f6d27ce.jpg,DetectDataset_clean_v2_motion_blur/strong/images/video16_374__51e150af5f6d27ce.png,640,640,11,11,135,51e150af5f6d27ceb93928f4c5dcc12894fcd46d0f0669d7e71e172e337c7dd9,8eda737297cf4ce8126c4d018d4fc1f3ae518b7c92f5af3f9ad9e72f2089ec1a
strong,DetectDataset_clean_v2/test/images/video16_374__edeed6f1a32d02f7.jpg,DetectDataset_clean_v2_motion_blur/strong/images/video16_374__edeed6f1a32d02f7.png,640,640,11,11,45,edeed6f1a32d02f70648daac8d0d15aadb05caf6aefa85ea5cec4d6c7a301eb0,48662dc3d32838e5b5d8a2a3d0caffed9a0b9ba62d35c4337564190132ca06e2
strong,DetectDataset_clean_v2/test/images/video16_376__2cd033978f35e2e9.jpg,DetectDataset_clean_v2_motion_blur/strong/images/video16_376__2cd033978f35e2e9.png,640,640,11,11,0,2cd033978f35e2e99b9c318b71663012eb2d8b7fd6cdfb9583f1a5cf868bc795,790b69fbcd09b7eb87a67882c8c8946bedefc0e4d56ef57c02cd5c1aec976509
strong,DetectDataset_clean_v2/test/images/video16_377__a842370fee9af029.jpg,DetectDataset_clean_v2_motion_blur/strong/images/video16_377__a842370fee9af029.png,640,640,11,11,45,a842370fee9af02905cc590b84fd236c2f75d5d0687f2ec76cc94a241a5a3412,c45f9a2ad7cd7705c9df11449e02a9ebc79e32ed1f4585e3c1f2956dd55614aa
strong,DetectDataset_clean_v2/test/images/video16_377__c16b8f95f84e5d02.jpg,DetectDataset_clean_v2_motion_blur/strong/images/video16_377__c16b8f95f84e5d02.png,640,640,11,11,45,c16b8f95f84e5d024c6bb865d59a5d2a95dc62e7cfe641c0592fa5e395fa6a2d,03b74917233b60888f967bbff3e30e681b2a16e2c4dc9e367e2f2d4e2743c885
strong,DetectDataset_clean_v2/test/images/video16_383__dbd828490a25aabb.jpg,DetectDataset_clean_v2_motion_blur/strong/images/video16_383__dbd828490a25aabb.png,640,640,11,11,90,dbd828490a25aabb9c31ee45cc51d3446f42dc0b2ac635993e62fcf764d54ecf,7193edc8fd00c597b902341371d2ffa9941dcbcf80edfc2bd9023d2692953a6a
strong,DetectDataset_clean_v2/test/images/video16_388__35d205e045dc12de.jpg,DetectDataset_clean_v2_motion_blur/strong/images/video16_388__35d205e045dc12de.png,640,640,11,11,45,35d205e045dc12de5c95d6980adef6d32940fbdcbfe285248332cc15451f7192,345f1effee8e5c38841be43fa9a4360daa806b691db3ca76f9f12017847b5215
strong,DetectDataset_clean_v2/test/images/video16_388__d48be18491621b02.jpg,DetectDataset_clean_v2_motion_blur/strong/images/video16_388__d48be18491621b02.png,640,640,11,11,45,d48be18491621b027e9646a3d4d3ccf58fe53a236966297284707ef4701202bf,b07605b1ff8d39a87bc0c1a77e9567cabccb6e0620a1856dc41ce37033d5ca17
strong,DetectDataset_clean_v2/test/images/video16_408__743a42e73964fe48.jpg,DetectDataset_clean_v2_motion_blur/strong/images/video16_408__743a42e73964fe48.png,640,640,11,11,90,743a42e73964fe48fabcac98c45d8a03b2493c09f813157c5a2905eca9a838bc,21716a4f4fa28060cfa22a48ef7a62dc30ecffc3abe22378a9c337a0de1661ef
strong,DetectDataset_clean_v2/test/images/video16_408__e6db778f8907523a.jpg,DetectDataset_clean_v2_motion_blur/strong/images/video16_408__e6db778f8907523a.png,640,640,11,11,0,e6db778f8907523ad70dc29ac037f0e88c96f3bc98f67d05e5dd5b1711e1e6de,c9e81320686b3ad9aa04510b5e0f138a56fe3b7d87da75af7caa737708aa35c9
strong,DetectDataset_clean_v2/test/images/video16_453__c10eeab514799863.jpg,DetectDataset_clean_v2_motion_blur/strong/images/video16_453__c10eeab514799863.png,640,640,11,11,45,c10eeab514799863927570b42f335ca1f7dd1676de0f7c4ad9b9cde4c650165e,865b9ee057a9d5f3f46421809d35fc4d1b7f47d887f251b03016b4a7c457c561
strong,DetectDataset_clean_v2/test/images/video16_466__e53f4f5816c7af54.jpg,DetectDataset_clean_v2_motion_blur/strong/images/video16_466__e53f4f5816c7af54.png,640,640,11,11,45,e53f4f5816c7af5479e7bec8003ec4d153c96c90a0daf8d16eee18270e6fffc1,0566394cf5fd47e82179b3a4e9d5ace528cff441162bda28a46a106b2ecfeb63
strong,DetectDataset_clean_v2/test/images/video16_471__94d7094ad6234383.jpg,DetectDataset_clean_v2_motion_blur/strong/images/video16_471__94d7094ad6234383.png,640,640,11,11,0,94d7094ad62343830acd7a56719b57a8cfb740524ae280201f631a3de1327485,b47af594acfd4cdddab58bbf92da95a47a6dbae31501643e74bde9c99dd24012
strong,DetectDataset_clean_v2/test/images/video16_471__de16601aa4414d5a.jpg,DetectDataset_clean_v2_motion_blur/strong/images/video16_471__de16601aa4414d5a.png,640,640,11,11,90,de16601aa4414d5ada426ec5ed0bc5ae31029569f169f621754dc82f16650850,7488d933008d383ae772a51bfe7f86911ef4b99e989ca0540165bdc668993fb8
strong,DetectDataset_clean_v2/test/images/video16_476__26a369013edc7573.jpg,DetectDataset_clean_v2_motion_blur/strong/images/video16_476__26a369013edc7573.png,640,640,11,11,45,26a369013edc7573b24f493721071dba277e62f1bf3cae696ede220a5a3f75a2,3c1555bb80e27b0cb5a99664de8d33b17adf5d339bd087abb952e83f76834d6f
strong,DetectDataset_clean_v2/test/images/video16_480__8b69490ee2b2b90e.jpg,DetectDataset_clean_v2_motion_blur/strong/images/video16_480__8b69490ee2b2b90e.png,640,640,11,11,90,8b69490ee2b2b90e148d4c37cb5e36c0b755f5d6fe05433dee7cdc8eae498e1c,87ea22800f449d80f7d1f17912627fbcec87d5bf1bde54e921f58784a36a0f7b
strong,DetectDataset_clean_v2/test/images/video16_485__467a6e01d5ea6533.jpg,DetectDataset_clean_v2_motion_blur/strong/images/video16_485__467a6e01d5ea6533.png,640,640,11,11,135,467a6e01d5ea65330b89433ac876fb3931f5a314806568f5514102d01c699f10,5d4a20f9503a2efd1fed6bc0d5b9ace9c01adbe9018b7d60336d021d3f41618b
strong,DetectDataset_clean_v2/test/images/video16_495__f3e354c0e2f4b0c6.jpg,DetectDataset_clean_v2_motion_blur/strong/images/video16_495__f3e354c0e2f4b0c6.png,640,640,11,11,0,f3e354c0e2f4b0c642a41515d4a0ad4d005c87923c4be6d01fbb5bb4d4385687,0a824052a4620a9cd2f983e59e2bab907063fa3fa43fb96694f6634ec0bcae69
strong,DetectDataset_clean_v2/test/images/video16_496__ead63763037ca457.jpg,DetectDataset_clean_v2_motion_blur/strong/images/video16_496__ead63763037ca457.png,640,640,11,11,0,ead63763037ca457e1c8d7521d3baf3a4a8f2236892422fbe80ca5899b069552,b7943a1bb4c38584a1d70399d33e8e32f3a7c69b2374b06a2acefdace949ea83
strong,DetectDataset_clean_v2/test/images/video16_498__7b43163807476dd7.jpg,DetectDataset_clean_v2_motion_blur/strong/images/video16_498__7b43163807476dd7.png,640,640,11,11,45,7b43163807476dd7397c70b347b944fcb1443e5b53ea344c7f2ebcd7c03d3398,57e760a65ef667d556a7b58fb9a59d1b8bb9c9fc64364538c05ef2c79da3f3a8
strong,DetectDataset_clean_v2/test/images/video16_502__67c9c2febe2c1240.jpg,DetectDataset_clean_v2_motion_blur/strong/images/video16_502__67c9c2febe2c1240.png,640,640,11,11,90,67c9c2febe2c1240ff1c56ff2f89ed911a5cc37a1db8c4fbe1c50071da2ed351,1716940d5ae1ea2e13cecc68c081c2f90e5889af77ce83d6f7ebd2fbe15da933
strong,DetectDataset_clean_v2/test/images/video16_502__73ae32fa3997833c.jpg,DetectDataset_clean_v2_motion_blur/strong/images/video16_502__73ae32fa3997833c.png,640,640,11,11,45,73ae32fa3997833cedd96426f0398d1a231a5d98feac1d42dd38cf06af7c0dff,8df21379192b13d6a64db53d91be81cdb03534f4aff6d347b6913b1fdf2fddf8
strong,DetectDataset_clean_v2/test/images/video16_527__56318fe36e954934.jpg,DetectDataset_clean_v2_motion_blur/strong/images/video16_527__56318fe36e954934.png,640,640,11,11,45,56318fe36e954934b861e6450daf540bad168cda13120b38682ca8a8f2cc83ee,d0b75e3ef174a3f60064b1c5dc9218e494c34b26fbf1225e777fc6c4ff91da33
strong,DetectDataset_clean_v2/test/images/video16_543__9c4b3e86f552f9fd.jpg,DetectDataset_clean_v2_motion_blur/strong/images/video16_543__9c4b3e86f552f9fd.png,640,640,11,11,45,9c4b3e86f552f9fd7da56dab0b94e11b98df9f0122ad4b0405bec4759c7344fb,b10b63b5be01aa16c04c2cf4af57929262f0328178cce6a7f06190649cd12df6
strong,DetectDataset_clean_v2/test/images/video16_543__cfe5d4d26c1e04a2.jpg,DetectDataset_clean_v2_motion_blur/strong/images/video16_543__cfe5d4d26c1e04a2.png,640,640,11,11,135,cfe5d4d26c1e04a2b628c157f839b36f6c04be50c7b626f612452e2fa12a7b67,2639126242d7d616b96d6627ea1d06728c4ca5c66a00861f9534b2bd3e80192e
strong,DetectDataset_clean_v2/test/images/video16_546__ee808f7e679bfdba.jpg,DetectDataset_clean_v2_motion_blur/strong/images/video16_546__ee808f7e679bfdba.png,640,640,11,11,90,ee808f7e679bfdba8c7a36618e96e919bfdef08e965e65b1960ffe3ec328908a,416591f41b0f8874f775306c70a9f1abe1c3f78dfd672066e8231499f48f73ce
strong,DetectDataset_clean_v2/test/images/video16_562__19204d7e10951a1a.jpg,DetectDataset_clean_v2_motion_blur/strong/images/video16_562__19204d7e10951a1a.png,640,640,11,11,90,19204d7e10951a1a54ffb6cc09e5b4bc516b1ffff6e0853975de514d69763a11,f54ce6c7abb6d9c7816c4e65b9027a9f434d2813e88a3c750d3963f122a03e72
strong,DetectDataset_clean_v2/test/images/video16_567__f831a8a659f75b15.jpg,DetectDataset_clean_v2_motion_blur/strong/images/video16_567__f831a8a659f75b15.png,640,640,11,11,45,f831a8a659f75b15412c34a1664cf6cdfc7294ef11a637b4d9d4ef866c4a7712,c76e0f83cb2ab3b9ef107807e8f233134d4a89d04ab1fbf4897de7bcb296dd0e
strong,DetectDataset_clean_v2/test/images/video16_575__1a9c808d83b0148d.jpg,DetectDataset_clean_v2_motion_blur/strong/images/video16_575__1a9c808d83b0148d.png,640,640,11,11,135,1a9c808d83b0148d6f3cd2b92950e33645d83e4e8572242fa97bb15589afd05a,196a424b19d52bdf7bd48420e995f14d0e752e5bcaf5e65c0bbf74f3ae4dff9f
strong,DetectDataset_clean_v2/test/images/video16_576__6c8e5fc08d7fa350.jpg,DetectDataset_clean_v2_motion_blur/strong/images/video16_576__6c8e5fc08d7fa350.png,640,640,11,11,0,6c8e5fc08d7fa3502a88918a8043c815f4147747528007a7d328310c5341c5a5,8d203907e79a66cd568f65aa30ef73c3ae7c84ff8ef4d7f9b4c08348c64d2e7f
strong,DetectDataset_clean_v2/test/images/video16_577__0127225817230293.jpg,DetectDataset_clean_v2_motion_blur/strong/images/video16_577__0127225817230293.png,640,640,11,11,0,01272258172302935ea272b51499bbe88d7f279f7e21c0a2ce1b61c3fa7f7162,460a4c09e075a17da8e574b22e3268c1bd1c29c22d7859ab4d27111ca8fedcb4
strong,DetectDataset_clean_v2/test/images/video16_577__9b01cde40d225e83.jpg,DetectDataset_clean_v2_motion_blur/strong/images/video16_577__9b01cde40d225e83.png,640,640,11,11,0,9b01cde40d225e833281bb1e278b86ad0eb173be5ea9e24940d3efe20f53943b,75190da5a9842f1d86cecf6b63918c583f7bfda1a0ad8a8f2ded6da1975a0c97
strong,DetectDataset_clean_v2/test/images/video16_646__5b1be803b9185c2a.jpg,DetectDataset_clean_v2_motion_blur/strong/images/video16_646__5b1be803b9185c2a.png,640,640,11,11,45,5b1be803b9185c2a86b60a7ffcce4f7aee8ccfdce1508aa606a23c71af7bb4d1,1cee7a34535268449867f5995b2075ae0318743e403b9f84733c897941494387
strong,DetectDataset_clean_v2/test/images/video16_651__740fbfb451d3b211.jpg,DetectDataset_clean_v2_motion_blur/strong/images/video16_651__740fbfb451d3b211.png,640,640,11,11,135,740fbfb451d3b21154295a3f7ad7619b86f25b74ccd888cb7abd6983702d154e,62b52f9dc95105cb9974b08edcaa1a32c24fe2b922a8c71801d4abc162713f4f
strong,DetectDataset_clean_v2/test/images/video16_679__d24fa9e5cc679730.jpg,DetectDataset_clean_v2_motion_blur/strong/images/video16_679__d24fa9e5cc679730.png,640,640,11,11,135,d24fa9e5cc679730088d9f46e258133fde325fc7290a4a6e676501b84c1b9fe9,f0c1520637a5cc3bb3c0a118486ca1cf005dbdda4867d455b7c53b50f57af805
strong,DetectDataset_clean_v2/test/images/video16_687__39c81423687cdc95.jpg,DetectDataset_clean_v2_motion_blur/strong/images/video16_687__39c81423687cdc95.png,640,640,11,11,90,39c81423687cdc956cd152a2eef014cb0b181dce11ce9cff5f59ed73ec40f803,3102f6d85c914b37e43a59afa52b6e0a561d6ad269c5059758ef68499f01299e
strong,DetectDataset_clean_v2/test/images/video16_687__a8fb2e13dae8c009.jpg,DetectDataset_clean_v2_motion_blur/strong/images/video16_687__a8fb2e13dae8c009.png,640,640,11,11,135,a8fb2e13dae8c009de00f4a4bf72baaab5d255c7dd58bd939e694f75176e5078,d97428aeaccb327057296d92b58c0aafdc803f6944f5a1953a0e33743e8f679f
strong,DetectDataset_clean_v2/test/images/video16_691__59c63cd2b5c99942.jpg,DetectDataset_clean_v2_motion_blur/strong/images/video16_691__59c63cd2b5c99942.png,640,640,11,11,135,59c63cd2b5c99942d3ebe0c8a1dd98e2d9d32aa08434a44f13da6647c866253e,14c00a7293b378ff861c3616dd46ce95e6a50c9f4db5b7d786e0b35231ebd6f5
strong,DetectDataset_clean_v2/test/images/video16_691__729375e0d8534a72.jpg,DetectDataset_clean_v2_motion_blur/strong/images/video16_691__729375e0d8534a72.png,640,640,11,11,0,729375e0d8534a725f37510a6c3fca77e9b5975b1866d1847367958c24ac6917,92e3edeafac111fc832e4fa6c9f6f155892009ffd324c7cf028e57c4bd7d8ec2
strong,DetectDataset_clean_v2/test/images/video16_728__9bf9b95769d70056.jpg,DetectDataset_clean_v2_motion_blur/strong/images/video16_728__9bf9b95769d70056.png,640,640,11,11,90,9bf9b95769d70056a83229385b2f7d41c8827b481afe28f42bae406d078f4b8d,0ef8d165dba38c2f5a268c76d3d9f641f1dd0092f45fcc432211be945191e7d9
strong,DetectDataset_clean_v2/test/images/video16_83__e6c2d66b76cfc75e.jpg,DetectDataset_clean_v2_motion_blur/strong/images/video16_83__e6c2d66b76cfc75e.png,640,640,11,11,45,e6c2d66b76cfc75e1a52a5dfd79eed8137b58cd8410192165ae1a43fa81b0e2b,1276f43fd47b91cc13c38423aac73527c45ae82c1b3327d8f91a24df8ee43e8a
strong,DetectDataset_clean_v2/test/images/video16_83__fa8bfa7b1c0efc61.jpg,DetectDataset_clean_v2_motion_blur/strong/images/video16_83__fa8bfa7b1c0efc61.png,640,640,11,11,0,fa8bfa7b1c0efc61a8ab9ae6e75e2b348ade35a7f816c6288d81a62e91322239,8617567d28d61d9a2cbd2ed6d8b24140fb4a20fac8f605f470d46fb4a25b77e5
strong,DetectDataset_clean_v2/test/images/video16_85__03eaec22677fa33d.jpg,DetectDataset_clean_v2_motion_blur/strong/images/video16_85__03eaec22677fa33d.png,640,640,11,11,0,03eaec22677fa33d9617215439c27174c9aaae754585d328d7193f2434c3e489,ec043c1c82a8f2e07fa4eaab8a5ef6285926dd18c22f2884c17cdf9bd457515c
strong,DetectDataset_clean_v2/test/images/video16_95__bc51f05dd0af76ee.jpg,DetectDataset_clean_v2_motion_blur/strong/images/video16_95__bc51f05dd0af76ee.png,640,640,11,11,45,bc51f05dd0af76eedf0c4c7bd339d070820f905700f240220e1ac0d2f7cb6f83,ed3c738221cde4a02a0e13af123a0ccb1b210d66de5dd4e7fbf6e2397b86627d
strong,DetectDataset_clean_v2/test/images/video16_96__846836c0e9f2e6b5.jpg,DetectDataset_clean_v2_motion_blur/strong/images/video16_96__846836c0e9f2e6b5.png,640,640,11,11,135,846836c0e9f2e6b5cba2226625df7260ef7cfcf522524f222a74ccec78f4db6f,4d76b6516043001878a9ac7d4b66549bcb237669205b0dc6ed40fb8758959996
strong,DetectDataset_clean_v2/test/images/video16_98__1ac59800b180ebfd.jpg,DetectDataset_clean_v2_motion_blur/strong/images/video16_98__1ac59800b180ebfd.png,640,640,11,11,135,1ac59800b180ebfdbf3ea83bfdac46f66622650d0063255b5edcaad2276bad44,32c33d645483a051fe900edf7373edd0933c80444c14c52fab594982b2fcb00b
strong,DetectDataset_clean_v2/test/images/video17_1001__354db9a8b80726f9.jpg,DetectDataset_clean_v2_motion_blur/strong/images/video17_1001__354db9a8b80726f9.png,640,640,11,11,0,354db9a8b80726f9dff19dae507a9063206d18a23ab3f251aba868f4a789771c,3712d889b347858d776bcf2b3eebbea4a766f6ed8b690e315a0b2f303e76c28d
strong,DetectDataset_clean_v2/test/images/video17_1027__019377d2a315891a.jpg,DetectDataset_clean_v2_motion_blur/strong/images/video17_1027__019377d2a315891a.png,640,640,11,11,90,019377d2a315891ae5d181b71a3b0c2f34576fe1723473667f43e0cc950c666f,88617bd702f7ed2da76876835303d2b1f4161e7708cae64c23f43fbe879d2c6f
strong,DetectDataset_clean_v2/test/images/video17_1027__4967f48ee4a1ee97.jpg,DetectDataset_clean_v2_motion_blur/strong/images/video17_1027__4967f48ee4a1ee97.png,640,640,11,11,0,4967f48ee4a1ee97d2afd7460f3ebfa9012d38f7953a3e0a3ef2e633873e893c,3eabbf4bbcd658779ea958dd7430c1a8bbb45d71176c6c13fc973899b4ee7ad2
strong,DetectDataset_clean_v2/test/images/video17_1030__44b2872c28da5f8c.jpg,DetectDataset_clean_v2_motion_blur/strong/images/video17_1030__44b2872c28da5f8c.png,640,640,11,11,0,44b2872c28da5f8cbef85d0546e4c58e3e92fb71a2aa3211afad5fc439e36829,1f8e933b70b9313f58d4c2722e759d4653b064299ea3ea246f92cf1c45ec7ad0
strong,DetectDataset_clean_v2/test/images/video17_1047__90b10dbbb3404b70.jpg,DetectDataset_clean_v2_motion_blur/strong/images/video17_1047__90b10dbbb3404b70.png,640,640,11,11,45,90b10dbbb3404b70b25ec5a363b3eb234ba3e05e9c5f3dec075b5381de2f0a2c,48888c7d683b82a59e28812900d16c4a368210ff0bc95948078fddd7a601eeb0
strong,DetectDataset_clean_v2/test/images/video17_1050__9270337491d39e7f.jpg,DetectDataset_clean_v2_motion_blur/strong/images/video17_1050__9270337491d39e7f.png,640,640,11,11,135,9270337491d39e7fbc8eb29d568ea1b8b81daf1f745a9d2944221ab126bb11cc,d9d3ce91cacb325fafe2b967fa093eb3957cac69014e913fdbe458c37c9f7083
strong,DetectDataset_clean_v2/test/images/video17_1054__5e56d971fedce41a.jpg,DetectDataset_clean_v2_motion_blur/strong/images/video17_1054__5e56d971fedce41a.png,640,640,11,11,0,5e56d971fedce41a8aad1c42724a0efadf4433efd951eb0cfd4688ddde46a715,2675b16dc6e8d4d7aa1779598c32147df0bbc64c10c65dbcbde73d343fc46bf6
strong,DetectDataset_clean_v2/test/images/video17_1054__986023daaddc1f90.jpg,DetectDataset_clean_v2_motion_blur/strong/images/video17_1054__986023daaddc1f90.png,640,640,11,11,45,986023daaddc1f903874bb33aeb26a463897516fa17986dbc1343c660bb52b77,d6d7fab4bebc0605e8994df453a40657998780e54ab6efc2ae6e6a1b990e2298
strong,DetectDataset_clean_v2/test/images/video17_106__6dcaab643a68c6c7.jpg,DetectDataset_clean_v2_motion_blur/strong/images/video17_106__6dcaab643a68c6c7.png,640,640,11,11,90,6dcaab643a68c6c756853f244c8466e99907273e15c19d00977506f02be5bcb7,35ebafdf7948379d5941f3679e473cca56ffb266f10c64516a4410c6d2608993
strong,DetectDataset_clean_v2/test/images/video17_107__056b3681cdccd82c.jpg,DetectDataset_clean_v2_motion_blur/strong/images/video17_107__056b3681cdccd82c.png,640,640,11,11,90,056b3681cdccd82cd23b60fe498b6bdd0f5760419df515ad305322921941e93e,a8172abf77d0090d4020f3d9d8cbcecfde4ae555210c9d4407971270aaeabb36
strong,DetectDataset_clean_v2/test/images/video17_107__92cd27e7479ea7e5.jpg,DetectDataset_clean_v2_motion_blur/strong/images/video17_107__92cd27e7479ea7e5.png,640,640,11,11,90,92cd27e7479ea7e53aa98e89db6091ca1101a34e7d3af4c5a8ea719957c57b8d,6e12fd1e4674782e394d17fd4262c2eb492330dbaf8467e2e2407c0e1b72fdaf
strong,DetectDataset_clean_v2/test/images/video17_1099__3e4af73ab5027431.jpg,DetectDataset_clean_v2_motion_blur/strong/images/video17_1099__3e4af73ab5027431.png,640,640,11,11,90,3e4af73ab502743108231c7c74061e88889a5ae4a1380ebed42fc20d9b68928e,e0e761e945e5785662a5220ac6bf1172a96f002de23cabb59038ceda1cb716c0
strong,DetectDataset_clean_v2/test/images/video17_1117__13d3c27098f49648.jpg,DetectDataset_clean_v2_motion_blur/strong/images/video17_1117__13d3c27098f49648.png,640,640,11,11,90,13d3c27098f49648a7081bed2ff5178386b5fc7259fda4f3eaa865e6d9a00ed3,47f3f29c9045eff567a1f36b3297d0649d7804ca45d2ae599b33e0f7da60c54d
strong,DetectDataset_clean_v2/test/images/video17_1117__4fd962fbcd7f9944.jpg,DetectDataset_clean_v2_motion_blur/strong/images/video17_1117__4fd962fbcd7f9944.png,640,640,11,11,0,4fd962fbcd7f9944d6503165685b36764ed59d0667fa95e0bb62031badb6b065,397a2e412671a0bfbedfe09a7ea1d93ef3794c57de221a9077e23176d95d86b2
strong,DetectDataset_clean_v2/test/images/video17_1131__8c14007f64715d5d.jpg,DetectDataset_clean_v2_motion_blur/strong/images/video17_1131__8c14007f64715d5d.png,640,640,11,11,45,8c14007f64715d5d3cf7260914c8aa2c44395f1f241c5ef29fb89fd67d8cdd8d,4523e1e579c6d1927366999a996ecd5399561c9fc09f4da1ae391b0a186c346f
strong,DetectDataset_clean_v2/test/images/video17_1156__1ce724042eb1270b.jpg,DetectDataset_clean_v2_motion_blur/strong/images/video17_1156__1ce724042eb1270b.png,640,640,11,11,0,1ce724042eb1270b5f9902534f30f1efbc0bfcc510d5b177418248f0ae3aa37a,c8b05a619d732e77f43975241d4d0d08346af728c943647dbada3bebe3cd134a
strong,DetectDataset_clean_v2/test/images/video17_1156__5c522f064b37be3e.jpg,DetectDataset_clean_v2_motion_blur/strong/images/video17_1156__5c522f064b37be3e.png,640,640,11,11,0,5c522f064b37be3ec183993c31f4842aca681ae56421da508ebf4da976e1a9dd,6f16cad91b06f9536c6b30320ec7247779900bd596c20eddddd8aba9a678a6ba
strong,DetectDataset_clean_v2/test/images/video17_115__83924624c528216d.jpg,DetectDataset_clean_v2_motion_blur/strong/images/video17_115__83924624c528216d.png,640,640,11,11,135,83924624c528216dca105ea47fd7877511c3fe4346de5cc092a32c0a9af8624e,44cd17147c9751bd609c0e39e14d92da91a92e1c138b864bc73daa07e1740a02
strong,DetectDataset_clean_v2/test/images/video17_120__5336d824d5c622d9.jpg,DetectDataset_clean_v2_motion_blur/strong/images/video17_120__5336d824d5c622d9.png,640,640,11,11,90,5336d824d5c622d96097d2a32ca83a86b57a314d5bd04600c0eda7ffb398c12f,c55365fe401c70da8bbbdf406419b33d962f578f0e916c6a1f2490df5bc2d9c9
strong,DetectDataset_clean_v2/test/images/video17_120__e5d59bcd7f43e6cb.jpg,DetectDataset_clean_v2_motion_blur/strong/images/video17_120__e5d59bcd7f43e6cb.png,640,640,11,11,90,e5d59bcd7f43e6cb77f9af2f16a42c2c5aa2c8c003f87d9b106c9aef4df65edb,004ce5ef7bb61cd5608a06cf1f1cdfc6f82813273b6ba4f5ed3ee1233438a102
strong,DetectDataset_clean_v2/test/images/video17_1236__2ca635c8f5e835c7.jpg,DetectDataset_clean_v2_motion_blur/strong/images/video17_1236__2ca635c8f5e835c7.png,640,640,11,11,45,2ca635c8f5e835c7a2f2720083e63fa799bd18079074cc6b8c3c326de8d4d769,4aaae37032287f4ff81e586e9adc43e5e934de567a55d9d5232c83f3c05ffe41
strong,DetectDataset_clean_v2/test/images/video17_1259__e07a62a685ec7e00.jpg,DetectDataset_clean_v2_motion_blur/strong/images/video17_1259__e07a62a685ec7e00.png,640,640,11,11,0,e07a62a685ec7e00257ab6d0aafca45101b008c78917beb7acc025bfeea134ca,2276f721e95e6d114398b1ebd35492159bded49047557db79d86693bd3ad87df
strong,DetectDataset_clean_v2/test/images/video17_1265__aa0dde9c6026d4b6.jpg,DetectDataset_clean_v2_motion_blur/strong/images/video17_1265__aa0dde9c6026d4b6.png,640,640,11,11,90,aa0dde9c6026d4b6b8ed609676567b1741ea2999e8c80a1dcc1a2e26fef52990,422d5833c468d0c376fae5982c397ecab3effc1a8415ead02180bb3383070b1d
strong,DetectDataset_clean_v2/test/images/video17_128__6b7455890396c2ab.jpg,DetectDataset_clean_v2_motion_blur/strong/images/video17_128__6b7455890396c2ab.png,640,640,11,11,0,6b7455890396c2abdee5e1ffdfc9de790c7cf633d967dc188ebc0fa70f7e7120,d6e9167bb4c4ab1177bd451fbc5b8c8ee4d13b751e3775ed3177c08cbfb33d8e
strong,DetectDataset_clean_v2/test/images/video17_128__ff6221c242d3408f.jpg,DetectDataset_clean_v2_motion_blur/strong/images/video17_128__ff6221c242d3408f.png,640,640,11,11,45,ff6221c242d3408f4b928788f6d885339841b9a6823f9774398a7a24c101d6d5,9235b172f16ba572f4b1e7716b588631c51251f673aa6a5cae7ef000282ef850
strong,DetectDataset_clean_v2/test/images/video17_129__3a2df7bc87803c37.jpg,DetectDataset_clean_v2_motion_blur/strong/images/video17_129__3a2df7bc87803c37.png,640,640,11,11,0,3a2df7bc87803c379b835429d4a806e48485e729dece6c8984136c6f50ed2aa1,a1751d2389d089583813659f3618ff74491ee1567697eee122e4d4aca6858b7a
strong,DetectDataset_clean_v2/test/images/video17_130__fb0b1acd48bb070e.jpg,DetectDataset_clean_v2_motion_blur/strong/images/video17_130__fb0b1acd48bb070e.png,640,640,11,11,45,fb0b1acd48bb070ee3082c4eaf29bd7cd128cf565b972d938972c15459b1c877,4e6215dbe58aea24c515ae6b1b6dd0326a4af37bc1ddc03fa7dd9d57568c417d
strong,DetectDataset_clean_v2/test/images/video17_146__e86d0aaa615e4daf.jpg,DetectDataset_clean_v2_motion_blur/strong/images/video17_146__e86d0aaa615e4daf.png,640,640,11,11,90,e86d0aaa615e4dafb587bd350b2c2c439a3533da6818a94cfe46125c253161d9,26e45e15aa350ca6c7bfd625546b684052aa9c0d449d60ea77133c36f3642bc4
strong,DetectDataset_clean_v2/test/images/video17_147__18c21ae21ee90fb5.jpg,DetectDataset_clean_v2_motion_blur/strong/images/video17_147__18c21ae21ee90fb5.png,640,640,11,11,135,18c21ae21ee90fb5d6f430547c59fa9a4eb3212185e3d657763cd8aa665e6448,2d455359e7dbbefac23247ac815851377bd7d8af835cd3323af95aefa17d2081
strong,DetectDataset_clean_v2/test/images/video17_147__3ec8cd9a58c57706.jpg,DetectDataset_clean_v2_motion_blur/strong/images/video17_147__3ec8cd9a58c57706.png,640,640,11,11,45,3ec8cd9a58c57706bcc97ddcb89ab3d3fdb649b72f85b2fd216b30d6fbd26bd8,b526c17d6febae847ac8aa2d39d921a7cf82b290bc3ecba6e75b17d2cab1b867
strong,DetectDataset_clean_v2/test/images/video17_149__96644893c3b46b1f.jpg,DetectDataset_clean_v2_motion_blur/strong/images/video17_149__96644893c3b46b1f.png,640,640,11,11,135,96644893c3b46b1f65edb1790863406ba311b9b5bf0794baf408f20732072744,1459c38a3598815645276afee93d35c1fc5b5ef7e1bf340534c7212132dced52
strong,DetectDataset_clean_v2/test/images/video17_150__4a88bbdacb9182ea.jpg,DetectDataset_clean_v2_motion_blur/strong/images/video17_150__4a88bbdacb9182ea.png,640,640,11,11,0,4a88bbdacb9182ea125a8dea4cd32bb08d6d5921e43c83b007decc6e78e5234e,d4c66ce40e1c2ed7fdcf4ceb1f840a3dcf3394c729cf0837cc8d7c16c9651dc9
strong,DetectDataset_clean_v2/test/images/video17_178__21a3d4ef3789e162.jpg,DetectDataset_clean_v2_motion_blur/strong/images/video17_178__21a3d4ef3789e162.png,640,640,11,11,0,21a3d4ef3789e16250eb6532c91a97db4db42fcf6e9ebda06f56e45cbdefc63d,232e79c570346aa99f6ba31dde90c590813b3f80b306738ec23a772350ba5f9e
strong,DetectDataset_clean_v2/test/images/video17_178__3fcf0ada715b787c.jpg,DetectDataset_clean_v2_motion_blur/strong/images/video17_178__3fcf0ada715b787c.png,640,640,11,11,90,3fcf0ada715b787cb8b213a71e14e35268aeb7c3ad9da5552b29af2156aa2725,12417fe0084274da608e551fe8c74a201fd3b38275fa326552f447bc5a0582d7
strong,DetectDataset_clean_v2/test/images/video17_193__584fe8124c5c27d4.jpg,DetectDataset_clean_v2_motion_blur/strong/images/video17_193__584fe8124c5c27d4.png,640,640,11,11,0,584fe8124c5c27d47692ec4041d88210a4ed6525ce801c66ca80931fdad19514,a9db8f6cdcfdbbad70e2a19024069f3751ccda882f3952e7d9466008cae12a3d
strong,DetectDataset_clean_v2/test/images/video17_193__c0c49d340c359895.jpg,DetectDataset_clean_v2_motion_blur/strong/images/video17_193__c0c49d340c359895.png,640,640,11,11,135,c0c49d340c359895b7c02077988dc8065c5b332afc79f8c703bbd1565543ec6f,8c3d3c77054bef3c292a6e03f08864b2bc779aef162f44d382feaebb2dbd5094
strong,DetectDataset_clean_v2/test/images/video17_194__c862e390504748b0.jpg,DetectDataset_clean_v2_motion_blur/strong/images/video17_194__c862e390504748b0.png,640,640,11,11,0,c862e390504748b09477dacb120a5a4428eed7c4d8f444f48d804e85e3670810,95644013ac1eb4484796e014b5faf5411cd6229150e635d7b815e039d4875e5c
strong,DetectDataset_clean_v2/test/images/video17_196__0bd801ef80e0e6d2.jpg,DetectDataset_clean_v2_motion_blur/strong/images/video17_196__0bd801ef80e0e6d2.png,640,640,11,11,135,0bd801ef80e0e6d26486245827f91d96f94958d8696af68ae7184acfa7e6317e,0bc0ff30f44eb7bd21e7bda8680480285726479df5305524f8bb22a6a5868bf2
strong,DetectDataset_clean_v2/test/images/video17_196__73202e77dee63d6e.jpg,DetectDataset_clean_v2_motion_blur/strong/images/video17_196__73202e77dee63d6e.png,640,640,11,11,135,73202e77dee63d6efb648b19f19d59e9045d30fbd47530a2b6d015f9b7655dd9,c3efd6d17cce448a73509baa9e23d5e8d831eac11cf1cd7d82ad79fde8730396
strong,DetectDataset_clean_v2/test/images/video17_197__3212148a8e9f81c0.jpg,DetectDataset_clean_v2_motion_blur/strong/images/video17_197__3212148a8e9f81c0.png,640,640,11,11,135,3212148a8e9f81c04397c2befdfff1e80197a1b0338ad9fe04803a8a19475429,649a8b2b091aca4414d33b5f6accad9a439b846987c0c002afa1cf07099c653d
strong,DetectDataset_clean_v2/test/images/video17_200__30347ce88472cef4.jpg,DetectDataset_clean_v2_motion_blur/strong/images/video17_200__30347ce88472cef4.png,640,640,11,11,135,30347ce88472cef4318890b37aecad49f0505da9f92d24b97f0d646e2374ef38,ff855ac06bbeb42979fadbb8861621176a11be5ac1e9dc8025e6ccde01465228
strong,DetectDataset_clean_v2/test/images/video17_299__3e62f4ad5eb5f6c1.jpg,DetectDataset_clean_v2_motion_blur/strong/images/video17_299__3e62f4ad5eb5f6c1.png,640,640,11,11,90,3e62f4ad5eb5f6c1a97b6b212832d96fefcf27da71dbb9c463c88b2b58ee4b70,f45dbdf72af7c7d01cdcb8e58fcb027400831dc8b6788adb57764d7e5661a9dd
strong,DetectDataset_clean_v2/test/images/video17_302__509a60833c788f4d.jpg,DetectDataset_clean_v2_motion_blur/strong/images/video17_302__509a60833c788f4d.png,640,640,11,11,0,509a60833c788f4dc855b3705b2caf528d59604151e0c352ac88d5f7c7c99bcd,fad6e8accd88e5e5773f1a9ce1a19e7f7da949bfc522257389f7efe93e471123
strong,DetectDataset_clean_v2/test/images/video17_302__8deb330769901903.jpg,DetectDataset_clean_v2_motion_blur/strong/images/video17_302__8deb330769901903.png,640,640,11,11,135,8deb330769901903f6e56fbc75ad0409e1f4cd9bba112c5085b6a718dade06fe,b5064177ca172c4e6c50b9d2dc148dea65f0e60f512e0c74d020616802b338d1
strong,DetectDataset_clean_v2/test/images/video17_304__b7011f87dd5744ca.jpg,DetectDataset_clean_v2_motion_blur/strong/images/video17_304__b7011f87dd5744ca.png,640,640,11,11,0,b7011f87dd5744ca20ec25b311863a0a8433d274bfa0b622d7f7a3d510831384,cb4d8d4d9426198cfa94caa69787234c5643276e45b69ec21ca7b60c57f5633f
strong,DetectDataset_clean_v2/test/images/video17_304__bdff45a7e6e4426e.jpg,DetectDataset_clean_v2_motion_blur/strong/images/video17_304__bdff45a7e6e4426e.png,640,640,11,11,90,bdff45a7e6e4426e5ad4f1b75cb3bc2b3bf2c483a15613fbb7d1eefc9ba610bf,a3f3054a64e694e1a4d7318a0bcde18bf4803de578f7f344ccd747d1caa0e481
strong,DetectDataset_clean_v2/test/images/video17_420__05630d509c03d99e.jpg,DetectDataset_clean_v2_motion_blur/strong/images/video17_420__05630d509c03d99e.png,640,640,11,11,135,05630d509c03d99e51d4fd34d04b680227e5d1c15654e601ffb4db01c292f221,5316dcb8680a90c22402d42191dc39906fd54bf719ef6abcb1bef9268c7c72c6
strong,DetectDataset_clean_v2/test/images/video17_420__fae5a4971f4ac8ba.jpg,DetectDataset_clean_v2_motion_blur/strong/images/video17_420__fae5a4971f4ac8ba.png,640,640,11,11,90,fae5a4971f4ac8ba860a26945edecdababb463a5635c2e5fcb2f5a1b5dadbe69,4821a26a5c61359c109654795b903ba2b5ec2b9d2a31fb9593b643cc57c21e92
strong,DetectDataset_clean_v2/test/images/video17_424__287b89e9a9913428.jpg,DetectDataset_clean_v2_motion_blur/strong/images/video17_424__287b89e9a9913428.png,640,640,11,11,0,287b89e9a9913428ba353a8c55144e2d8de452e442dd3b37025014ad9d56b2ce,da300292a960f4c313907825d9ba66cbff22bd95f03f94c5d24438785e677cbf
strong,DetectDataset_clean_v2/test/images/video17_604__2d6280674beae50e.jpg,DetectDataset_clean_v2_motion_blur/strong/images/video17_604__2d6280674beae50e.png,640,640,11,11,0,2d6280674beae50e3db6bec4e5b60a30b5cf55196ebdb223466abe6c18375a9d,ea0a4996cef620911aff76c9dd5c94a0896ab8bbe53f6a60dc0ac07f7fd2d5ab
strong,DetectDataset_clean_v2/test/images/video17_615__da2cb3fea2706d49.jpg,DetectDataset_clean_v2_motion_blur/strong/images/video17_615__da2cb3fea2706d49.png,640,640,11,11,45,da2cb3fea2706d4914e201654f978ff43d75cde2aefa3fb69971cba689cd21cf,3b8c9ac90836441137f0e491d6f59f870a301a6ddcb1a3351a7f8083ae079ee4
strong,DetectDataset_clean_v2/test/images/video17_616__4192ce35c2d857d1.jpg,DetectDataset_clean_v2_motion_blur/strong/images/video17_616__4192ce35c2d857d1.png,640,640,11,11,135,4192ce35c2d857d1c27b5bdd3b01d6857385c28febd21408918546afa7f935f0,7f85d5a1ffda966b84dc98a39f747732bb4ef88f62132144bec9e2d940961221
strong,DetectDataset_clean_v2/test/images/video17_616__9c2d27a38152f0d5.jpg,DetectDataset_clean_v2_motion_blur/strong/images/video17_616__9c2d27a38152f0d5.png,640,640,11,11,90,9c2d27a38152f0d5a3607ab7c6b0f29dc1c84bcdff733baf2f799feb7b6974de,efbbf6792d96694bd911fe88edbdd3e1b3adbc16a205610ba52736393d28f7f7
strong,DetectDataset_clean_v2/test/images/video17_617__3eaeca95f83604d7.jpg,DetectDataset_clean_v2_motion_blur/strong/images/video17_617__3eaeca95f83604d7.png,640,640,11,11,135,3eaeca95f83604d7c05149fbdde6f4c346134f814031e48f2010dce713730ad4,78823cbc8f38b93a5189764774490a67733109353c133d141162352d0ab029c6
strong,DetectDataset_clean_v2/test/images/video17_621__02c2db91ba0195d4.jpg,DetectDataset_clean_v2_motion_blur/strong/images/video17_621__02c2db91ba0195d4.png,640,640,11,11,135,02c2db91ba0195d49cfff48ce5b590af7c21dfd449498ca3d8f3c1ac3ed0fca4,c7a4ef1f7d2ad8dc7300384a7ee88371db82086d61c7f8fbb06467671b2bcf42
strong,DetectDataset_clean_v2/test/images/video17_621__4d0a29a971996a25.jpg,DetectDataset_clean_v2_motion_blur/strong/images/video17_621__4d0a29a971996a25.png,640,640,11,11,135,4d0a29a971996a25e8fe5382ffe9fedcbf75d879854d2bf7b60249f68cdcf418,a5c5af79dd2185200cf4f6f152dd9f34f2c25048e226bb2171ae4fb7b8641a95
strong,DetectDataset_clean_v2/test/images/video17_622__9c288d1a245292dd.jpg,DetectDataset_clean_v2_motion_blur/strong/images/video17_622__9c288d1a245292dd.png,640,640,11,11,90,9c288d1a245292ddac404b6d6b3b59038127617b8432f76d592a687697c416d3,8955302834c93620a01a8b0b7d909e094d51a007a9a733cfa7d470822ded363a
strong,DetectDataset_clean_v2/test/images/video17_669__818e86ce159c70ab.jpg,DetectDataset_clean_v2_motion_blur/strong/images/video17_669__818e86ce159c70ab.png,640,640,11,11,0,818e86ce159c70ab9180715cecc4a3c0ab73c8b8af452ad7c32533a1eaab5e30,b08a5c2a2f2b7662d8047d6bb6eba2e9107834a00c6789ec3705cf2aa7c1c3fd
strong,DetectDataset_clean_v2/test/images/video17_670__7fe775841cb837e5.jpg,DetectDataset_clean_v2_motion_blur/strong/images/video17_670__7fe775841cb837e5.png,640,640,11,11,0,7fe775841cb837e5eab8bf5139341ead39ffdbdee6bc395df5cbf1466f1b1094,193b4acb797dce182baeab910d60e0514bbbb4eb0ec7bdb879dfb25c25e02793
strong,DetectDataset_clean_v2/test/images/video17_673__6b5c9670fbfbdf60.jpg,DetectDataset_clean_v2_motion_blur/strong/images/video17_673__6b5c9670fbfbdf60.png,640,640,11,11,135,6b5c9670fbfbdf60cc75cbd17c74241095afd0a3c7f1fdb77c53eae98dd8bba3,19201e9a73a4da614a5933c2fdbc506cb76a11f3b429572632a2698828dfa9e5
strong,DetectDataset_clean_v2/test/images/video17_673__d4e2ee438f13e437.jpg,DetectDataset_clean_v2_motion_blur/strong/images/video17_673__d4e2ee438f13e437.png,640,640,11,11,45,d4e2ee438f13e4370b7342a59fdb83be17bdf0c253a061ce8846f0770fcc87af,a8f50e47c1a515ead4fe5eebfb1a709b4c0fd24c3d2646a67114542488a5eff0
strong,DetectDataset_clean_v2/test/images/video17_721__19b96be71645a78d.jpg,DetectDataset_clean_v2_motion_blur/strong/images/video17_721__19b96be71645a78d.png,640,640,11,11,45,19b96be71645a78dd451a33bd938adf27dbd4c5d660a81956483c8783a826391,9e2bede8888be63563d4dce0bc9be530476fa326789856a267c0d5e991ee1673
strong,DetectDataset_clean_v2/test/images/video17_735__b11ae209538b535c.jpg,DetectDataset_clean_v2_motion_blur/strong/images/video17_735__b11ae209538b535c.png,640,640,11,11,0,b11ae209538b535c207146ae61cb490d4ff0073a2bcfcd22bc4e8910af9e9d0a,7c0e038201d5e444a43c2da30947e50e18c9b9ff215ad6f6c18b019f2d3dce93
strong,DetectDataset_clean_v2/test/images/video17_746__604079d4b7227c12.jpg,DetectDataset_clean_v2_motion_blur/strong/images/video17_746__604079d4b7227c12.png,640,640,11,11,135,604079d4b7227c12339c6ab45288eeeec995e66d881931c2796566671b4173bd,0211ae87a208a2a215245d2ba29729acb647b89e285c7afc5f40f660c718984a
strong,DetectDataset_clean_v2/test/images/video17_746__8f500ac2c2f4d3e3.jpg,DetectDataset_clean_v2_motion_blur/strong/images/video17_746__8f500ac2c2f4d3e3.png,640,640,11,11,135,8f500ac2c2f4d3e3d41b76d0af623fd5297c43422e7c26422fda7d81fda8510c,e9dd83e82a53691fa2ef86cce7b83c18369061727c96b03b562028bfc64fb7af
strong,DetectDataset_clean_v2/test/images/video17_748__799be49da76e0dbe.jpg,DetectDataset_clean_v2_motion_blur/strong/images/video17_748__799be49da76e0dbe.png,640,640,11,11,0,799be49da76e0dbe1ac83826e3c4c15540afee1d7a6976bd21f02cc5e94c6038,66997a6225ca7c149a8da3615186b85f46a49ff7c56fb5796ef9a15a56f238ce
strong,DetectDataset_clean_v2/test/images/video17_776__e31427483b294cfb.jpg,DetectDataset_clean_v2_motion_blur/strong/images/video17_776__e31427483b294cfb.png,640,640,11,11,45,e31427483b294cfb22db6a07672d993d6787c8ad4ba51e678d0c48cb40ed131a,632c3fc1393977a7c0b77bc154860f79c662c98c17e82727d17702b7d137bded
strong,DetectDataset_clean_v2/test/images/video17_777__324da7a519dcde39.jpg,DetectDataset_clean_v2_motion_blur/strong/images/video17_777__324da7a519dcde39.png,640,640,11,11,45,324da7a519dcde3982cf91da0557f1472ae27b25f361bda6e6a4234c076a6ad3,218f3bdd5f4df2128511d106b267b3ce0de3e5948ed9bd723fcf61e903e38bbb
strong,DetectDataset_clean_v2/test/images/video17_801__d96196b71afc9298.jpg,DetectDataset_clean_v2_motion_blur/strong/images/video17_801__d96196b71afc9298.png,640,640,11,11,0,d96196b71afc9298d8564c63c87603a15400d663775f28b127e2ed7097289b57,2a7ed042549c23e7e7cf2764208f346f7dcc08f691a25996d29d03ed4bf1046a
strong,DetectDataset_clean_v2/test/images/video17_819__21baaa6da4a12cf6.jpg,DetectDataset_clean_v2_motion_blur/strong/images/video17_819__21baaa6da4a12cf6.png,640,640,11,11,0,21baaa6da4a12cf6ae54f437b169be608a31a8c26426ca99e17d1fc2cbac722d,30b7163ff2e40f5bedc5c4ae5458d7416941b3ee6a1379749fda6fd211521483
strong,DetectDataset_clean_v2/test/images/video17_819__4432b3a1c0a4082c.jpg,DetectDataset_clean_v2_motion_blur/strong/images/video17_819__4432b3a1c0a4082c.png,640,640,11,11,90,4432b3a1c0a4082c31876c81c93e334ebd1b9baf3edc7958aa89694133348fe4,8579fcb5055e03a7bffb3bb8c3ec3e69bd054650869c291cf29fe5ef70c47281
strong,DetectDataset_clean_v2/test/images/video17_825__04c3aaf797778150.jpg,DetectDataset_clean_v2_motion_blur/strong/images/video17_825__04c3aaf797778150.png,640,640,11,11,135,04c3aaf797778150b9192955b68996c19b9a8c2d2bcb30c7453be3fbe9cbd62c,f4933675a8b28ee00764c7d5ea7e5a7f7564dc920b298b60108154299e3308ce
strong,DetectDataset_clean_v2/test/images/video17_825__142873c5d4672138.jpg,DetectDataset_clean_v2_motion_blur/strong/images/video17_825__142873c5d4672138.png,640,640,11,11,0,142873c5d4672138c3777de9189d97e52f67c0bc05b5bfb51ec2b61b45b9b524,0341dcb3260e741d264bfbabc71ba3ffca0aaf33bba753053c09f50d77ff551f
strong,DetectDataset_clean_v2/test/images/video17_830__9e5d55aee6c39069.jpg,DetectDataset_clean_v2_motion_blur/strong/images/video17_830__9e5d55aee6c39069.png,640,640,11,11,45,9e5d55aee6c390691939706e5b09ee95f8d41db901d5c7d531270c8d7038d70f,3b9526383bb8cca9ac77ec0e3a883e352c4ff5c86a045f88a6dbb17b46fcb6a8
strong,DetectDataset_clean_v2/test/images/video17_830__fd9d3bd2b882b251.jpg,DetectDataset_clean_v2_motion_blur/strong/images/video17_830__fd9d3bd2b882b251.png,640,640,11,11,0,fd9d3bd2b882b251e694e2bb453d74bc1eba49c8ce10f49839321f9cb01201aa,981f775e1d958f06478472c1aa3e3814c0f998c9e7bca5fd52b3684908e418f3
strong,DetectDataset_clean_v2/test/images/video17_831__ea6970ca95e7c69a.jpg,DetectDataset_clean_v2_motion_blur/strong/images/video17_831__ea6970ca95e7c69a.png,640,640,11,11,90,ea6970ca95e7c69a76e5af563a93f5ed8681d6f928775ef0a36961da24bfc17f,e20b2bd6b6a143aad0f916a6d0c4d8fe5b6925d32e34e8db637aa470aaf2025f
strong,DetectDataset_clean_v2/test/images/video17_833__134b8bc3282a9471.jpg,DetectDataset_clean_v2_motion_blur/strong/images/video17_833__134b8bc3282a9471.png,640,640,11,11,90,134b8bc3282a9471a2a58524bd4a85011c10c75edfdae7faa4c6b093eec26a80,8176146f9803c71cdbc6ea92104dc0ea7ff4e33cf34dad8c425c412e4244b073
strong,DetectDataset_clean_v2/test/images/video17_833__9d4e400226bdd1e5.jpg,DetectDataset_clean_v2_motion_blur/strong/images/video17_833__9d4e400226bdd1e5.png,640,640,11,11,0,9d4e400226bdd1e53caeee6f8013ae6942317ef65ddaba78a1199638697059b0,b9525b6e02d8bb57d0468c389fb1d4d43d90b24575c8a0739d226466f84d8ff7
strong,DetectDataset_clean_v2/test/images/video17_836__c0c2d74090ba5ae1.jpg,DetectDataset_clean_v2_motion_blur/strong/images/video17_836__c0c2d74090ba5ae1.png,640,640,11,11,135,c0c2d74090ba5ae1acc3f69ba40cdfd38c2c9c7d3d5d04e775c6f12cdf3a03ed,7dd937cce471959d965afc81d6c571d6e3607aac3495dbe96ac926328b2b047e
strong,DetectDataset_clean_v2/test/images/video17_836__faee838c996ca43b.jpg,DetectDataset_clean_v2_motion_blur/strong/images/video17_836__faee838c996ca43b.png,640,640,11,11,90,faee838c996ca43b89438a1d147286b6b20169bc4afe5647426b684236530563,56d42156a399051922237d93c5e6004122c0d5dbab77965fb1c1093ec216ef6a
strong,DetectDataset_clean_v2/test/images/video17_838__bf3f7e6b6e948d94.jpg,DetectDataset_clean_v2_motion_blur/strong/images/video17_838__bf3f7e6b6e948d94.png,640,640,11,11,90,bf3f7e6b6e948d946634255b6a16e9a61ecdf6b48d8d61c532e4a38ab007c2ad,e00e031278ec643c8df7df33ca73379c5f8c2c91b16da5bcd56053f4084a9d71
strong,DetectDataset_clean_v2/test/images/video17_885__6271d394d2c68984.jpg,DetectDataset_clean_v2_motion_blur/strong/images/video17_885__6271d394d2c68984.png,640,640,11,11,0,6271d394d2c689842d6453e12c254dccd31459d8b42958082f8841fe0896d783,e2eee66ffded09d66d02bf0fee21d1d6468e988cefd887d3cc17d7192fd4358a
strong,DetectDataset_clean_v2/test/images/video17_885__bcfd1a9fa884a1f5.jpg,DetectDataset_clean_v2_motion_blur/strong/images/video17_885__bcfd1a9fa884a1f5.png,640,640,11,11,0,bcfd1a9fa884a1f5a4d216220c4c993c1b531019dee49c464ccf94bf57e27f6f,a21512280aae852333bc77bb876f434477259c6e5cc16552bd791c93e2cc88bb
strong,DetectDataset_clean_v2/test/images/video17_897__19e6db94c1e70382.jpg,DetectDataset_clean_v2_motion_blur/strong/images/video17_897__19e6db94c1e70382.png,640,640,11,11,45,19e6db94c1e7038277ef83433336b8175281f05b4a4d721747ab12951131f41c,694aa0bd7e48432f93489ff0a816e7e6dd50da802865157af512801e119b14a8
strong,DetectDataset_clean_v2/test/images/video17_897__eeb5a0f71c4ef3d2.jpg,DetectDataset_clean_v2_motion_blur/strong/images/video17_897__eeb5a0f71c4ef3d2.png,640,640,11,11,135,eeb5a0f71c4ef3d2f6470d730e38493e24b963071361fbf3bdbd22693dd2dae7,d00701f54bb2079597f47ca7c3bb7e67b78c8ac0b3f72b274290565a3d36e382
strong,DetectDataset_clean_v2/test/images/video17_89__be243e40a8f23845.jpg,DetectDataset_clean_v2_motion_blur/strong/images/video17_89__be243e40a8f23845.png,640,640,11,11,135,be243e40a8f2384511362cd2c85baa6a207d2601f620033948f4e9c939f88057,60f3e01f8074b5018e8d7e9a191a9f27388b64e45ed221f2c39f522f0070fca6
strong,DetectDataset_clean_v2/test/images/video17_91__8c97155465aac7e1.jpg,DetectDataset_clean_v2_motion_blur/strong/images/video17_91__8c97155465aac7e1.png,640,640,11,11,45,8c97155465aac7e161663261e0edc83bbe5af254a2ddf548a5c5602b5fea8801,6f72a22284823049fa99f1c0f425ac4987f2218bfec52673274c5d94b3a85ee8
strong,DetectDataset_clean_v2/test/images/video17_91__ff9e35f21a2e00ce.jpg,DetectDataset_clean_v2_motion_blur/strong/images/video17_91__ff9e35f21a2e00ce.png,640,640,11,11,45,ff9e35f21a2e00ceaa9b48ab5368b4ca09694030214d702d6088cce9218dba33,138f77662f4af2b69014a01783b8a1ae638ede2144cf714d523ffeddbb642ebc
strong,DetectDataset_clean_v2/test/images/video17_942__5cc1169138141adb.jpg,DetectDataset_clean_v2_motion_blur/strong/images/video17_942__5cc1169138141adb.png,640,640,11,11,45,5cc1169138141adb407831e268b63e3cf3ad6453524f9fb5effb59e3602f8f0c,b0db8513eba6862ebf1ae5b45b03996f33ea18731b75aab3a3ca8f9450927580
strong,DetectDataset_clean_v2/test/images/video17_942__ad8bd3b389bb99e8.jpg,DetectDataset_clean_v2_motion_blur/strong/images/video17_942__ad8bd3b389bb99e8.png,640,640,11,11,135,ad8bd3b389bb99e83e5d21f32fbc18c9a0bb4e4d5c603bc8da40916746e858e4,3288f7b0ee527f2bb04e9ae944ab9dc5cf7ccf27fbc39742f378b07b1a342846
strong,DetectDataset_clean_v2/test/images/video17_948__76086f481edaf5d1.jpg,DetectDataset_clean_v2_motion_blur/strong/images/video17_948__76086f481edaf5d1.png,640,640,11,11,135,76086f481edaf5d1703f4fc84936b1a91efa6d89055cb9ba5ae99978ada43c28,29f17bdadd1bbb8b8dd77871b6a4352f09f8eab78e64f277ce233037c705151d
strong,DetectDataset_clean_v2/test/images/video17_951__9106d97744fbad55.jpg,DetectDataset_clean_v2_motion_blur/strong/images/video17_951__9106d97744fbad55.png,640,640,11,11,45,9106d97744fbad55dc48e0123e2bad3eb672e5f4d299b08409d35bf7fb35eeaf,453bc91c08b8e6f6014ce8384b63857e8c961dc2cbbb1cbe00eac6e8e8aaff84
strong,DetectDataset_clean_v2/test/images/video17_951__afbb7e7776af5c2d.jpg,DetectDataset_clean_v2_motion_blur/strong/images/video17_951__afbb7e7776af5c2d.png,640,640,11,11,135,afbb7e7776af5c2d876053b3f4e1eedc19cce455be56e3162ff305c76a129932,05040e0a57487d9e2359cb4f9e521bec0365e046157a03bf9d7b0419668e419b
strong,DetectDataset_clean_v2/test/images/video17_955__9d4bb7f9af09e794.jpg,DetectDataset_clean_v2_motion_blur/strong/images/video17_955__9d4bb7f9af09e794.png,640,640,11,11,135,9d4bb7f9af09e7946f6d767a2e1811e038ab9963c2aa9cb1b637ab262e603d9b,45a7b025b99d4a6193db13cfa3903592afeb68437072923ecd74aba5cb1355e7
strong,DetectDataset_clean_v2/test/images/video17_962__070379c26e8ae4af.jpg,DetectDataset_clean_v2_motion_blur/strong/images/video17_962__070379c26e8ae4af.png,640,640,11,11,0,070379c26e8ae4af12e4384b03432c8edb63af370170bbe77ccd3b623c6cac65,6cec190d4369177fdca02b6d71f539d37aa065aed860fea6e97eaded06b88916
strong,DetectDataset_clean_v2/test/images/video17_977__15ca101720b953a2.jpg,DetectDataset_clean_v2_motion_blur/strong/images/video17_977__15ca101720b953a2.png,640,640,11,11,90,15ca101720b953a26bc8d078a5ca7d8148945d2f9abbe0c1e5c0a491bbbacb5a,3e4dd7a4c002deb2954be61173e54ad792b5096d4397d500804715705ceec771
strong,DetectDataset_clean_v2/test/images/video17_97__462fd0c3acc91fcf.jpg,DetectDataset_clean_v2_motion_blur/strong/images/video17_97__462fd0c3acc91fcf.png,640,640,11,11,135,462fd0c3acc91fcf5c8212268d229653a71b050bfb9c4a46485db74694bf8748,1796f0beb4adc384a8f48781b2d8b6a904b37e458f8e0a729306b7f7b12278f2
strong,DetectDataset_clean_v2/test/images/video17_981__1d9a3d643d774755.jpg,DetectDataset_clean_v2_motion_blur/strong/images/video17_981__1d9a3d643d774755.png,640,640,11,11,90,1d9a3d643d774755963af38cc829b81bb049e5233b7e44a5593ea4e46dd8e30c,8fee5cea8374ef50d050e1a8619809724ad1605bd5f583f1a1e66f3f32c1fa40
strong,DetectDataset_clean_v2/test/images/video17_981__3d78574afa2760ba.jpg,DetectDataset_clean_v2_motion_blur/strong/images/video17_981__3d78574afa2760ba.png,640,640,11,11,45,3d78574afa2760ba75ad349f981f7a3c1aa1b6bc3a6d5b8dd736fcd633b7c3e2,5899277aba8eb806080c56af1d9900c5b973ce7b89d94f893159ed5c8c0747c1
strong,DetectDataset_clean_v2/test/images/video17_986__c883c8d4a5f10c3d.jpg,DetectDataset_clean_v2_motion_blur/strong/images/video17_986__c883c8d4a5f10c3d.png,640,640,11,11,135,c883c8d4a5f10c3d7bb039e9b6ed3893c4833298a524f3765640404cc026418b,49e8ef7af8a23a73d7a12ac339a9f8b522e8df11eaf9984eb398038bfbca1541
strong,DetectDataset_clean_v2/test/images/video17_986__f0f6168cceab6ce8.jpg,DetectDataset_clean_v2_motion_blur/strong/images/video17_986__f0f6168cceab6ce8.png,640,640,11,11,45,f0f6168cceab6ce893f44180a929272aa240483da91d92d81cedabcdccfd89ca,83d435791fba0135f0d41ad43d265b05385afe2fdb2a658334d333f23ff35283
strong,DetectDataset_clean_v2/test/images/video17_993__5d25cae397d52307.jpg,DetectDataset_clean_v2_motion_blur/strong/images/video17_993__5d25cae397d52307.png,640,640,11,11,90,5d25cae397d52307633c9b487509615251ea664de18dcc5c2f7415e12bc1ff0a,154e8ab4821fbb13ec147506f4bb708c2e30be40d4985fe911d6b1020601dfeb
strong,DetectDataset_clean_v2/test/images/video17_994__0a3780648946c35f.jpg,DetectDataset_clean_v2_motion_blur/strong/images/video17_994__0a3780648946c35f.png,640,640,11,11,0,0a3780648946c35f6e8ca669f591a19046454932ee98843c102b1d167f922952,212acfd1bba4a19baab3f4d17bd5aac3644011000a78c58f2132b662c4c121a4
strong,DetectDataset_clean_v2/test/images/video17_999__a8d49db41cd8c8cb.jpg,DetectDataset_clean_v2_motion_blur/strong/images/video17_999__a8d49db41cd8c8cb.png,640,640,11,11,90,a8d49db41cd8c8cb37a839e51d828e889b1c54369b6bc22dac497a4367c2ea88,13dee0ec732cd4ac0aea88ad08abbd6ce3d475387ad1b57d661401bc7a9d8f35
strong,DetectDataset_clean_v2/test/images/video18_1026__39d120271ef0d699.jpg,DetectDataset_clean_v2_motion_blur/strong/images/video18_1026__39d120271ef0d699.png,640,640,11,11,0,39d120271ef0d699f1430fd4cf975371237cecf27e065b05e86cdd897cef69fa,cc80be7d614236b0bc3ec3cc8ea2d547dc208cf3c3495872eea93d8dcac2a54e
strong,DetectDataset_clean_v2/test/images/video18_1026__ae72a45c5f12fdab.jpg,DetectDataset_clean_v2_motion_blur/strong/images/video18_1026__ae72a45c5f12fdab.png,640,640,11,11,90,ae72a45c5f12fdaba32ccb4e30f134d78d94e3d4fe9269e1331c3459e15bf4e0,8aa714414b11b8115a0b95b68fe4299f0164dd5ff55cffde71cd687e62a2685e
strong,DetectDataset_clean_v2/test/images/video18_1028__feb8b05798105d4b.jpg,DetectDataset_clean_v2_motion_blur/strong/images/video18_1028__feb8b05798105d4b.png,640,640,11,11,45,feb8b05798105d4b63b05e2dc58516960dee9f819884b01870a522d847213500,6ce3cdda23c27e052c69d3f6ad8c2fe6613d14cdde16ef1bbabba84da33ed233
strong,DetectDataset_clean_v2/test/images/video18_1061__306d6cd7f70ebe66.jpg,DetectDataset_clean_v2_motion_blur/strong/images/video18_1061__306d6cd7f70ebe66.png,640,640,11,11,135,306d6cd7f70ebe6640b5f92e3ae295549a1ada362376bf0b3fce7c0f05d26672,754a6b10871346f1d7c819083753947c8727923fe5a2a09a8301bd0ea4b2d6f5
strong,DetectDataset_clean_v2/test/images/video18_1061__e903af097f387993.jpg,DetectDataset_clean_v2_motion_blur/strong/images/video18_1061__e903af097f387993.png,640,640,11,11,45,e903af097f387993db605b986352eadaf4ad70dd9148c44a19407157f64fa141,33485e7d6543383ebaad5f269a4f5c2004b6121dfb75a0fd738bc5cb4917cf18
strong,DetectDataset_clean_v2/test/images/video18_1072__ee073ceab82cb893.jpg,DetectDataset_clean_v2_motion_blur/strong/images/video18_1072__ee073ceab82cb893.png,640,640,11,11,0,ee073ceab82cb89310629f8b1e650f76a05250a5c307853a0a2bc1a7d84fd651,2da0c914ecdd6695d5eea4b8508a2c4a774826c3938f14330fcb7834b6ae1b21
strong,DetectDataset_clean_v2/test/images/video18_1080__788b0dc1f7ca9c5c.jpg,DetectDataset_clean_v2_motion_blur/strong/images/video18_1080__788b0dc1f7ca9c5c.png,640,640,11,11,135,788b0dc1f7ca9c5cabff3fd6622aedbe0be7414299f05a15e8ca4f831c5f0f88,a804ebafe9c4955ae39edba87901c450065562b23a185d270b0bd67920974258
strong,DetectDataset_clean_v2/test/images/video18_1093__f7b1a02f4f01c550.jpg,DetectDataset_clean_v2_motion_blur/strong/images/video18_1093__f7b1a02f4f01c550.png,640,640,11,11,0,f7b1a02f4f01c550a7fe76e73f21b5389f3b1f89f090710d05351ffcdf49cbf5,fd63c53e751e6d70e9c0524387fbd36b2f595d4a9127bcdaed6a29f02cd72315
strong,DetectDataset_clean_v2/test/images/video18_1095__71f8ed9e36da59f7.jpg,DetectDataset_clean_v2_motion_blur/strong/images/video18_1095__71f8ed9e36da59f7.png,640,640,11,11,135,71f8ed9e36da59f713a60243dc80cc0a152153990ecef730947fc9d22e77100c,d4d400a19f6f7502a68e8195b1132e3625723d61338c71ccb4a6912fd52bf957
strong,DetectDataset_clean_v2/test/images/video18_1100__49c5902287959a0d.jpg,DetectDataset_clean_v2_motion_blur/strong/images/video18_1100__49c5902287959a0d.png,640,640,11,11,90,49c5902287959a0df611303b667d09c4fdf28663af2bd800c01575ba498127a4,4be5ba068278ad23e0a9033a88b2b54d9ac8b9b027fae0b05c68f56bb2ade76c
strong,DetectDataset_clean_v2/test/images/video18_1112__ad06043e4c1914d8.jpg,DetectDataset_clean_v2_motion_blur/strong/images/video18_1112__ad06043e4c1914d8.png,640,640,11,11,0,ad06043e4c1914d87f3278f44857e1e38745e15123c91a4fd1fc329b2e0a1dfd,f3a04783fe9c2296a30438a2ad08f29d3460f74d347437c4408a3f1c02a04388
strong,DetectDataset_clean_v2/test/images/video18_1119__6b2de9a3df1586ed.jpg,DetectDataset_clean_v2_motion_blur/strong/images/video18_1119__6b2de9a3df1586ed.png,640,640,11,11,135,6b2de9a3df1586eda0828ffa4f56864493f4fba3364dba9943256e663f2a6ca5,7437447927b9a7ce8032fd1da843e52008f91038f2f898eb458fa89b45921fd0
strong,DetectDataset_clean_v2/test/images/video18_1119__e0f1d45c7456fe0f.jpg,DetectDataset_clean_v2_motion_blur/strong/images/video18_1119__e0f1d45c7456fe0f.png,640,640,11,11,90,e0f1d45c7456fe0f4792387581083643b16a356273b551f8f883190b43f988fe,4dab8d90b43561798afa512d36a23bc63b75fe46b38a981138116aee2f12ab27
strong,DetectDataset_clean_v2/test/images/video18_1124__f664761a8a08d1e6.jpg,DetectDataset_clean_v2_motion_blur/strong/images/video18_1124__f664761a8a08d1e6.png,640,640,11,11,135,f664761a8a08d1e6a77efe155cf318a58cc026ffdc8cae8e2f0adc0cb89971cc,0ce1981ab52a2f920c2f8f2e067cdf87ca665bbf39193fafcd5dd7ac3941286d
strong,DetectDataset_clean_v2/test/images/video18_1125__b8dc2d4dc36316a2.jpg,DetectDataset_clean_v2_motion_blur/strong/images/video18_1125__b8dc2d4dc36316a2.png,640,640,11,11,45,b8dc2d4dc36316a25beb8c47e94fe7fd4cc84cbb01279a473a74dbdd4dd58404,37e95ba50debcb50a14e6b06f3218b113183158dd243683948a25491d395ed4f
strong,DetectDataset_clean_v2/test/images/video18_1130__dd561497b08a73fa.jpg,DetectDataset_clean_v2_motion_blur/strong/images/video18_1130__dd561497b08a73fa.png,640,640,11,11,135,dd561497b08a73fa57c0388feaf2345d0f7e5fc13830c03e9ef63638727facde,e80e533c55bfe35d07a120bba08ce5dc3505310b9565ce8ba13ad954625db5c8
strong,DetectDataset_clean_v2/test/images/video18_1133__89fe9833fccf2535.jpg,DetectDataset_clean_v2_motion_blur/strong/images/video18_1133__89fe9833fccf2535.png,640,640,11,11,45,89fe9833fccf25354a303cf6c9dc2a59824693203af297e21e8a972f8c0b6a34,76d151b9475c738dd27984f0cd30184654b44ccf3a23eaea2f22e80446564822
strong,DetectDataset_clean_v2/test/images/video18_1236__3dcfabb637055e1a.jpg,DetectDataset_clean_v2_motion_blur/strong/images/video18_1236__3dcfabb637055e1a.png,640,640,11,11,90,3dcfabb637055e1a44d76b6aec47880b36e96a1ab090106d240885c8af1a20b8,ee29c3cbfa08e0ea2f99e785d191a36c7b838dde0ac4e04b6385a3a6d6791f45
strong,DetectDataset_clean_v2/test/images/video18_1252__a662e99629705082.jpg,DetectDataset_clean_v2_motion_blur/strong/images/video18_1252__a662e99629705082.png,640,640,11,11,0,a662e99629705082b2e7bd40a4158227f295e6c19416a9fc0c15986941c02b6e,ab7761f5209afcc213f45c92b1f08c814dd5ada14f3de3610ce4f3bc973c7851
strong,DetectDataset_clean_v2/test/images/video18_1253__0886bc5249548637.jpg,DetectDataset_clean_v2_motion_blur/strong/images/video18_1253__0886bc5249548637.png,640,640,11,11,45,0886bc52495486376562477a97f1caa607ad2a8e3e7d5f9f1040b9fbca33fcc7,bf6559f755ab438d129943e14224ba01351baf9f297920a7ab47afabaf5e86b3
strong,DetectDataset_clean_v2/test/images/video18_126__b165bc3e43996d0e.jpg,DetectDataset_clean_v2_motion_blur/strong/images/video18_126__b165bc3e43996d0e.png,640,640,11,11,90,b165bc3e43996d0e2013e6a54cc17a4f3c991b2e1294dbd94870b55b753e0138,0751e18964d6282ce7a228bdd01e94fcce72c8bac66ce941a65ff42cb1eedbbb
strong,DetectDataset_clean_v2/test/images/video18_1270__ab6784c4a48ce2e6.jpg,DetectDataset_clean_v2_motion_blur/strong/images/video18_1270__ab6784c4a48ce2e6.png,640,640,11,11,0,ab6784c4a48ce2e69467e91a9bd18157141ebcecb49d34b0062957e0a0b27298,6497adecc809ed886821c599e5df91e51c38806eb5b96259827e7af39b09bd57
strong,DetectDataset_clean_v2/test/images/video18_1275__96fc7d25955d8f41.jpg,DetectDataset_clean_v2_motion_blur/strong/images/video18_1275__96fc7d25955d8f41.png,640,640,11,11,135,96fc7d25955d8f41bf0c246b86b415ee6853c55cdd200d91bdb0ad2362f52cac,77f28a97b017d20e367eda48b999be1d693a22b7faa1ac207af9552a9e8815ee
strong,DetectDataset_clean_v2/test/images/video18_1281__83038ebec0fb93e0.jpg,DetectDataset_clean_v2_motion_blur/strong/images/video18_1281__83038ebec0fb93e0.png,640,640,11,11,45,83038ebec0fb93e07e626683cc47510be1762aa19e9e0c4c607d1a4c5037de57,315a707597cd52fca1323538ab3da17344404381e43932dead586b3e033e2c26
strong,DetectDataset_clean_v2/test/images/video18_1286__2d1a991adfdac585.jpg,DetectDataset_clean_v2_motion_blur/strong/images/video18_1286__2d1a991adfdac585.png,640,640,11,11,135,2d1a991adfdac5857bd78971bc307f4b0131f64d11d6d62c74064ceb3d4572e5,e5899e33d2fe4881ff1386111b1a3b30ea1f8d1fb3b3daa4c36ee375f1580482
strong,DetectDataset_clean_v2/test/images/video18_1289__2b05850d8325650e.jpg,DetectDataset_clean_v2_motion_blur/strong/images/video18_1289__2b05850d8325650e.png,640,640,11,11,90,2b05850d8325650ea48d6ac1bc5345b98abb74ba5bf244c692e03a9b81c8bfe3,961313bc37e7c576b8861828b195ab5cd6700431becf9d54bb9bd2a1fdd8575c
strong,DetectDataset_clean_v2/test/images/video18_128__527a11f03f2b2009.jpg,DetectDataset_clean_v2_motion_blur/strong/images/video18_128__527a11f03f2b2009.png,640,640,11,11,0,527a11f03f2b2009a9e3f41cf0c16768ec2e06356ba5e65d4a6b387b3f3aa5eb,86223e8a44e0efb8e7100d226d771e77ea1e20329a820b8446caa674251736ff
strong,DetectDataset_clean_v2/test/images/video18_1290__b5a84a89f1293a01.jpg,DetectDataset_clean_v2_motion_blur/strong/images/video18_1290__b5a84a89f1293a01.png,640,640,11,11,45,b5a84a89f1293a01379765153d0cd9e8e0bd2d64d1c97981f6ee6d89c79c58bc,5369582969976eca5c2a2d4e9b738249bb6c31d957a50db7d27b368cd3a778fc
strong,DetectDataset_clean_v2/test/images/video18_1297__72db96795911f44f.jpg,DetectDataset_clean_v2_motion_blur/strong/images/video18_1297__72db96795911f44f.png,640,640,11,11,0,72db96795911f44f25c98980d9cb4417f9b1c0df8cf5cdc68268a9ce270e1a9d,a6436c134e1b52ddd14b3ee3af3c4b09abf06b0eb0cd49f64c6617fca900dc6b
strong,DetectDataset_clean_v2/test/images/video18_1309__262c17308b5b745d.jpg,DetectDataset_clean_v2_motion_blur/strong/images/video18_1309__262c17308b5b745d.png,640,640,11,11,45,262c17308b5b745d6e8060446e33cced5e638eaca54d562635380189438b671f,236283fa7a1a62cf47df3422a63b599baf0a7d0220b8c2f65f0caa0c18464879
strong,DetectDataset_clean_v2/test/images/video18_1309__e89c9d0fce6f492c.jpg,DetectDataset_clean_v2_motion_blur/strong/images/video18_1309__e89c9d0fce6f492c.png,640,640,11,11,90,e89c9d0fce6f492cb076fb9b2fda262df62819f46ed07f400bcd0b6c8313dce5,f071eb5a1e4d1619ed84963f008ae946275d01e01b2236fdefae84f22c512afa
strong,DetectDataset_clean_v2/test/images/video18_1316__07966dc86c75a157.jpg,DetectDataset_clean_v2_motion_blur/strong/images/video18_1316__07966dc86c75a157.png,640,640,11,11,90,07966dc86c75a1577ad531dba0bb4737bbe8883d7d1865f6e2641de98caadcfb,17a4e9b24990f50d169e009c84439dc72150c725078579770cc52020666e39df
strong,DetectDataset_clean_v2/test/images/video18_1316__34df50a38a660770.jpg,DetectDataset_clean_v2_motion_blur/strong/images/video18_1316__34df50a38a660770.png,640,640,11,11,90,34df50a38a660770d5615cdffea401b95d4fedb9c3def12b75134d7c358578cf,b981577e31e97c905d1500d9bda40d600365067b3691f7c3dea38cfbf9426d9b
strong,DetectDataset_clean_v2/test/images/video18_1318__68f62218bbf55b4e.jpg,DetectDataset_clean_v2_motion_blur/strong/images/video18_1318__68f62218bbf55b4e.png,640,640,11,11,0,68f62218bbf55b4e715f78cd09c68b63b724b6f5486d435545d2f6c7d80a3fdb,bfdb739a4270f6d639d71e932ad2a0f6466e4cefaf585c0eda1fc257a660b796
strong,DetectDataset_clean_v2/test/images/video18_1323__755ee959bb862866.jpg,DetectDataset_clean_v2_motion_blur/strong/images/video18_1323__755ee959bb862866.png,640,640,11,11,45,755ee959bb86286630caa4a8225b727919bbc9a3271be4b9f62b3fbd6d2e7819,a9c956fdcc6c7d1a2ad52f756c94a686f782c946b0cbdab349b5943aa4897fd1
strong,DetectDataset_clean_v2/test/images/video18_1333__b42d0431c5e4e419.jpg,DetectDataset_clean_v2_motion_blur/strong/images/video18_1333__b42d0431c5e4e419.png,640,640,11,11,90,b42d0431c5e4e419111847d19027f3a9a81f63e72485717dbad45e23c674b138,42efc35dd7d48b9a3d90ad2c49421d6c7553b5cc473077e12daef8915d386098
strong,DetectDataset_clean_v2/test/images/video18_1333__be1d68763e16930a.jpg,DetectDataset_clean_v2_motion_blur/strong/images/video18_1333__be1d68763e16930a.png,640,640,11,11,135,be1d68763e16930acdc1ab6114809cf5492b9a465c1f1771bf741422f98bc993,9cc51cc3aaa566c243789128bd5f303c8ba78d5398d1c64a7a6e1bb58d92feaa
strong,DetectDataset_clean_v2/test/images/video18_1337__3bbe1300bcc23bcb.jpg,DetectDataset_clean_v2_motion_blur/strong/images/video18_1337__3bbe1300bcc23bcb.png,640,640,11,11,0,3bbe1300bcc23bcbb21e01bdea1f9611bdd572d5333a609742867b86f9405763,1b4d1a4ff4359c8cbfd2c047d70e08129ef542f42246743168f825b37d924137
strong,DetectDataset_clean_v2/test/images/video18_1342__de979f065bf0be39.jpg,DetectDataset_clean_v2_motion_blur/strong/images/video18_1342__de979f065bf0be39.png,640,640,11,11,45,de979f065bf0be396aba74d6465884e4edf64a6fe6150e3cfb849e84612f1b4d,9daf3416242ce4c17be03672b23b398547793c832346f6e5691246ecaf275e93
strong,DetectDataset_clean_v2/test/images/video18_1345__30a3017196bf8756.jpg,DetectDataset_clean_v2_motion_blur/strong/images/video18_1345__30a3017196bf8756.png,640,640,11,11,90,30a3017196bf8756e7cc6acb711fb0e2c47aff47fc5e6bf21742455d5e8ea977,43e1643377ef0cddf9ed00a558c5cd22b6d18a251700ffa4786d80df8b8784f1
strong,DetectDataset_clean_v2/test/images/video18_1349__697d8ec793177f43.jpg,DetectDataset_clean_v2_motion_blur/strong/images/video18_1349__697d8ec793177f43.png,640,640,11,11,0,697d8ec793177f43e0d193fd9eaa8fec9cb29f818e06d4506d4be2b66e2845c6,d6afa52bb38e7493ba4bf4e24a13013c193bdc92aeadbc23ae1ab56086a7b2f8
strong,DetectDataset_clean_v2/test/images/video18_1349__fd7d50856d8036ae.jpg,DetectDataset_clean_v2_motion_blur/strong/images/video18_1349__fd7d50856d8036ae.png,640,640,11,11,135,fd7d50856d8036aef1979edc52df272799fe5d7c2a375004eda2dccb0586fdf9,4f011b8c55c61e3c320f621f741cd060c79823799bd976816d1a7c7522b0eec7
strong,DetectDataset_clean_v2/test/images/video18_1355__ea1708a8785b7c55.jpg,DetectDataset_clean_v2_motion_blur/strong/images/video18_1355__ea1708a8785b7c55.png,640,640,11,11,135,ea1708a8785b7c55f1a71a0f1384142a15db759acb4fb62f11241de763daa05a,0fd3e23fa8b10034bbe741fd44aaaa6d54035dc9a6cdcf9f684681dc47a8caaf
strong,DetectDataset_clean_v2/test/images/video18_1357__5b420d87feb2e97f.jpg,DetectDataset_clean_v2_motion_blur/strong/images/video18_1357__5b420d87feb2e97f.png,640,640,11,11,90,5b420d87feb2e97f6bfaff23b33f5caba3b4a0400c2979916d65ec60874666e9,8c0fb9e05f85a74a2c1ba1ebaa9585aee133b0e0ca99cddced2a29a248bad63b
strong,DetectDataset_clean_v2/test/images/video18_1379__cad9e6eb661708b2.jpg,DetectDataset_clean_v2_motion_blur/strong/images/video18_1379__cad9e6eb661708b2.png,640,640,11,11,135,cad9e6eb661708b2b2cf3639a4a9ee0bafd765cec561c0c4a2cdefcf8e915d6a,26428b8f5e189c631bc38062fcccd50c860f035ac3d1b8ab6e4c61f8319fefca
strong,DetectDataset_clean_v2/test/images/video18_1390__e6a98b7f84984cd0.jpg,DetectDataset_clean_v2_motion_blur/strong/images/video18_1390__e6a98b7f84984cd0.png,640,640,11,11,0,e6a98b7f84984cd0a13c973bc4dfe78760988c1ec50d54cf09855fe206db963a,fb19b512c582126f55b84be927fb9624f04c670fc2d6d4f6292bda0219804947
strong,DetectDataset_clean_v2/test/images/video18_1404__e3349acef6977d17.jpg,DetectDataset_clean_v2_motion_blur/strong/images/video18_1404__e3349acef6977d17.png,640,640,11,11,0,e3349acef6977d170ba785e24214fe0e70e32c531c44ae1d518c9e289f512585,b9934ad087075555a7210a20b9667680a2f6af1a521035dc3e74a7da2c7b7d50
strong,DetectDataset_clean_v2/test/images/video18_1405__5e634f399217466f.jpg,DetectDataset_clean_v2_motion_blur/strong/images/video18_1405__5e634f399217466f.png,640,640,11,11,90,5e634f399217466fbecea19bcfbd965ced13a63518cf6fa544e661913f614098,c24f60b9ee48772dd2d5697d647fefe1aca05bfb19ce76fb217d30e7365e6bfe
strong,DetectDataset_clean_v2/test/images/video18_1413__bdf4397bd7b0b562.jpg,DetectDataset_clean_v2_motion_blur/strong/images/video18_1413__bdf4397bd7b0b562.png,640,640,11,11,0,bdf4397bd7b0b562bb78e713db9e6931db45ff8e8624e91e7adf6612366cf8eb,a662a1a34c40a3119426ef854a52e97a62db419c45277915fb9851c02efeb6e4
strong,DetectDataset_clean_v2/test/images/video18_1414__504aa97cb7b7fc86.jpg,DetectDataset_clean_v2_motion_blur/strong/images/video18_1414__504aa97cb7b7fc86.png,640,640,11,11,90,504aa97cb7b7fc868308d193a016cca6f68b84f21a7befef43099d250367c6ef,33e51100df7ac99a1be0f6447f62a5ed54f912bd827b2ed8cc5aee2ed8128950
strong,DetectDataset_clean_v2/test/images/video18_1414__f82c69b64cd30fec.jpg,DetectDataset_clean_v2_motion_blur/strong/images/video18_1414__f82c69b64cd30fec.png,640,640,11,11,135,f82c69b64cd30feca1a1d53b16dfba09650b5fd6a073698274b91ce0678e6367,c5c862c3c6824f4aaaf49c547465867caf41bce3d92a982d54654d63cbddce96
strong,DetectDataset_clean_v2/test/images/video18_1438__b8b2c2c95a6136ef.jpg,DetectDataset_clean_v2_motion_blur/strong/images/video18_1438__b8b2c2c95a6136ef.png,640,640,11,11,135,b8b2c2c95a6136ef4313b766b3501e35117d650927212ada62e5fbe0b6198b4a,084e620494e06313b90ed40bc206dc7b342302135cac5962b04e36e1b41b28e9
strong,DetectDataset_clean_v2/test/images/video18_1463__adb95c5cf2ab926f.jpg,DetectDataset_clean_v2_motion_blur/strong/images/video18_1463__adb95c5cf2ab926f.png,640,640,11,11,135,adb95c5cf2ab926f7a405880c323ac867246bf98a5bfb3af6e38c67558f284ed,c3904b98dee34e1df9d29180ca3220193c608704f18e7d78bbfc5a9db90e8277
strong,DetectDataset_clean_v2/test/images/video18_1482__28c2d6bf344af7fc.jpg,DetectDataset_clean_v2_motion_blur/strong/images/video18_1482__28c2d6bf344af7fc.png,640,640,11,11,0,28c2d6bf344af7fc72130fed95340e3782e2b9b230609448e43f6e06cbdedd88,896f30c880059096cf879605b614fd9fe7e5ab5539cbee7b91a75723840c85c5
strong,DetectDataset_clean_v2/test/images/video18_1566__8b7cf9ac9b040da8.jpg,DetectDataset_clean_v2_motion_blur/strong/images/video18_1566__8b7cf9ac9b040da8.png,640,640,11,11,135,8b7cf9ac9b040da8762a0c10cb7949ec37e5bf37d65e566a9df4af563883f7fa,34e3cdade49e744d1c3fec39eb8f030c41a1052f0dd90f4dfeff183d7431bce7
strong,DetectDataset_clean_v2/test/images/video18_1587__daf07877f63902a9.jpg,DetectDataset_clean_v2_motion_blur/strong/images/video18_1587__daf07877f63902a9.png,640,640,11,11,0,daf07877f63902a9e5d512561739533d2018b04271b44b93138cb1b35fbbb9ff,fe9e54606e2afb192c75697a755e1c55c9f8dd1fe1b83464810bef66b62ea3ac
strong,DetectDataset_clean_v2/test/images/video18_1588__7f89fbe4c79975f6.jpg,DetectDataset_clean_v2_motion_blur/strong/images/video18_1588__7f89fbe4c79975f6.png,640,640,11,11,0,7f89fbe4c79975f6262c5e3572bdcfa74cf2c5ed66223d100257955c012433c4,95f2e0b3488b81ac2520bcdafb477511ee150ddbfa0a1d768985dd4cc814a016
strong,DetectDataset_clean_v2/test/images/video18_1628__8c8cb8266b2195d7.jpg,DetectDataset_clean_v2_motion_blur/strong/images/video18_1628__8c8cb8266b2195d7.png,640,640,11,11,0,8c8cb8266b2195d742f144eddf17077b0657c8b3cc54059d746fb0d9c4b7e1b5,1dbd0eada879cfbe660b73583b4836a3cf1742e1fd0569401440a3ac67e4b18d
strong,DetectDataset_clean_v2/test/images/video18_1645__dad0813e039007e5.jpg,DetectDataset_clean_v2_motion_blur/strong/images/video18_1645__dad0813e039007e5.png,640,640,11,11,45,dad0813e039007e524640d6314c063c2ecf5c95c15488c573a0357a47d30e156,b0eea94d2d173f3be3f191dbdf8ef79df211e081f3190b914cca7e3930ae0339
strong,DetectDataset_clean_v2/test/images/video18_1647__f3adecbc86e24c99.jpg,DetectDataset_clean_v2_motion_blur/strong/images/video18_1647__f3adecbc86e24c99.png,640,640,11,11,0,f3adecbc86e24c996f4b17527f3eb236682297ee2e92c308a3aef4b0284f89d1,b3297ccd1420a1411de1319c82fc9e42e0126ec9e70c6a24e01cdf15fcce00fb
strong,DetectDataset_clean_v2/test/images/video18_1669__48c78e431997f3cc.jpg,DetectDataset_clean_v2_motion_blur/strong/images/video18_1669__48c78e431997f3cc.png,640,640,11,11,90,48c78e431997f3cca190aa83f8e2c2fdc9bae5967a4ba764faad55199b8bc4cb,4e0de79b03a245979974107b5e05a850e875c80656af9dd96dc1c4a19a00cccd
strong,DetectDataset_clean_v2/test/images/video18_1675__78866217e12f57d7.jpg,DetectDataset_clean_v2_motion_blur/strong/images/video18_1675__78866217e12f57d7.png,640,640,11,11,0,78866217e12f57d7b1c0d997784e691c879fab6bfcbc474fae58c0ba7af6d555,a6edd89547dbb5bb6f6fb58852512b062db138caac3ed58057feb93578e666b0
strong,DetectDataset_clean_v2/test/images/video18_1678__020946fd252cd9b5.jpg,DetectDataset_clean_v2_motion_blur/strong/images/video18_1678__020946fd252cd9b5.png,640,640,11,11,135,020946fd252cd9b57f679e826e1b4e42c0b2d28d3fd5c39da3e3da7f50f12a12,8071e9e000a67c525cd55ebe5ea1adf2b5fb8cce4d2423d2a90fcf9fe4073fbc
strong,DetectDataset_clean_v2/test/images/video18_1684__c23979af624f14a2.jpg,DetectDataset_clean_v2_motion_blur/strong/images/video18_1684__c23979af624f14a2.png,640,640,11,11,0,c23979af624f14a235cfb2f57d9c0c5f020a0fd4905dad4c1accbe5893a91471,266158e6a6d19f95ead308bb7b60e80797a4baada763bd8dbf5303447bcfc4cd
strong,DetectDataset_clean_v2/test/images/video18_1685__286ab9f430c49863.jpg,DetectDataset_clean_v2_motion_blur/strong/images/video18_1685__286ab9f430c49863.png,640,640,11,11,0,286ab9f430c4986366317e1361ee7749ab2074f101cf7eeb0f78e0b86ffc748e,9422106c9289926706ebf2ef8a148be75fe39451109e0194741e7ae94e6d0b60
strong,DetectDataset_clean_v2/test/images/video18_1688__1c984a819d666017.jpg,DetectDataset_clean_v2_motion_blur/strong/images/video18_1688__1c984a819d666017.png,640,640,11,11,135,1c984a819d66601789a6c2981abff6740ab3de3aa82ba20ce61d7f570313cc1c,7c520b812a4189ddb4d52517fdc5d763465676fc3be28b95529bf974411cf4a9
strong,DetectDataset_clean_v2/test/images/video18_1706__29b44394d55ea632.jpg,DetectDataset_clean_v2_motion_blur/strong/images/video18_1706__29b44394d55ea632.png,640,640,11,11,90,29b44394d55ea632e7731969e4b9ec70584a6785e1a8f0cc3edfcb5d0cf70f78,39ab19db74867d99b08b9c0694df69b86da6dca9fcf2bdb03fc5411d9c91bf77
strong,DetectDataset_clean_v2/test/images/video18_1747__fcfd7944fe2f78de.jpg,DetectDataset_clean_v2_motion_blur/strong/images/video18_1747__fcfd7944fe2f78de.png,640,640,11,11,135,fcfd7944fe2f78de714ead0059c97e9f6a6275d4a3792e16f917d16ed57dff92,f7a766edbc1eab5553a366afca980a119841486c13aa7bdeb592cb301a802f45
strong,DetectDataset_clean_v2/test/images/video18_1765__22e116d77c556749.jpg,DetectDataset_clean_v2_motion_blur/strong/images/video18_1765__22e116d77c556749.png,640,640,11,11,45,22e116d77c556749587549ff5f020956e69984d1b13efd70ba08119e6b39df6b,652c6d5ddebfb3cb94ce9a802a62c1fa5e4ea1790ce38d29245baccad9d450cf
strong,DetectDataset_clean_v2/test/images/video18_1769__6fdb9f266ad1f2cb.jpg,DetectDataset_clean_v2_motion_blur/strong/images/video18_1769__6fdb9f266ad1f2cb.png,640,640,11,11,90,6fdb9f266ad1f2cbd6c216bcea6fe32185b8a280f7b2897e08db1e6d2118b315,74c4c426f87468d03b528ec33c310f9e77fa650f1973a5522c2185d93225765b
strong,DetectDataset_clean_v2/test/images/video18_1776__741c32a4e3cb8a8c.jpg,DetectDataset_clean_v2_motion_blur/strong/images/video18_1776__741c32a4e3cb8a8c.png,640,640,11,11,135,741c32a4e3cb8a8c2a2b19e4c1795a783aaa9b84d15601c7cb4ed3fef0853a98,686ba844360f4d5eb9dbe57f426a3c21383cd9702f0b393b4d6e61f78cf43db3
strong,DetectDataset_clean_v2/test/images/video18_1790__a28a1de30c900ece.jpg,DetectDataset_clean_v2_motion_blur/strong/images/video18_1790__a28a1de30c900ece.png,640,640,11,11,90,a28a1de30c900eced1db4a8e9cf685daac6da6bc850e34320f2cc96d66d6a7ef,93561558489f1b1ef7a6e0418ee28b20f47565f76fc2cb36a96e0c823f9b1b2b
strong,DetectDataset_clean_v2/test/images/video18_1793__745fde42bfc13973.jpg,DetectDataset_clean_v2_motion_blur/strong/images/video18_1793__745fde42bfc13973.png,640,640,11,11,45,745fde42bfc13973c098d25bd4f1d3e72d3d3aa58c35b0dfe46fa7991b669442,bb5727b1c1baa1c8fd17c63f9bd8c1331144cac320952b46448718bc7f74f121
strong,DetectDataset_clean_v2/test/images/video18_1796__3c1980368d8a203f.jpg,DetectDataset_clean_v2_motion_blur/strong/images/video18_1796__3c1980368d8a203f.png,640,640,11,11,45,3c1980368d8a203f3c5019a7b0316b18919e3abd858d6f8364482a1949b4e32c,e85aebd2412013fe1b96e4a48639999b4081a01364b4c8b57278e79893141a15
strong,DetectDataset_clean_v2/test/images/video18_1797__9f4f4a1814a9e4c7.jpg,DetectDataset_clean_v2_motion_blur/strong/images/video18_1797__9f4f4a1814a9e4c7.png,640,640,11,11,0,9f4f4a1814a9e4c7be30c2dc4ff0de34345191dd0dbbee9a1db5d7f37a0a2abc,15575f2e5f890b22bb8a7071d3bfa9543b98bcb7be1eedb2a4d0cc8a72d8f6a2
strong,DetectDataset_clean_v2/test/images/video18_1810__3d16e96855c7be8e.jpg,DetectDataset_clean_v2_motion_blur/strong/images/video18_1810__3d16e96855c7be8e.png,640,640,11,11,90,3d16e96855c7be8e0f9e6f6327fd6ffe3668ea924b84c4d5ab08fd4d25560770,b5494be89eec73becad894be0ed617a6c1d8355555b9494d5ad1391aa1e1f7de
strong,DetectDataset_clean_v2/test/images/video18_1819__7098091262955bb4.jpg,DetectDataset_clean_v2_motion_blur/strong/images/video18_1819__7098091262955bb4.png,640,640,11,11,90,7098091262955bb4c6eaf0df16bb2ed5d37fea31be8f3e4525b94b280ebc5907,8931d78edbd4f72fa047f3a52e20eb7c3b0495d829b65684228c34a493afd63d
strong,DetectDataset_clean_v2/test/images/video18_1821__dfbe91a6d2d9e08a.jpg,DetectDataset_clean_v2_motion_blur/strong/images/video18_1821__dfbe91a6d2d9e08a.png,640,640,11,11,45,dfbe91a6d2d9e08aa1f5af57baedcfc9d2fa41fa63032d4761054c90866884d7,981258cffcf47248fb7a904802ebc0bc2148c35a65eb200aba8b9532e79cd1f5
strong,DetectDataset_clean_v2/test/images/video18_1843__683424b494e4b901.jpg,DetectDataset_clean_v2_motion_blur/strong/images/video18_1843__683424b494e4b901.png,640,640,11,11,45,683424b494e4b901ebaff3fd71151232fef0e7322a266315f84e5be15cece1e3,ed2a99a395c77f129b4a0c33d9451950faf5b7116be18ca7ea0b6fc4788956ac
strong,DetectDataset_clean_v2/test/images/video18_1848__6d8f66308422d39f.jpg,DetectDataset_clean_v2_motion_blur/strong/images/video18_1848__6d8f66308422d39f.png,640,640,11,11,45,6d8f66308422d39f0052ac2f359212b5d2a461d04fa07442deb1db83aaaafa2f,ca45a3b7dd3fe1c2d743a4a1d71cfb6e3e0945a9e40b25d5d51d5e49014b03b3
strong,DetectDataset_clean_v2/test/images/video18_1850__9c479f521812a298.jpg,DetectDataset_clean_v2_motion_blur/strong/images/video18_1850__9c479f521812a298.png,640,640,11,11,135,9c479f521812a298bd92863b85722a2e1ffe26813b14dca7a575f442cfd8b1fc,bdf0a3ed21a1b8a33871f3c3269c07d116f62e42cae66405037d10c82b546fa1
strong,DetectDataset_clean_v2/test/images/video18_1858__37cb9af58690ef16.jpg,DetectDataset_clean_v2_motion_blur/strong/images/video18_1858__37cb9af58690ef16.png,640,640,11,11,90,37cb9af58690ef169f2440f9a3a563c8b2071e1e9413cd800f3ab5113f36391b,e0332ba85caba2131044dbdf0686d7ac5f8cd2492d2b4bf9f4b976d14badadbc
strong,DetectDataset_clean_v2/test/images/video18_1861__46f57083a0968527.jpg,DetectDataset_clean_v2_motion_blur/strong/images/video18_1861__46f57083a0968527.png,640,640,11,11,135,46f57083a0968527b85c533eff8790de89dd70d8133c917e57f2367fa3f8601b,cab799a768e9ba34ac86dab30e16774e853426c486149dfb2a27243a463b64c8
strong,DetectDataset_clean_v2/test/images/video18_1866__82206853567efa32.jpg,DetectDataset_clean_v2_motion_blur/strong/images/video18_1866__82206853567efa32.png,640,640,11,11,90,82206853567efa32538961c47f1b1d4758855956315a3243f91245895edf159d,8710717c71ccbbd2f9b8346825b56785dd06f88848f3dd84f67d8cb6f8e70fc6
strong,DetectDataset_clean_v2/test/images/video18_1889__d9a4540c54c53e34.jpg,DetectDataset_clean_v2_motion_blur/strong/images/video18_1889__d9a4540c54c53e34.png,640,640,11,11,45,d9a4540c54c53e34d424ed7d7d6003a573efed48197db81af2586305a333d18d,fea227e3c9e7c840ba53197610e7b0d043f81c0d8567bee7367ffaaab0ae8da3
strong,DetectDataset_clean_v2/test/images/video18_1891__1724caa1c07d4793.jpg,DetectDataset_clean_v2_motion_blur/strong/images/video18_1891__1724caa1c07d4793.png,640,640,11,11,135,1724caa1c07d47930e3d83d8c45e461cd14464dba6b1537e7afc3456a8c44b15,789edf6eaecb7f726d1fbe50a3d93a88071be57bcb869659e3716e58b79b1b90
strong,DetectDataset_clean_v2/test/images/video18_1900__5a3db0c8a0e7c92a.jpg,DetectDataset_clean_v2_motion_blur/strong/images/video18_1900__5a3db0c8a0e7c92a.png,640,640,11,11,90,5a3db0c8a0e7c92a704b764e882c0b6ddd584e4afd980ee5d5a8b082227f45d3,cfbcddccdb08cc8a218860699c58eb24508fd4953784a45f62bf9414ca33d26f
strong,DetectDataset_clean_v2/test/images/video18_1905__f1478eca7788a321.jpg,DetectDataset_clean_v2_motion_blur/strong/images/video18_1905__f1478eca7788a321.png,640,640,11,11,45,f1478eca7788a32190e2490faffcd6c3ff66c1bfb95b969f8b4cfab87073bdc0,d8fbd9bb84e5985b9ad29f9cfcc29a89ef607ccc5434b6fcce80a6086af44978
strong,DetectDataset_clean_v2/test/images/video18_1919__d717dec18e506a6c.jpg,DetectDataset_clean_v2_motion_blur/strong/images/video18_1919__d717dec18e506a6c.png,640,640,11,11,135,d717dec18e506a6c169ba5aa757c7106c0815b14161da964701caa72d0cb8e4d,7bb7d30ed1f79ccb5168a11649b8f04fa20338a6a8b138b1ebf053c42c4eee95
strong,DetectDataset_clean_v2/test/images/video18_1920__4c20b8a9e9347652.jpg,DetectDataset_clean_v2_motion_blur/strong/images/video18_1920__4c20b8a9e9347652.png,640,640,11,11,45,4c20b8a9e9347652d350383c2e547c0dc18d8b5a106be4512735e02691692e88,50d8cfdf22a0a611ba1a13457a316a6a6c4dce090802ed6e17222bef25d78e08
strong,DetectDataset_clean_v2/test/images/video18_1921__5ba536c13013e6a9.jpg,DetectDataset_clean_v2_motion_blur/strong/images/video18_1921__5ba536c13013e6a9.png,640,640,11,11,135,5ba536c13013e6a991288f4d0fb6bdee8911119dfec58808c4e531e0e2f9ea0f,340e49a7eca9454d1328ed07f87c0e1bb8d622c85443cdb34e97acd603e334b9
strong,DetectDataset_clean_v2/test/images/video18_1925__c740789d4204710c.jpg,DetectDataset_clean_v2_motion_blur/strong/images/video18_1925__c740789d4204710c.png,640,640,11,11,45,c740789d4204710cf1067e2da057a0db0f45f4ed699b75b1b12971529cc4eec8,92ce34f1e4c524ca73988a7c7f264d5c8996da226acba214c2c61e66640f2f55
strong,DetectDataset_clean_v2/test/images/video18_1944__faac839631d19fc4.jpg,DetectDataset_clean_v2_motion_blur/strong/images/video18_1944__faac839631d19fc4.png,640,640,11,11,90,faac839631d19fc4f8659f5286d1ccb02429beafbf6ed0ee2612154ba84e5207,1a0a3f2da4472a95642dd022b7036f41a38eba1fb9aa2104be2ac82c91fdafd4
strong,DetectDataset_clean_v2/test/images/video18_1981__b1949de2b916ed95.jpg,DetectDataset_clean_v2_motion_blur/strong/images/video18_1981__b1949de2b916ed95.png,640,640,11,11,90,b1949de2b916ed95c72e5e8e384608eaca636eb71a2f64ed09a000ff19046af4,18d75df189a0188914a4f34ed4fbf43b05c5d7c4977431dd1d30a18852376f8d
strong,DetectDataset_clean_v2/test/images/video18_1984__578968381842bb35.jpg,DetectDataset_clean_v2_motion_blur/strong/images/video18_1984__578968381842bb35.png,640,640,11,11,90,578968381842bb35dcdd29bac7b9ff9005dbea54f79333544e97bef47db988b5,480b92e42a1fc966410d35c491ba58e04d3b24150e896bc4536ef1e5fa609ad0
strong,DetectDataset_clean_v2/test/images/video18_1990__394a4f83da530768.jpg,DetectDataset_clean_v2_motion_blur/strong/images/video18_1990__394a4f83da530768.png,640,640,11,11,45,394a4f83da530768c422a3794fcdce6f25c1ab9eb93b6b471430f594b7ad7d47,7205c9684f0ac9af6d32bef95cfb478c581d7ff238b0378eeb45bf74f2e56d7d
strong,DetectDataset_clean_v2/test/images/video18_1992__1928b615ec5b8710.jpg,DetectDataset_clean_v2_motion_blur/strong/images/video18_1992__1928b615ec5b8710.png,640,640,11,11,45,1928b615ec5b8710a2d73d52297dedb251176a12f15cfbeffff8f998cd58c0ed,f40cf4cb14a40760c69c096bf8a314920b8b1daa02f0012816c2616a4bd274fe
strong,DetectDataset_clean_v2/test/images/video18_2005__53dae3da8deed4d9.jpg,DetectDataset_clean_v2_motion_blur/strong/images/video18_2005__53dae3da8deed4d9.png,640,640,11,11,45,53dae3da8deed4d9913a373dafa103447167c6999ece4328f23913b170cbf8ab,28e599c6f7e27aa9d775ed30e2dba97cbc756d3ea45d38c520a37737cfd916a2
strong,DetectDataset_clean_v2/test/images/video18_2007__26791b73f84cd826.jpg,DetectDataset_clean_v2_motion_blur/strong/images/video18_2007__26791b73f84cd826.png,640,640,11,11,90,26791b73f84cd8265df0c12a4f3ef4895aef3189182875c4a3510779dc7d2bae,b8f6c53e8b6deca3630b5527de672a13451dbf649b23fa6473f4a25fb8432bbd
strong,DetectDataset_clean_v2/test/images/video18_2008__4340818bc1c08263.jpg,DetectDataset_clean_v2_motion_blur/strong/images/video18_2008__4340818bc1c08263.png,640,640,11,11,135,4340818bc1c082639580eb2ac3ded52112c1ff9e4c1989e7d9d618fd8b8c4172,219acbc305847282dbdf1e76375e3aa91a6a2d551991b30c706f199b23d54d3d
strong,DetectDataset_clean_v2/test/images/video18_2013__280e911fecf73e9c.jpg,DetectDataset_clean_v2_motion_blur/strong/images/video18_2013__280e911fecf73e9c.png,640,640,11,11,45,280e911fecf73e9c10339179e05bdb626bc3b9853116d0d163c0db9c451a5270,f15df18ee61b53f4f1dbdfc386c6f7e6817de67f36a47a7051c993fadd2e57bb
strong,DetectDataset_clean_v2/test/images/video18_2038__ae78d5950dae6021.jpg,DetectDataset_clean_v2_motion_blur/strong/images/video18_2038__ae78d5950dae6021.png,640,640,11,11,90,ae78d5950dae60212170b71787ab170d83a42765133da81b8114a7957728fa96,ec4ba968a80491bfd617d81da9727c8770016bc03daa3f68d18d4a0c7d5c96a4
strong,DetectDataset_clean_v2/test/images/video18_2083__36c45a2951be2632.jpg,DetectDataset_clean_v2_motion_blur/strong/images/video18_2083__36c45a2951be2632.png,640,640,11,11,135,36c45a2951be26329c3bff5fd5433a014ec5f9f75cf756e4f7cfbf2525f5981e,2fd0e17bdb032bb1ffe7e026d5f93abe7088817ef6e356cb6d522f94444ef9f9
strong,DetectDataset_clean_v2/test/images/video18_2090__8ccf8b3ce5a63d70.jpg,DetectDataset_clean_v2_motion_blur/strong/images/video18_2090__8ccf8b3ce5a63d70.png,640,640,11,11,0,8ccf8b3ce5a63d70f62eb5351db6ad83b3de9f4caaf1758758799c3f4f5dfef9,943e00aca65b34e548c63113fba65a2cb7f67916d4b861b17058ea4a1b2d0d3f
strong,DetectDataset_clean_v2/test/images/video18_2101__2572747c6a54c622.jpg,DetectDataset_clean_v2_motion_blur/strong/images/video18_2101__2572747c6a54c622.png,640,640,11,11,90,2572747c6a54c6229f09620755c4926cff6d54345e741d424d937da7d54e97e1,789d0b5c6a207c5f121e52254c8c742b681f296a07f7bc4209439d1961ada550
strong,DetectDataset_clean_v2/test/images/video18_2161__956652a7bacd527a.jpg,DetectDataset_clean_v2_motion_blur/strong/images/video18_2161__956652a7bacd527a.png,640,640,11,11,0,956652a7bacd527ab89feaa7c2b71f16047452c121af38cc043330ddaf3ef700,6446b0f289c6876a4e9ce9d739256d55f349b7a567521a9829b5828ba79c01a2
strong,DetectDataset_clean_v2/test/images/video18_2164__0f5ca8c6f8f59da5.jpg,DetectDataset_clean_v2_motion_blur/strong/images/video18_2164__0f5ca8c6f8f59da5.png,640,640,11,11,90,0f5ca8c6f8f59da5cdf281586dd202e8729b8d730473ccd09debe28123a8217e,95da92137cc284aec7296c2b714b4b378800735a8cebd7075c92bde67e58ec9c
strong,DetectDataset_clean_v2/test/images/video18_2187__c7c8530b5c8973ba.jpg,DetectDataset_clean_v2_motion_blur/strong/images/video18_2187__c7c8530b5c8973ba.png,640,640,11,11,0,c7c8530b5c8973ba9377438c1ac4c8b326e24aeb80caaddc6fa87379e16a8b5d,b2add67d4a0303c38ae34039d19ee00397e6190c755a55578a135aecbcaa9624
strong,DetectDataset_clean_v2/test/images/video18_2414__139ece2412c83549.jpg,DetectDataset_clean_v2_motion_blur/strong/images/video18_2414__139ece2412c83549.png,640,640,11,11,0,139ece2412c835494d7fc86de218372cbf740f5144e5608952cbfea66902cbef,87c6a5133ab06fd2a27d788c981d204cf84320aa8df036c34d973539e73a84c5
strong,DetectDataset_clean_v2/test/images/video18_2415__d02fc7fed3b52233.jpg,DetectDataset_clean_v2_motion_blur/strong/images/video18_2415__d02fc7fed3b52233.png,640,640,11,11,45,d02fc7fed3b5223366ea96ed5bafe1f7f8f3f783ef3b0a66130c4720428ca629,0516dcf367070e3ad3107ddffbb0c03de964490c8a49aebc6bcdba6786460201
strong,DetectDataset_clean_v2/test/images/video18_2525__781b6251a5eb99a8.jpg,DetectDataset_clean_v2_motion_blur/strong/images/video18_2525__781b6251a5eb99a8.png,640,640,11,11,135,781b6251a5eb99a8941dd091d5f29aa5d10529210909d2014faf0cc28ca807e9,f8e7cb8c9377b34ac261db3a449735ffc06a4863be306cd1cecf487cc3e3afe4
strong,DetectDataset_clean_v2/test/images/video18_2526__1eaf0574a9d55c3c.jpg,DetectDataset_clean_v2_motion_blur/strong/images/video18_2526__1eaf0574a9d55c3c.png,640,640,11,11,90,1eaf0574a9d55c3ca6eb30fc3de5cfd8288cadc43081e5a643dc75b2f99bf3af,443090012994f1da2f25b4732c276764547ba3c4dc2920dde3b7625bffc74514
strong,DetectDataset_clean_v2/test/images/video18_253__9aea3853c690ed8d.jpg,DetectDataset_clean_v2_motion_blur/strong/images/video18_253__9aea3853c690ed8d.png,640,640,11,11,0,9aea3853c690ed8db7e3edc6d3679d36f54e561bf1e92d3846897cd96795820c,c5d450cb42e3b398b56570f8cceb5412e4253e342c3dd43e4f5336fe67994a4b
strong,DetectDataset_clean_v2/test/images/video18_2545__2899109a74b7ae4b.jpg,DetectDataset_clean_v2_motion_blur/strong/images/video18_2545__2899109a74b7ae4b.png,640,640,11,11,135,2899109a74b7ae4b559ada9b6cef9218324fe36d3dedbe2c807338808231c9e0,17724fa7d93eb7f5ca1a77cb4308bca7daa5b55922a3d22796f1abde0c5df78a
strong,DetectDataset_clean_v2/test/images/video18_254__4f8f64e2d05afa6b.jpg,DetectDataset_clean_v2_motion_blur/strong/images/video18_254__4f8f64e2d05afa6b.png,640,640,11,11,90,4f8f64e2d05afa6bcf1e0d28de2983cdf32b0c8c9840529c727af96b173ce788,ba29d82bbc02683bb3d18c640859513181050f981c63d82626f663e928c9d7cd
strong,DetectDataset_clean_v2/test/images/video18_2556__22ed7091fcba9442.jpg,DetectDataset_clean_v2_motion_blur/strong/images/video18_2556__22ed7091fcba9442.png,640,640,11,11,90,22ed7091fcba944289489e2978bd3f434be7e10ae2e0d151ea7acb0aa0610dbd,02f8ffd620b740bb20cb7660bdc268ed675fed32be04767a1a6e7a2676747e78
strong,DetectDataset_clean_v2/test/images/video18_2594__5afac6b1dd7522e3.jpg,DetectDataset_clean_v2_motion_blur/strong/images/video18_2594__5afac6b1dd7522e3.png,640,640,11,11,135,5afac6b1dd7522e3105e317ebf6e6db54b00bdaa8938559e3fc9e42482d828bc,6238a4262ca80449750518a0cbdc921500723a521d1038eadfd2b1e5d7a713e8
strong,DetectDataset_clean_v2/test/images/video18_2599__bf961c5f3a68efda.jpg,DetectDataset_clean_v2_motion_blur/strong/images/video18_2599__bf961c5f3a68efda.png,640,640,11,11,45,bf961c5f3a68efda4789899fcfcabda400a14a6252450995a9731fe7d7344e42,f5e3de864de622e8dc7a840644b84ef2547f823330f36b23d1a7604d07aef277
strong,DetectDataset_clean_v2/test/images/video18_259__633d135640986c35.jpg,DetectDataset_clean_v2_motion_blur/strong/images/video18_259__633d135640986c35.png,640,640,11,11,90,633d135640986c356a9e48a915e8cad31722df21f57a706c1ddd2fd29b18182e,e2e6a44bd1b9b1a05ef590d4dc633ebb76a8108796289983b03e8ac5893add5d
strong,DetectDataset_clean_v2/test/images/video18_2944__d82703403fac1f95.jpg,DetectDataset_clean_v2_motion_blur/strong/images/video18_2944__d82703403fac1f95.png,640,640,11,11,90,d82703403fac1f95224eaa3f12791a70af703f7cea1dfa53898c699b0511ea8f,da9e5d1464a1686046d07c65e57e396c424bae1b9c448b9d64d4a1afdb6439b5
strong,DetectDataset_clean_v2/test/images/video18_515__d24749533fc524e0.jpg,DetectDataset_clean_v2_motion_blur/strong/images/video18_515__d24749533fc524e0.png,640,640,11,11,45,d24749533fc524e0ea4238fee7f5ad2f4fff4489b0c449ccef450accab257a62,2235033a0092318530da52bd07038228286dc2f6982aa113d5e97496927f580f
strong,DetectDataset_clean_v2/test/images/video18_600__f40061a3ff6f48fe.jpg,DetectDataset_clean_v2_motion_blur/strong/images/video18_600__f40061a3ff6f48fe.png,640,640,11,11,45,f40061a3ff6f48fe7dbe5fff32802e98283534df6af6149f5b81da87dd8ae785,42a36d6a8e76c053a2bf637b9bbe00daa8c91a0aed612d953053af483fa1711a
strong,DetectDataset_clean_v2/test/images/video18_601__567101f6640c986d.jpg,DetectDataset_clean_v2_motion_blur/strong/images/video18_601__567101f6640c986d.png,640,640,11,11,45,567101f6640c986d436c59a17fa3a13260740cfc9d5ba179aad033e584c8585a,4557a394153f5e1ae62ec032d4bbc81996c65a4511adce1e4ca867f2effc3ca5
strong,DetectDataset_clean_v2/test/images/video18_666__e5f07e4de1f3e22b.jpg,DetectDataset_clean_v2_motion_blur/strong/images/video18_666__e5f07e4de1f3e22b.png,640,640,11,11,0,e5f07e4de1f3e22b2ee0587e78b497d4e05dd85f9576f76afc5d6bbbfb9974cf,83b98454a967aea2c13d8dcf27f9936cfb89bc38efcd5c2b350890a833a22d2e
strong,DetectDataset_clean_v2/test/images/video18_668__c75da7bbf0b8a5dd.jpg,DetectDataset_clean_v2_motion_blur/strong/images/video18_668__c75da7bbf0b8a5dd.png,640,640,11,11,90,c75da7bbf0b8a5dd2efe5b7c1043466118dc783307654db9714d4b68e5f9b563,f7f9402b3758c7d4eb86972ed27920310eba17d07b18d73aa406c9c707b53712
strong,DetectDataset_clean_v2/test/images/video19_1428__47763bb7c752b6ec.jpg,DetectDataset_clean_v2_motion_blur/strong/images/video19_1428__47763bb7c752b6ec.png,640,640,11,11,0,47763bb7c752b6ec45ddba05bdf149dff3d8d6d0711114a29044e3d669658a97,390996ff5c6f727cf10a78726f7ce46892e975f877a4f060ca37501f1b2299e8
strong,DetectDataset_clean_v2/test/images/video19_1772__b6db2f779ec01b77.jpg,DetectDataset_clean_v2_motion_blur/strong/images/video19_1772__b6db2f779ec01b77.png,640,640,11,11,0,b6db2f779ec01b779b5e0c6fe0df4e94f5c622c571260e8d3026444a2f10af57,4b422942ae980122347995b75b432347589c13b2d701ae6f6a82446b22a25536
strong,DetectDataset_clean_v2/test/images/video19_1773__307a1e0d05dbf313.jpg,DetectDataset_clean_v2_motion_blur/strong/images/video19_1773__307a1e0d05dbf313.png,640,640,11,11,90,307a1e0d05dbf313dbd85d4f4da6aa481119308aaad4605f27eceae6c66fcf96,bfe2dcbcdeadf57b0fc34ac0ca4e1e4e1da6bb39a26962d50e23d9ff2097ff8e
strong,DetectDataset_clean_v2/test/images/video19_1866__5e77d86a91bf3d4a.jpg,DetectDataset_clean_v2_motion_blur/strong/images/video19_1866__5e77d86a91bf3d4a.png,640,640,11,11,0,5e77d86a91bf3d4a713ad153fa4b297a5c35c0ec192f618a3059c0276aa72eae,7150d60c7d4523118960a348bd318a0a4f14c54f41f6edc2e214d83b58366127
strong,DetectDataset_clean_v2/test/images/video19_1872__752e24d6469e7ab0.jpg,DetectDataset_clean_v2_motion_blur/strong/images/video19_1872__752e24d6469e7ab0.png,640,640,11,11,45,752e24d6469e7ab013c6ce932f899a548a81b4bb07a6d12e52104d939fc69223,8db229225225f37824549288d0e5346e5aa8fcfe9ed12d7a1f5e3828ebe528fa
strong,DetectDataset_clean_v2/test/images/video19_1875__c6f234054c7548e9.jpg,DetectDataset_clean_v2_motion_blur/strong/images/video19_1875__c6f234054c7548e9.png,640,640,11,11,45,c6f234054c7548e937f40e5342ec68002b202e4bf12d1f2ff969ea6bd059dc9d,9da8545b5d76c34c2498cf013bdf1978114b408adec92c9c734ea3c4fde87b2b
strong,DetectDataset_clean_v2/test/images/video19_1876__0018b721b8336c85.jpg,DetectDataset_clean_v2_motion_blur/strong/images/video19_1876__0018b721b8336c85.png,640,640,11,11,90,0018b721b8336c85e60f75aafb64aa83bb01df7809f4c7e396f034891c166211,1fa3a472b92674bac9add5022519a3f59a133a6b0b7a50b3068103c82a284576
strong,DetectDataset_clean_v2/test/images/video19_1883__d80f9484d702c165.jpg,DetectDataset_clean_v2_motion_blur/strong/images/video19_1883__d80f9484d702c165.png,640,640,11,11,135,d80f9484d702c1659adfc854fe1cf13c239ab3f291642e409d40aee62f169d78,0abeb7ba03a2a43fab2c893c1203a08a6b29ac992be9fea6fbdc495799310ec3
strong,DetectDataset_clean_v2/test/images/video19_1899__d77405d99edfa530.jpg,DetectDataset_clean_v2_motion_blur/strong/images/video19_1899__d77405d99edfa530.png,640,640,11,11,135,d77405d99edfa530c1998f853b78ae5c252189f85ab7e5ff050d67b46371fcc1,047d721ba3fabf21a71a1e663c40bfb579c87b81abbf439deef17c77e2f22694
strong,DetectDataset_clean_v2/test/images/video19_1901__55aee32d5918aaf4.jpg,DetectDataset_clean_v2_motion_blur/strong/images/video19_1901__55aee32d5918aaf4.png,640,640,11,11,90,55aee32d5918aaf40a55a0930beecdb5024e84193f17900e0e1b2336ab4d5dfc,c89c1a4f1a8570d33a15f09f76a540d0e9543c8a5c632c7f1953b097ce230a65
strong,DetectDataset_clean_v2/test/images/video19_1902__d3ecead4b659a13b.jpg,DetectDataset_clean_v2_motion_blur/strong/images/video19_1902__d3ecead4b659a13b.png,640,640,11,11,0,d3ecead4b659a13b1081e1cbc08e543170939d4f289af2cf276c393dcec31121,19b1d864827b0404a71e0902241bd6371cfd9dd689c5fcdb3c010215b0b1fe2a
strong,DetectDataset_clean_v2/test/images/video19_1909__9c80eace2c9cb2da.jpg,DetectDataset_clean_v2_motion_blur/strong/images/video19_1909__9c80eace2c9cb2da.png,640,640,11,11,45,9c80eace2c9cb2daf7f46d8d243add2a778184fef1aab3c9473b0bedc7abb5fa,a741e474cf17479c4220ca51fa8c1426037626ce5aff9f150f8dff88a7717120
strong,DetectDataset_clean_v2/test/images/video19_1912__28b820afede5c837.jpg,DetectDataset_clean_v2_motion_blur/strong/images/video19_1912__28b820afede5c837.png,640,640,11,11,90,28b820afede5c837a9d98fb0a464e7dfde59016e19cb0b2d0685069c8862d791,5aba3f70823425a8e1a66043520818d57125577f24b1cc63400024ce16077f12
strong,DetectDataset_clean_v2/test/images/video19_2478__0eb2c561965f5931.jpg,DetectDataset_clean_v2_motion_blur/strong/images/video19_2478__0eb2c561965f5931.png,640,640,11,11,90,0eb2c561965f5931d2701c1255c30e1278999ab6a55d63ebddca4c7966f6d082,a6eef39a2d67782ea59941ada029242192f83a0ebec15e7ac0694cd5c6e94ca3
strong,DetectDataset_clean_v2/test/images/video19_2488__ccc5312cda3d563a.jpg,DetectDataset_clean_v2_motion_blur/strong/images/video19_2488__ccc5312cda3d563a.png,640,640,11,11,135,ccc5312cda3d563a91b515e7e0ef6d8fb8a4c250901d3124775ebf8421566b93,1dc116bb75ca231e81879fa80fcc83904d37b91cf47e93ccd9dfe82b66f35e03
strong,DetectDataset_clean_v2/test/images/video19_2491__ad382c920ee30336.jpg,DetectDataset_clean_v2_motion_blur/strong/images/video19_2491__ad382c920ee30336.png,640,640,11,11,135,ad382c920ee30336d1efda2c3f763527066d2186d5c80f0caff4864798bc81c9,db1113573a21f3841c5ee23f389925244d55e60dbfd26172fc19a700020025f7
strong,DetectDataset_clean_v2/test/images/video19_2499__85f8af8bb249b346.jpg,DetectDataset_clean_v2_motion_blur/strong/images/video19_2499__85f8af8bb249b346.png,640,640,11,11,90,85f8af8bb249b346a2c251b01204e0cce306bd2f38b0758969b0ee7f31b0940a,ff73561f53a992c79b83800e5b50173930b2e0b2ebbd598c2fab0eb2fff9be81
strong,DetectDataset_clean_v2/test/images/video19_2623__05182ae102d24ce4.jpg,DetectDataset_clean_v2_motion_blur/strong/images/video19_2623__05182ae102d24ce4.png,640,640,11,11,0,05182ae102d24ce4841b670d6fb7a52f00ff4b373e7e573341a4a2d15fcfc903,53a60d65cc3c07cedc819a83688e29adc399a8087ab33e21ce6901468fbed287
strong,DetectDataset_clean_v2/test/images/video19_2636__ec7b3adf77f1f9e2.jpg,DetectDataset_clean_v2_motion_blur/strong/images/video19_2636__ec7b3adf77f1f9e2.png,640,640,11,11,0,ec7b3adf77f1f9e25019f0542b56d0f974365ff2c1043a2454f9ac158f9fbf16,07ace904bc0252fdd36a4fb1dbc6ba65f7e7dc8c7efc1edcc836edd85c17069d
strong,DetectDataset_clean_v2/test/images/video19_2642__1136fd0125729096.jpg,DetectDataset_clean_v2_motion_blur/strong/images/video19_2642__1136fd0125729096.png,640,640,11,11,90,1136fd0125729096089a5df0e8926361f685944cc60a47610ab5907615339764,231a5160cf156efd6b3ffdc4545097461bde8933d9d9f1d4a28f399244db8984
strong,DetectDataset_clean_v2/test/images/video19_2949__c4d17f67666b86eb.jpg,DetectDataset_clean_v2_motion_blur/strong/images/video19_2949__c4d17f67666b86eb.png,640,640,11,11,0,c4d17f67666b86ebf75f1d547374993b882b0c289f974daba8e2ad5e8c080b2e,f8099ec22f688d87ec10fc8009aa596d13d9f4a4f407073d7dc9e1adeb3dba88
strong,DetectDataset_clean_v2/test/images/video19_906__3a73a74d47c30268.jpg,DetectDataset_clean_v2_motion_blur/strong/images/video19_906__3a73a74d47c30268.png,640,640,11,11,0,3a73a74d47c30268d0c5ce2e5a26b1e87693419ceb0337017c6ceb6afd123518,2cd5b80d17f150796fe2654aebebe7c8df0c573b17a5e8b12b425b0ae0b95d88
strong,DetectDataset_clean_v2/test/images/video19_927__4dfda6202105bfcf.jpg,DetectDataset_clean_v2_motion_blur/strong/images/video19_927__4dfda6202105bfcf.png,640,640,11,11,90,4dfda6202105bfcf5c12d4ce7347d6298deac8af55085b093fdd2625b82b9889,1d22e5960495344156c1272d03ccf28d233922556763987156430ade87b590e5
strong,DetectDataset_clean_v2/test/images/video19_938__b4572cf7564210cd.jpg,DetectDataset_clean_v2_motion_blur/strong/images/video19_938__b4572cf7564210cd.png,640,640,11,11,135,b4572cf7564210cd5778e49a522cf8253e3c4dbd1bca3f04afe86d3c51268d1f,f8d676eb766ecad5351797e7488096ec3c004118882f050b0ef6628022105621
strong,DetectDataset_clean_v2/test/images/video19_939__594def91de3a0c66.jpg,DetectDataset_clean_v2_motion_blur/strong/images/video19_939__594def91de3a0c66.png,640,640,11,11,45,594def91de3a0c663bc5c45851d8b0a851f8ba303c70db219af4c824406134e4,b7d7a9a60283af2fbf2ac15d213c2de3fd58ae05d71ceb6c89b2e668d5131e86
strong,DetectDataset_clean_v2/test/images/video414__33c5712d232c5aca.jpg,DetectDataset_clean_v2_motion_blur/strong/images/video414__33c5712d232c5aca.png,640,640,11,11,135,33c5712d232c5aca4e07053681825058afeaf4492fd7dd2762f6b8faf037621b,3db5d8b2c2eff7f7501b7e24cce1fa817b3a4decdf8fef636981a07406c0820a
strong,DetectDataset_clean_v2/test/images/video416__86d308a39b2c9824.jpg,DetectDataset_clean_v2_motion_blur/strong/images/video416__86d308a39b2c9824.png,640,640,11,11,90,86d308a39b2c9824ce049d55645719143e85764441d6fc5a8eec189f03776b44,260ded113af6b5d04d22d31ef34d502d1ce4b1a0f01dd73d2f138dab6789f9c2
strong,DetectDataset_clean_v2/test/images/video513__61af13db06a5ebd8.jpg,DetectDataset_clean_v2_motion_blur/strong/images/video513__61af13db06a5ebd8.png,640,640,11,11,135,61af13db06a5ebd8af8a04117c1ab9f3c7d4ffcc62b27a80c156b308de2e8e17,89c0ff39e894f583df989d2b98a6e1a2caa6fa8f387089b45e8ff8f86c9c6279
strong,DetectDataset_clean_v2/test/images/video535__f203902fdbed8097.jpg,DetectDataset_clean_v2_motion_blur/strong/images/video535__f203902fdbed8097.png,640,640,11,11,135,f203902fdbed8097ad97717b3298477fb9f3fca4901b72587043164c633035f1,69fe0e4757670b6a136b0de9d97d443ae2ca267c54104ac5f9392bd5733f20ed
